======== Resolving module 'react/jsx-runtime' from '/Users/sherrychang/Documents/viridis-extension/src/App.tsx'. ========
Explicitly specified module resolution kind: 'Bundler'.
Resolving in CJS mode with conditions 'import', 'types'.
File '/Users/sherrychang/Documents/viridis-extension/src/package.json' does not exist.
Found 'package.json' at '/Users/sherrychang/Documents/viridis-extension/package.json'.
Loading module 'react/jsx-runtime' from 'node_modules' folder, target file types: TypeScript, JavaScript, Declaration, JSON.
Searching all ancestor node_modules directories for preferred extensions: TypeScript, Declaration.
Directory '/Users/sherrychang/Documents/viridis-extension/src/node_modules' does not exist, skipping all lookups in it.
Found 'package.json' at '/Users/sherrychang/Documents/viridis-extension/node_modules/react/package.json'.
Using 'exports' subpath './jsx-runtime' with target './jsx-runtime.js'.
File name '/Users/sherrychang/Documents/viridis-extension/node_modules/react/jsx-runtime.js' has a '.js' extension - stripping it.
File '/Users/sherrychang/Documents/viridis-extension/node_modules/react/jsx-runtime.ts' does not exist.
File '/Users/sherrychang/Documents/viridis-extension/node_modules/react/jsx-runtime.tsx' does not exist.
File '/Users/sherrychang/Documents/viridis-extension/node_modules/react/jsx-runtime.d.ts' does not exist.
Export specifier './jsx-runtime' does not exist in package.json scope at path '/Users/sherrychang/Documents/viridis-extension/node_modules/react'.
Found 'package.json' at '/Users/sherrychang/Documents/viridis-extension/node_modules/@types/react/package.json'.
Entering conditional exports.
Saw non-matching condition 'types@<=5.0'.
Matched 'exports' condition 'types'.
Entering conditional exports.
Matched 'exports' condition 'default'.
Using 'exports' subpath './jsx-runtime' with target './jsx-runtime.d.ts'.
File '/Users/sherrychang/Documents/viridis-extension/node_modules/@types/react/jsx-runtime.d.ts' exists - use it as a name resolution result.
'package.json' does not have a 'peerDependencies' field.
Resolved under condition 'default'.
Exiting conditional exports.
Resolved under condition 'types'.
Exiting conditional exports.
Resolving real path for '/Users/sherrychang/Documents/viridis-extension/node_modules/@types/react/jsx-runtime.d.ts', result '/Users/sherrychang/Documents/viridis-extension/node_modules/@types/react/jsx-runtime.d.ts'.
======== Module name 'react/jsx-runtime' was successfully resolved to '/Users/sherrychang/Documents/viridis-extension/node_modules/@types/react/jsx-runtime.d.ts' with Package ID '@types/react/jsx-runtime.d.ts@18.3.11'. ========
File '/Users/sherrychang/Documents/viridis-extension/node_modules/@types/react/package.json' exists according to earlier cached lookups.
======== Resolving module './' from '/Users/sherrychang/Documents/viridis-extension/node_modules/@types/react/jsx-runtime.d.ts'. ========
Explicitly specified module resolution kind: 'Bundler'.
Resolving in CJS mode with conditions 'import', 'types'.
Loading module as file / folder, candidate module location '/Users/sherrychang/Documents/viridis-extension/node_modules/@types/react/', target file types: TypeScript, JavaScript, Declaration, JSON.
File '/Users/sherrychang/Documents/viridis-extension/node_modules/@types/react/package.json' exists according to earlier cached lookups.
'package.json' has a 'typesVersions' field with version-specific path mappings.
'package.json' does not have a 'typesVersions' entry that matches version '5.6'.
'package.json' does not have a 'typings' field.
'package.json' has 'types' field 'index.d.ts' that references '/Users/sherrychang/Documents/viridis-extension/node_modules/@types/react/index.d.ts'.
File '/Users/sherrychang/Documents/viridis-extension/node_modules/@types/react/index.d.ts' exists - use it as a name resolution result.
======== Module name './' was successfully resolved to '/Users/sherrychang/Documents/viridis-extension/node_modules/@types/react/index.d.ts' with Package ID '@types/react/ndex.d.ts@18.3.11'. ========
File '/Users/sherrychang/Documents/viridis-extension/node_modules/@types/react/package.json' exists according to earlier cached lookups.
File '/Users/sherrychang/Documents/viridis-extension/node_modules/@types/react/package.json' exists according to earlier cached lookups.
======== Resolving module 'csstype' from '/Users/sherrychang/Documents/viridis-extension/node_modules/@types/react/index.d.ts'. ========
Explicitly specified module resolution kind: 'Bundler'.
Resolving in CJS mode with conditions 'import', 'types'.
File '/Users/sherrychang/Documents/viridis-extension/node_modules/@types/react/package.json' exists according to earlier cached lookups.
Loading module 'csstype' from 'node_modules' folder, target file types: TypeScript, JavaScript, Declaration, JSON.
Searching all ancestor node_modules directories for preferred extensions: TypeScript, Declaration.
Directory '/Users/sherrychang/Documents/viridis-extension/node_modules/@types/react/node_modules' does not exist, skipping all lookups in it.
Directory '/Users/sherrychang/Documents/viridis-extension/node_modules/@types/node_modules' does not exist, skipping all lookups in it.
Found 'package.json' at '/Users/sherrychang/Documents/viridis-extension/node_modules/csstype/package.json'.
File '/Users/sherrychang/Documents/viridis-extension/node_modules/csstype.ts' does not exist.
File '/Users/sherrychang/Documents/viridis-extension/node_modules/csstype.tsx' does not exist.
File '/Users/sherrychang/Documents/viridis-extension/node_modules/csstype.d.ts' does not exist.
'package.json' does not have a 'typesVersions' field.
'package.json' does not have a 'typings' field.
'package.json' has 'types' field 'index.d.ts' that references '/Users/sherrychang/Documents/viridis-extension/node_modules/csstype/index.d.ts'.
File '/Users/sherrychang/Documents/viridis-extension/node_modules/csstype/index.d.ts' exists - use it as a name resolution result.
'package.json' does not have a 'peerDependencies' field.
Resolving real path for '/Users/sherrychang/Documents/viridis-extension/node_modules/csstype/index.d.ts', result '/Users/sherrychang/Documents/viridis-extension/node_modules/csstype/index.d.ts'.
======== Module name 'csstype' was successfully resolved to '/Users/sherrychang/Documents/viridis-extension/node_modules/csstype/index.d.ts' with Package ID 'csstype/index.d.ts@3.1.3'. ========
======== Resolving module 'prop-types' from '/Users/sherrychang/Documents/viridis-extension/node_modules/@types/react/index.d.ts'. ========
Explicitly specified module resolution kind: 'Bundler'.
Resolving in CJS mode with conditions 'import', 'types'.
File '/Users/sherrychang/Documents/viridis-extension/node_modules/@types/react/package.json' exists according to earlier cached lookups.
Loading module 'prop-types' from 'node_modules' folder, target file types: TypeScript, JavaScript, Declaration, JSON.
Searching all ancestor node_modules directories for preferred extensions: TypeScript, Declaration.
Directory '/Users/sherrychang/Documents/viridis-extension/node_modules/@types/react/node_modules' does not exist, skipping all lookups in it.
Directory '/Users/sherrychang/Documents/viridis-extension/node_modules/@types/node_modules' does not exist, skipping all lookups in it.
File '/Users/sherrychang/Documents/viridis-extension/node_modules/prop-types.ts' does not exist.
File '/Users/sherrychang/Documents/viridis-extension/node_modules/prop-types.tsx' does not exist.
File '/Users/sherrychang/Documents/viridis-extension/node_modules/prop-types.d.ts' does not exist.
Found 'package.json' at '/Users/sherrychang/Documents/viridis-extension/node_modules/@types/prop-types/package.json'.
File '/Users/sherrychang/Documents/viridis-extension/node_modules/@types/prop-types.d.ts' does not exist.
'package.json' does not have a 'typesVersions' field.
'package.json' does not have a 'typings' field.
'package.json' has 'types' field 'index.d.ts' that references '/Users/sherrychang/Documents/viridis-extension/node_modules/@types/prop-types/index.d.ts'.
File '/Users/sherrychang/Documents/viridis-extension/node_modules/@types/prop-types/index.d.ts' exists - use it as a name resolution result.
'package.json' does not have a 'peerDependencies' field.
Resolving real path for '/Users/sherrychang/Documents/viridis-extension/node_modules/@types/prop-types/index.d.ts', result '/Users/sherrychang/Documents/viridis-extension/node_modules/@types/prop-types/index.d.ts'.
======== Module name 'prop-types' was successfully resolved to '/Users/sherrychang/Documents/viridis-extension/node_modules/@types/prop-types/index.d.ts' with Package ID '@types/prop-types/index.d.ts@15.7.13'. ========
File '/Users/sherrychang/Documents/viridis-extension/node_modules/csstype/package.json' exists according to earlier cached lookups.
File '/Users/sherrychang/Documents/viridis-extension/node_modules/@types/prop-types/package.json' exists according to earlier cached lookups.
======== Resolving module 'react/jsx-runtime' from '/Users/sherrychang/Documents/viridis-extension/src/main.tsx'. ========
Resolution for module 'react/jsx-runtime' was found in cache from location '/Users/sherrychang/Documents/viridis-extension/src'.
======== Module name 'react/jsx-runtime' was successfully resolved to '/Users/sherrychang/Documents/viridis-extension/node_modules/@types/react/jsx-runtime.d.ts' with Package ID '@types/react/jsx-runtime.d.ts@18.3.11'. ========
======== Resolving module 'react' from '/Users/sherrychang/Documents/viridis-extension/src/main.tsx'. ========
Explicitly specified module resolution kind: 'Bundler'.
Resolving in CJS mode with conditions 'import', 'types'.
File '/Users/sherrychang/Documents/viridis-extension/src/package.json' does not exist according to earlier cached lookups.
File '/Users/sherrychang/Documents/viridis-extension/package.json' exists according to earlier cached lookups.
Loading module 'react' from 'node_modules' folder, target file types: TypeScript, JavaScript, Declaration, JSON.
Searching all ancestor node_modules directories for preferred extensions: TypeScript, Declaration.
Directory '/Users/sherrychang/Documents/viridis-extension/src/node_modules' does not exist, skipping all lookups in it.
File '/Users/sherrychang/Documents/viridis-extension/node_modules/react/package.json' exists according to earlier cached lookups.
Entering conditional exports.
Saw non-matching condition 'react-server'.
Matched 'exports' condition 'default'.
Using 'exports' subpath '.' with target './index.js'.
File name '/Users/sherrychang/Documents/viridis-extension/node_modules/react/index.js' has a '.js' extension - stripping it.
File '/Users/sherrychang/Documents/viridis-extension/node_modules/react/index.ts' does not exist.
File '/Users/sherrychang/Documents/viridis-extension/node_modules/react/index.tsx' does not exist.
File '/Users/sherrychang/Documents/viridis-extension/node_modules/react/index.d.ts' does not exist.
Failed to resolve under condition 'default'.
Exiting conditional exports.
File '/Users/sherrychang/Documents/viridis-extension/node_modules/@types/react/package.json' exists according to earlier cached lookups.
Entering conditional exports.
Saw non-matching condition 'types@<=5.0'.
Matched 'exports' condition 'types'.
Entering conditional exports.
Matched 'exports' condition 'default'.
Using 'exports' subpath '.' with target './index.d.ts'.
File '/Users/sherrychang/Documents/viridis-extension/node_modules/@types/react/index.d.ts' exists - use it as a name resolution result.
Resolved under condition 'default'.
Exiting conditional exports.
Resolved under condition 'types'.
Exiting conditional exports.
Resolving real path for '/Users/sherrychang/Documents/viridis-extension/node_modules/@types/react/index.d.ts', result '/Users/sherrychang/Documents/viridis-extension/node_modules/@types/react/index.d.ts'.
======== Module name 'react' was successfully resolved to '/Users/sherrychang/Documents/viridis-extension/node_modules/@types/react/index.d.ts' with Package ID '@types/react/index.d.ts@18.3.11'. ========
======== Resolving module 'react-dom/client' from '/Users/sherrychang/Documents/viridis-extension/src/main.tsx'. ========
Explicitly specified module resolution kind: 'Bundler'.
Resolving in CJS mode with conditions 'import', 'types'.
File '/Users/sherrychang/Documents/viridis-extension/src/package.json' does not exist according to earlier cached lookups.
File '/Users/sherrychang/Documents/viridis-extension/package.json' exists according to earlier cached lookups.
Loading module 'react-dom/client' from 'node_modules' folder, target file types: TypeScript, JavaScript, Declaration, JSON.
Searching all ancestor node_modules directories for preferred extensions: TypeScript, Declaration.
Directory '/Users/sherrychang/Documents/viridis-extension/src/node_modules' does not exist, skipping all lookups in it.
Found 'package.json' at '/Users/sherrychang/Documents/viridis-extension/node_modules/react-dom/package.json'.
Using 'exports' subpath './client' with target './client.js'.
File name '/Users/sherrychang/Documents/viridis-extension/node_modules/react-dom/client.js' has a '.js' extension - stripping it.
File '/Users/sherrychang/Documents/viridis-extension/node_modules/react-dom/client.ts' does not exist.
File '/Users/sherrychang/Documents/viridis-extension/node_modules/react-dom/client.tsx' does not exist.
File '/Users/sherrychang/Documents/viridis-extension/node_modules/react-dom/client.d.ts' does not exist.
Export specifier './client' does not exist in package.json scope at path '/Users/sherrychang/Documents/viridis-extension/node_modules/react-dom'.
Found 'package.json' at '/Users/sherrychang/Documents/viridis-extension/node_modules/@types/react-dom/package.json'.
Entering conditional exports.
Matched 'exports' condition 'types'.
Entering conditional exports.
Matched 'exports' condition 'default'.
Using 'exports' subpath './client' with target './client.d.ts'.
File '/Users/sherrychang/Documents/viridis-extension/node_modules/@types/react-dom/client.d.ts' exists - use it as a name resolution result.
'package.json' does not have a 'peerDependencies' field.
Resolved under condition 'default'.
Exiting conditional exports.
Resolved under condition 'types'.
Exiting conditional exports.
Resolving real path for '/Users/sherrychang/Documents/viridis-extension/node_modules/@types/react-dom/client.d.ts', result '/Users/sherrychang/Documents/viridis-extension/node_modules/@types/react-dom/client.d.ts'.
======== Module name 'react-dom/client' was successfully resolved to '/Users/sherrychang/Documents/viridis-extension/node_modules/@types/react-dom/client.d.ts' with Package ID '@types/react-dom/client.d.ts@18.3.0'. ========
======== Resolving module './App.tsx' from '/Users/sherrychang/Documents/viridis-extension/src/main.tsx'. ========
Explicitly specified module resolution kind: 'Bundler'.
Resolving in CJS mode with conditions 'import', 'types'.
Loading module as file / folder, candidate module location '/Users/sherrychang/Documents/viridis-extension/src/App.tsx', target file types: TypeScript, JavaScript, Declaration, JSON.
File name '/Users/sherrychang/Documents/viridis-extension/src/App.tsx' has a '.tsx' extension - stripping it.
File '/Users/sherrychang/Documents/viridis-extension/src/App.tsx' exists - use it as a name resolution result.
======== Module name './App.tsx' was successfully resolved to '/Users/sherrychang/Documents/viridis-extension/src/App.tsx'. ========
======== Resolving module './index.css' from '/Users/sherrychang/Documents/viridis-extension/src/main.tsx'. ========
Explicitly specified module resolution kind: 'Bundler'.
Resolving in CJS mode with conditions 'import', 'types'.
Loading module as file / folder, candidate module location '/Users/sherrychang/Documents/viridis-extension/src/index.css', target file types: TypeScript, JavaScript, Declaration, JSON.
File name '/Users/sherrychang/Documents/viridis-extension/src/index.css' has a '.css' extension - stripping it.
File '/Users/sherrychang/Documents/viridis-extension/src/index.d.css.ts' does not exist.
File '/Users/sherrychang/Documents/viridis-extension/src/index.css.ts' does not exist.
File '/Users/sherrychang/Documents/viridis-extension/src/index.css.tsx' does not exist.
File '/Users/sherrychang/Documents/viridis-extension/src/index.css.d.ts' does not exist.
File '/Users/sherrychang/Documents/viridis-extension/src/index.css.js' does not exist.
File '/Users/sherrychang/Documents/viridis-extension/src/index.css.jsx' does not exist.
Directory '/Users/sherrychang/Documents/viridis-extension/src/index.css' does not exist, skipping all lookups in it.
======== Module name './index.css' was not resolved. ========
File '/Users/sherrychang/Documents/viridis-extension/node_modules/@types/react-dom/package.json' exists according to earlier cached lookups.
======== Resolving module 'react' from '/Users/sherrychang/Documents/viridis-extension/node_modules/@types/react-dom/client.d.ts'. ========
Explicitly specified module resolution kind: 'Bundler'.
Resolving in CJS mode with conditions 'require', 'types'.
File '/Users/sherrychang/Documents/viridis-extension/node_modules/@types/react-dom/package.json' exists according to earlier cached lookups.
Loading module 'react' from 'node_modules' folder, target file types: TypeScript, JavaScript, Declaration, JSON.
Searching all ancestor node_modules directories for preferred extensions: TypeScript, Declaration.
Directory '/Users/sherrychang/Documents/viridis-extension/node_modules/@types/react-dom/node_modules' does not exist, skipping all lookups in it.
Directory '/Users/sherrychang/Documents/viridis-extension/node_modules/@types/node_modules' does not exist, skipping all lookups in it.
File '/Users/sherrychang/Documents/viridis-extension/node_modules/react/package.json' exists according to earlier cached lookups.
Entering conditional exports.
Saw non-matching condition 'react-server'.
Matched 'exports' condition 'default'.
Using 'exports' subpath '.' with target './index.js'.
File name '/Users/sherrychang/Documents/viridis-extension/node_modules/react/index.js' has a '.js' extension - stripping it.
File '/Users/sherrychang/Documents/viridis-extension/node_modules/react/index.ts' does not exist.
File '/Users/sherrychang/Documents/viridis-extension/node_modules/react/index.tsx' does not exist.
File '/Users/sherrychang/Documents/viridis-extension/node_modules/react/index.d.ts' does not exist.
Failed to resolve under condition 'default'.
Exiting conditional exports.
File '/Users/sherrychang/Documents/viridis-extension/node_modules/@types/react/package.json' exists according to earlier cached lookups.
Entering conditional exports.
Saw non-matching condition 'types@<=5.0'.
Matched 'exports' condition 'types'.
Entering conditional exports.
Matched 'exports' condition 'default'.
Using 'exports' subpath '.' with target './index.d.ts'.
File '/Users/sherrychang/Documents/viridis-extension/node_modules/@types/react/index.d.ts' exists - use it as a name resolution result.
Resolved under condition 'default'.
Exiting conditional exports.
Resolved under condition 'types'.
Exiting conditional exports.
Resolving real path for '/Users/sherrychang/Documents/viridis-extension/node_modules/@types/react/index.d.ts', result '/Users/sherrychang/Documents/viridis-extension/node_modules/@types/react/index.d.ts'.
======== Module name 'react' was successfully resolved to '/Users/sherrychang/Documents/viridis-extension/node_modules/@types/react/index.d.ts' with Package ID '@types/react/index.d.ts@18.3.11'. ========
======== Resolving type reference directive 'vite/client', containing file '/Users/sherrychang/Documents/viridis-extension/src/vite-env.d.ts', root directory '/Users/sherrychang/Documents/viridis-extension/node_modules/@types,/Users/sherrychang/Documents/node_modules/@types,/Users/sherrychang/node_modules/@types,/Users/node_modules/@types,/node_modules/@types'. ========
Resolving with primary search path '/Users/sherrychang/Documents/viridis-extension/node_modules/@types, /Users/sherrychang/Documents/node_modules/@types, /Users/sherrychang/node_modules/@types, /Users/node_modules/@types, /node_modules/@types'.
Directory '/Users/sherrychang/Documents/node_modules/@types' does not exist, skipping all lookups in it.
Directory '/Users/node_modules/@types' does not exist, skipping all lookups in it.
Directory '/node_modules/@types' does not exist, skipping all lookups in it.
Looking up in 'node_modules' folder, initial location '/Users/sherrychang/Documents/viridis-extension/src'.
Searching all ancestor node_modules directories for preferred extensions: Declaration.
Directory '/Users/sherrychang/Documents/viridis-extension/src/node_modules' does not exist, skipping all lookups in it.
Found 'package.json' at '/Users/sherrychang/Documents/viridis-extension/node_modules/vite/package.json'.
Entering conditional exports.
Matched 'exports' condition 'types'.
Using 'exports' subpath './client' with target './client.d.ts'.
File '/Users/sherrychang/Documents/viridis-extension/node_modules/vite/client.d.ts' exists - use it as a name resolution result.
'package.json' has a 'peerDependencies' field.
Resolving real path for '/Users/sherrychang/Documents/viridis-extension/node_modules/vite', result '/Users/sherrychang/Documents/viridis-extension/node_modules/vite'.
Failed to find peerDependency '@types/node'.
Failed to find peerDependency 'less'.
Failed to find peerDependency 'lightningcss'.
Failed to find peerDependency 'sass'.
Failed to find peerDependency 'sass-embedded'.
Failed to find peerDependency 'stylus'.
Failed to find peerDependency 'sugarss'.
Failed to find peerDependency 'terser'.
Resolved under condition 'types'.
Exiting conditional exports.
Resolving real path for '/Users/sherrychang/Documents/viridis-extension/node_modules/vite/client.d.ts', result '/Users/sherrychang/Documents/viridis-extension/node_modules/vite/client.d.ts'.
======== Type reference directive 'vite/client' was successfully resolved to '/Users/sherrychang/Documents/viridis-extension/node_modules/vite/client.d.ts' with Package ID 'vite/client.d.ts@5.4.8', primary: false. ========
File '/Users/sherrychang/Documents/viridis-extension/node_modules/vite/package.json' exists according to earlier cached lookups.
Found 'package.json' at '/Users/sherrychang/Documents/viridis-extension/node_modules/vite/types/package.json'.
======== Resolving module './hot' from '/Users/sherrychang/Documents/viridis-extension/node_modules/vite/types/importMeta.d.ts'. ========
Explicitly specified module resolution kind: 'Bundler'.
Resolving in CJS mode with conditions 'import', 'types'.
Loading module as file / folder, candidate module location '/Users/sherrychang/Documents/viridis-extension/node_modules/vite/types/hot', target file types: TypeScript, JavaScript, Declaration, JSON.
File '/Users/sherrychang/Documents/viridis-extension/node_modules/vite/types/hot.ts' does not exist.
File '/Users/sherrychang/Documents/viridis-extension/node_modules/vite/types/hot.tsx' does not exist.
File '/Users/sherrychang/Documents/viridis-extension/node_modules/vite/types/hot.d.ts' exists - use it as a name resolution result.
File '/Users/sherrychang/Documents/viridis-extension/node_modules/vite/package.json' exists according to earlier cached lookups.
======== Module name './hot' was successfully resolved to '/Users/sherrychang/Documents/viridis-extension/node_modules/vite/types/hot.d.ts' with Package ID 'vite/types/hot.d.ts@5.4.8'. ========
======== Resolving module './importGlob' from '/Users/sherrychang/Documents/viridis-extension/node_modules/vite/types/importMeta.d.ts'. ========
Explicitly specified module resolution kind: 'Bundler'.
Resolving in CJS mode with conditions 'import', 'types'.
Loading module as file / folder, candidate module location '/Users/sherrychang/Documents/viridis-extension/node_modules/vite/types/importGlob', target file types: TypeScript, JavaScript, Declaration, JSON.
File '/Users/sherrychang/Documents/viridis-extension/node_modules/vite/types/importGlob.ts' does not exist.
File '/Users/sherrychang/Documents/viridis-extension/node_modules/vite/types/importGlob.tsx' does not exist.
File '/Users/sherrychang/Documents/viridis-extension/node_modules/vite/types/importGlob.d.ts' exists - use it as a name resolution result.
File '/Users/sherrychang/Documents/viridis-extension/node_modules/vite/package.json' exists according to earlier cached lookups.
======== Module name './importGlob' was successfully resolved to '/Users/sherrychang/Documents/viridis-extension/node_modules/vite/types/importGlob.d.ts' with Package ID 'vite/types/importGlob.d.ts@5.4.8'. ========
File '/Users/sherrychang/Documents/viridis-extension/node_modules/vite/types/package.json' exists according to earlier cached lookups.
======== Resolving module './customEvent' from '/Users/sherrychang/Documents/viridis-extension/node_modules/vite/types/hot.d.ts'. ========
Explicitly specified module resolution kind: 'Bundler'.
Resolving in CJS mode with conditions 'import', 'types'.
Loading module as file / folder, candidate module location '/Users/sherrychang/Documents/viridis-extension/node_modules/vite/types/customEvent', target file types: TypeScript, JavaScript, Declaration, JSON.
File '/Users/sherrychang/Documents/viridis-extension/node_modules/vite/types/customEvent.ts' does not exist.
File '/Users/sherrychang/Documents/viridis-extension/node_modules/vite/types/customEvent.tsx' does not exist.
File '/Users/sherrychang/Documents/viridis-extension/node_modules/vite/types/customEvent.d.ts' exists - use it as a name resolution result.
File '/Users/sherrychang/Documents/viridis-extension/node_modules/vite/package.json' exists according to earlier cached lookups.
======== Module name './customEvent' was successfully resolved to '/Users/sherrychang/Documents/viridis-extension/node_modules/vite/types/customEvent.d.ts' with Package ID 'vite/types/customEvent.d.ts@5.4.8'. ========
File '/Users/sherrychang/Documents/viridis-extension/node_modules/vite/types/package.json' exists according to earlier cached lookups.
======== Resolving module './hmrPayload' from '/Users/sherrychang/Documents/viridis-extension/node_modules/vite/types/customEvent.d.ts'. ========
Explicitly specified module resolution kind: 'Bundler'.
Resolving in CJS mode with conditions 'import', 'types'.
Loading module as file / folder, candidate module location '/Users/sherrychang/Documents/viridis-extension/node_modules/vite/types/hmrPayload', target file types: TypeScript, JavaScript, Declaration, JSON.
File '/Users/sherrychang/Documents/viridis-extension/node_modules/vite/types/hmrPayload.ts' does not exist.
File '/Users/sherrychang/Documents/viridis-extension/node_modules/vite/types/hmrPayload.tsx' does not exist.
File '/Users/sherrychang/Documents/viridis-extension/node_modules/vite/types/hmrPayload.d.ts' exists - use it as a name resolution result.
File '/Users/sherrychang/Documents/viridis-extension/node_modules/vite/package.json' exists according to earlier cached lookups.
======== Module name './hmrPayload' was successfully resolved to '/Users/sherrychang/Documents/viridis-extension/node_modules/vite/types/hmrPayload.d.ts' with Package ID 'vite/types/hmrPayload.d.ts@5.4.8'. ========
File '/Users/sherrychang/Documents/viridis-extension/node_modules/vite/types/package.json' exists according to earlier cached lookups.
File '/Users/sherrychang/Documents/viridis-extension/node_modules/vite/types/package.json' exists according to earlier cached lookups.
======== Resolving module 'react/jsx-runtime' from '/Users/sherrychang/Documents/viridis-extension/src/background/serviceWorker.ts'. ========
Explicitly specified module resolution kind: 'Bundler'.
Resolving in CJS mode with conditions 'import', 'types'.
File '/Users/sherrychang/Documents/viridis-extension/src/background/package.json' does not exist.
File '/Users/sherrychang/Documents/viridis-extension/src/package.json' does not exist according to earlier cached lookups.
File '/Users/sherrychang/Documents/viridis-extension/package.json' exists according to earlier cached lookups.
Loading module 'react/jsx-runtime' from 'node_modules' folder, target file types: TypeScript, JavaScript, Declaration, JSON.
Searching all ancestor node_modules directories for preferred extensions: TypeScript, Declaration.
Directory '/Users/sherrychang/Documents/viridis-extension/src/background/node_modules' does not exist, skipping all lookups in it.
Directory '/Users/sherrychang/Documents/viridis-extension/src/node_modules' does not exist, skipping all lookups in it.
File '/Users/sherrychang/Documents/viridis-extension/node_modules/react/package.json' exists according to earlier cached lookups.
Using 'exports' subpath './jsx-runtime' with target './jsx-runtime.js'.
File name '/Users/sherrychang/Documents/viridis-extension/node_modules/react/jsx-runtime.js' has a '.js' extension - stripping it.
File '/Users/sherrychang/Documents/viridis-extension/node_modules/react/jsx-runtime.ts' does not exist.
File '/Users/sherrychang/Documents/viridis-extension/node_modules/react/jsx-runtime.tsx' does not exist.
File '/Users/sherrychang/Documents/viridis-extension/node_modules/react/jsx-runtime.d.ts' does not exist.
Export specifier './jsx-runtime' does not exist in package.json scope at path '/Users/sherrychang/Documents/viridis-extension/node_modules/react'.
File '/Users/sherrychang/Documents/viridis-extension/node_modules/@types/react/package.json' exists according to earlier cached lookups.
Entering conditional exports.
Saw non-matching condition 'types@<=5.0'.
Matched 'exports' condition 'types'.
Entering conditional exports.
Matched 'exports' condition 'default'.
Using 'exports' subpath './jsx-runtime' with target './jsx-runtime.d.ts'.
File '/Users/sherrychang/Documents/viridis-extension/node_modules/@types/react/jsx-runtime.d.ts' exists - use it as a name resolution result.
Resolved under condition 'default'.
Exiting conditional exports.
Resolved under condition 'types'.
Exiting conditional exports.
Resolving real path for '/Users/sherrychang/Documents/viridis-extension/node_modules/@types/react/jsx-runtime.d.ts', result '/Users/sherrychang/Documents/viridis-extension/node_modules/@types/react/jsx-runtime.d.ts'.
======== Module name 'react/jsx-runtime' was successfully resolved to '/Users/sherrychang/Documents/viridis-extension/node_modules/@types/react/jsx-runtime.d.ts' with Package ID '@types/react/jsx-runtime.d.ts@18.3.11'. ========
======== Resolving module 'react/jsx-runtime' from '/Users/sherrychang/Documents/viridis-extension/src/content/contentScript.ts'. ========
Explicitly specified module resolution kind: 'Bundler'.
Resolving in CJS mode with conditions 'import', 'types'.
File '/Users/sherrychang/Documents/viridis-extension/src/content/package.json' does not exist.
File '/Users/sherrychang/Documents/viridis-extension/src/package.json' does not exist according to earlier cached lookups.
File '/Users/sherrychang/Documents/viridis-extension/package.json' exists according to earlier cached lookups.
Loading module 'react/jsx-runtime' from 'node_modules' folder, target file types: TypeScript, JavaScript, Declaration, JSON.
Searching all ancestor node_modules directories for preferred extensions: TypeScript, Declaration.
Directory '/Users/sherrychang/Documents/viridis-extension/src/content/node_modules' does not exist, skipping all lookups in it.
Directory '/Users/sherrychang/Documents/viridis-extension/src/node_modules' does not exist, skipping all lookups in it.
File '/Users/sherrychang/Documents/viridis-extension/node_modules/react/package.json' exists according to earlier cached lookups.
Using 'exports' subpath './jsx-runtime' with target './jsx-runtime.js'.
File name '/Users/sherrychang/Documents/viridis-extension/node_modules/react/jsx-runtime.js' has a '.js' extension - stripping it.
File '/Users/sherrychang/Documents/viridis-extension/node_modules/react/jsx-runtime.ts' does not exist.
File '/Users/sherrychang/Documents/viridis-extension/node_modules/react/jsx-runtime.tsx' does not exist.
File '/Users/sherrychang/Documents/viridis-extension/node_modules/react/jsx-runtime.d.ts' does not exist.
Export specifier './jsx-runtime' does not exist in package.json scope at path '/Users/sherrychang/Documents/viridis-extension/node_modules/react'.
File '/Users/sherrychang/Documents/viridis-extension/node_modules/@types/react/package.json' exists according to earlier cached lookups.
Entering conditional exports.
Saw non-matching condition 'types@<=5.0'.
Matched 'exports' condition 'types'.
Entering conditional exports.
Matched 'exports' condition 'default'.
Using 'exports' subpath './jsx-runtime' with target './jsx-runtime.d.ts'.
File '/Users/sherrychang/Documents/viridis-extension/node_modules/@types/react/jsx-runtime.d.ts' exists - use it as a name resolution result.
Resolved under condition 'default'.
Exiting conditional exports.
Resolved under condition 'types'.
Exiting conditional exports.
Resolving real path for '/Users/sherrychang/Documents/viridis-extension/node_modules/@types/react/jsx-runtime.d.ts', result '/Users/sherrychang/Documents/viridis-extension/node_modules/@types/react/jsx-runtime.d.ts'.
======== Module name 'react/jsx-runtime' was successfully resolved to '/Users/sherrychang/Documents/viridis-extension/node_modules/@types/react/jsx-runtime.d.ts' with Package ID '@types/react/jsx-runtime.d.ts@18.3.11'. ========
======== Resolving module 'react/jsx-runtime' from '/Users/sherrychang/Documents/viridis-extension/src/popup/App.tsx'. ========
Explicitly specified module resolution kind: 'Bundler'.
Resolving in CJS mode with conditions 'import', 'types'.
File '/Users/sherrychang/Documents/viridis-extension/src/popup/package.json' does not exist.
File '/Users/sherrychang/Documents/viridis-extension/src/package.json' does not exist according to earlier cached lookups.
File '/Users/sherrychang/Documents/viridis-extension/package.json' exists according to earlier cached lookups.
Loading module 'react/jsx-runtime' from 'node_modules' folder, target file types: TypeScript, JavaScript, Declaration, JSON.
Searching all ancestor node_modules directories for preferred extensions: TypeScript, Declaration.
Directory '/Users/sherrychang/Documents/viridis-extension/src/popup/node_modules' does not exist, skipping all lookups in it.
Directory '/Users/sherrychang/Documents/viridis-extension/src/node_modules' does not exist, skipping all lookups in it.
File '/Users/sherrychang/Documents/viridis-extension/node_modules/react/package.json' exists according to earlier cached lookups.
Using 'exports' subpath './jsx-runtime' with target './jsx-runtime.js'.
File name '/Users/sherrychang/Documents/viridis-extension/node_modules/react/jsx-runtime.js' has a '.js' extension - stripping it.
File '/Users/sherrychang/Documents/viridis-extension/node_modules/react/jsx-runtime.ts' does not exist.
File '/Users/sherrychang/Documents/viridis-extension/node_modules/react/jsx-runtime.tsx' does not exist.
File '/Users/sherrychang/Documents/viridis-extension/node_modules/react/jsx-runtime.d.ts' does not exist.
Export specifier './jsx-runtime' does not exist in package.json scope at path '/Users/sherrychang/Documents/viridis-extension/node_modules/react'.
File '/Users/sherrychang/Documents/viridis-extension/node_modules/@types/react/package.json' exists according to earlier cached lookups.
Entering conditional exports.
Saw non-matching condition 'types@<=5.0'.
Matched 'exports' condition 'types'.
Entering conditional exports.
Matched 'exports' condition 'default'.
Using 'exports' subpath './jsx-runtime' with target './jsx-runtime.d.ts'.
File '/Users/sherrychang/Documents/viridis-extension/node_modules/@types/react/jsx-runtime.d.ts' exists - use it as a name resolution result.
Resolved under condition 'default'.
Exiting conditional exports.
Resolved under condition 'types'.
Exiting conditional exports.
Resolving real path for '/Users/sherrychang/Documents/viridis-extension/node_modules/@types/react/jsx-runtime.d.ts', result '/Users/sherrychang/Documents/viridis-extension/node_modules/@types/react/jsx-runtime.d.ts'.
======== Module name 'react/jsx-runtime' was successfully resolved to '/Users/sherrychang/Documents/viridis-extension/node_modules/@types/react/jsx-runtime.d.ts' with Package ID '@types/react/jsx-runtime.d.ts@18.3.11'. ========
======== Resolving module 'react' from '/Users/sherrychang/Documents/viridis-extension/src/popup/App.tsx'. ========
Explicitly specified module resolution kind: 'Bundler'.
Resolving in CJS mode with conditions 'import', 'types'.
File '/Users/sherrychang/Documents/viridis-extension/src/popup/package.json' does not exist according to earlier cached lookups.
File '/Users/sherrychang/Documents/viridis-extension/src/package.json' does not exist according to earlier cached lookups.
File '/Users/sherrychang/Documents/viridis-extension/package.json' exists according to earlier cached lookups.
Loading module 'react' from 'node_modules' folder, target file types: TypeScript, JavaScript, Declaration, JSON.
Searching all ancestor node_modules directories for preferred extensions: TypeScript, Declaration.
Directory '/Users/sherrychang/Documents/viridis-extension/src/popup/node_modules' does not exist, skipping all lookups in it.
Directory '/Users/sherrychang/Documents/viridis-extension/src/node_modules' does not exist, skipping all lookups in it.
File '/Users/sherrychang/Documents/viridis-extension/node_modules/react/package.json' exists according to earlier cached lookups.
Entering conditional exports.
Saw non-matching condition 'react-server'.
Matched 'exports' condition 'default'.
Using 'exports' subpath '.' with target './index.js'.
File name '/Users/sherrychang/Documents/viridis-extension/node_modules/react/index.js' has a '.js' extension - stripping it.
File '/Users/sherrychang/Documents/viridis-extension/node_modules/react/index.ts' does not exist.
File '/Users/sherrychang/Documents/viridis-extension/node_modules/react/index.tsx' does not exist.
File '/Users/sherrychang/Documents/viridis-extension/node_modules/react/index.d.ts' does not exist.
Failed to resolve under condition 'default'.
Exiting conditional exports.
File '/Users/sherrychang/Documents/viridis-extension/node_modules/@types/react/package.json' exists according to earlier cached lookups.
Entering conditional exports.
Saw non-matching condition 'types@<=5.0'.
Matched 'exports' condition 'types'.
Entering conditional exports.
Matched 'exports' condition 'default'.
Using 'exports' subpath '.' with target './index.d.ts'.
File '/Users/sherrychang/Documents/viridis-extension/node_modules/@types/react/index.d.ts' exists - use it as a name resolution result.
Resolved under condition 'default'.
Exiting conditional exports.
Resolved under condition 'types'.
Exiting conditional exports.
Resolving real path for '/Users/sherrychang/Documents/viridis-extension/node_modules/@types/react/index.d.ts', result '/Users/sherrychang/Documents/viridis-extension/node_modules/@types/react/index.d.ts'.
======== Module name 'react' was successfully resolved to '/Users/sherrychang/Documents/viridis-extension/node_modules/@types/react/index.d.ts' with Package ID '@types/react/index.d.ts@18.3.11'. ========
======== Resolving module 'lucide-react' from '/Users/sherrychang/Documents/viridis-extension/src/popup/App.tsx'. ========
Explicitly specified module resolution kind: 'Bundler'.
Resolving in CJS mode with conditions 'import', 'types'.
File '/Users/sherrychang/Documents/viridis-extension/src/popup/package.json' does not exist according to earlier cached lookups.
File '/Users/sherrychang/Documents/viridis-extension/src/package.json' does not exist according to earlier cached lookups.
File '/Users/sherrychang/Documents/viridis-extension/package.json' exists according to earlier cached lookups.
Loading module 'lucide-react' from 'node_modules' folder, target file types: TypeScript, JavaScript, Declaration, JSON.
Searching all ancestor node_modules directories for preferred extensions: TypeScript, Declaration.
Directory '/Users/sherrychang/Documents/viridis-extension/src/popup/node_modules' does not exist, skipping all lookups in it.
Directory '/Users/sherrychang/Documents/viridis-extension/src/node_modules' does not exist, skipping all lookups in it.
Found 'package.json' at '/Users/sherrychang/Documents/viridis-extension/node_modules/lucide-react/package.json'.
File '/Users/sherrychang/Documents/viridis-extension/node_modules/lucide-react.ts' does not exist.
File '/Users/sherrychang/Documents/viridis-extension/node_modules/lucide-react.tsx' does not exist.
File '/Users/sherrychang/Documents/viridis-extension/node_modules/lucide-react.d.ts' does not exist.
'package.json' does not have a 'typesVersions' field.
'package.json' has 'typings' field 'dist/lucide-react.d.ts' that references '/Users/sherrychang/Documents/viridis-extension/node_modules/lucide-react/dist/lucide-react.d.ts'.
File '/Users/sherrychang/Documents/viridis-extension/node_modules/lucide-react/dist/lucide-react.d.ts' exists - use it as a name resolution result.
'package.json' has a 'peerDependencies' field.
Resolving real path for '/Users/sherrychang/Documents/viridis-extension/node_modules/lucide-react', result '/Users/sherrychang/Documents/viridis-extension/node_modules/lucide-react'.
File '/Users/sherrychang/Documents/viridis-extension/node_modules/react/package.json' exists according to earlier cached lookups.
Found peerDependency 'react' with '18.3.1' version.
Resolving real path for '/Users/sherrychang/Documents/viridis-extension/node_modules/lucide-react/dist/lucide-react.d.ts', result '/Users/sherrychang/Documents/viridis-extension/node_modules/lucide-react/dist/lucide-react.d.ts'.
======== Module name 'lucide-react' was successfully resolved to '/Users/sherrychang/Documents/viridis-extension/node_modules/lucide-react/dist/lucide-react.d.ts' with Package ID 'lucide-react/dist/lucide-react.d.ts@0.344.0+react@18.3.1'. ========
File '/Users/sherrychang/Documents/viridis-extension/node_modules/lucide-react/dist/package.json' does not exist.
File '/Users/sherrychang/Documents/viridis-extension/node_modules/lucide-react/package.json' exists according to earlier cached lookups.
======== Resolving module 'react' from '/Users/sherrychang/Documents/viridis-extension/node_modules/lucide-react/dist/lucide-react.d.ts'. ========
Explicitly specified module resolution kind: 'Bundler'.
Resolving in CJS mode with conditions 'import', 'types'.
File '/Users/sherrychang/Documents/viridis-extension/node_modules/lucide-react/dist/package.json' does not exist according to earlier cached lookups.
File '/Users/sherrychang/Documents/viridis-extension/node_modules/lucide-react/package.json' exists according to earlier cached lookups.
Loading module 'react' from 'node_modules' folder, target file types: TypeScript, JavaScript, Declaration, JSON.
Searching all ancestor node_modules directories for preferred extensions: TypeScript, Declaration.
Directory '/Users/sherrychang/Documents/viridis-extension/node_modules/lucide-react/dist/node_modules' does not exist, skipping all lookups in it.
Directory '/Users/sherrychang/Documents/viridis-extension/node_modules/lucide-react/node_modules' does not exist, skipping all lookups in it.
File '/Users/sherrychang/Documents/viridis-extension/node_modules/react/package.json' exists according to earlier cached lookups.
Entering conditional exports.
Saw non-matching condition 'react-server'.
Matched 'exports' condition 'default'.
Using 'exports' subpath '.' with target './index.js'.
File name '/Users/sherrychang/Documents/viridis-extension/node_modules/react/index.js' has a '.js' extension - stripping it.
File '/Users/sherrychang/Documents/viridis-extension/node_modules/react/index.ts' does not exist.
File '/Users/sherrychang/Documents/viridis-extension/node_modules/react/index.tsx' does not exist.
File '/Users/sherrychang/Documents/viridis-extension/node_modules/react/index.d.ts' does not exist.
Failed to resolve under condition 'default'.
Exiting conditional exports.
File '/Users/sherrychang/Documents/viridis-extension/node_modules/@types/react/package.json' exists according to earlier cached lookups.
Entering conditional exports.
Saw non-matching condition 'types@<=5.0'.
Matched 'exports' condition 'types'.
Entering conditional exports.
Matched 'exports' condition 'default'.
Using 'exports' subpath '.' with target './index.d.ts'.
File '/Users/sherrychang/Documents/viridis-extension/node_modules/@types/react/index.d.ts' exists - use it as a name resolution result.
Resolved under condition 'default'.
Exiting conditional exports.
Resolved under condition 'types'.
Exiting conditional exports.
Resolving real path for '/Users/sherrychang/Documents/viridis-extension/node_modules/@types/react/index.d.ts', result '/Users/sherrychang/Documents/viridis-extension/node_modules/@types/react/index.d.ts'.
======== Module name 'react' was successfully resolved to '/Users/sherrychang/Documents/viridis-extension/node_modules/@types/react/index.d.ts' with Package ID '@types/react/index.d.ts@18.3.11'. ========
======== Resolving module 'react/jsx-runtime' from '/Users/sherrychang/Documents/viridis-extension/src/popup/index.tsx'. ========
Resolution for module 'react/jsx-runtime' was found in cache from location '/Users/sherrychang/Documents/viridis-extension/src/popup'.
======== Module name 'react/jsx-runtime' was successfully resolved to '/Users/sherrychang/Documents/viridis-extension/node_modules/@types/react/jsx-runtime.d.ts' with Package ID '@types/react/jsx-runtime.d.ts@18.3.11'. ========
======== Resolving module 'react' from '/Users/sherrychang/Documents/viridis-extension/src/popup/index.tsx'. ========
Resolution for module 'react' was found in cache from location '/Users/sherrychang/Documents/viridis-extension/src/popup'.
======== Module name 'react' was successfully resolved to '/Users/sherrychang/Documents/viridis-extension/node_modules/@types/react/index.d.ts' with Package ID '@types/react/index.d.ts@18.3.11'. ========
======== Resolving module 'react-dom/client' from '/Users/sherrychang/Documents/viridis-extension/src/popup/index.tsx'. ========
Explicitly specified module resolution kind: 'Bundler'.
Resolving in CJS mode with conditions 'import', 'types'.
File '/Users/sherrychang/Documents/viridis-extension/src/popup/package.json' does not exist according to earlier cached lookups.
File '/Users/sherrychang/Documents/viridis-extension/src/package.json' does not exist according to earlier cached lookups.
File '/Users/sherrychang/Documents/viridis-extension/package.json' exists according to earlier cached lookups.
Loading module 'react-dom/client' from 'node_modules' folder, target file types: TypeScript, JavaScript, Declaration, JSON.
Searching all ancestor node_modules directories for preferred extensions: TypeScript, Declaration.
Directory '/Users/sherrychang/Documents/viridis-extension/src/popup/node_modules' does not exist, skipping all lookups in it.
Directory '/Users/sherrychang/Documents/viridis-extension/src/node_modules' does not exist, skipping all lookups in it.
File '/Users/sherrychang/Documents/viridis-extension/node_modules/react-dom/package.json' exists according to earlier cached lookups.
Using 'exports' subpath './client' with target './client.js'.
File name '/Users/sherrychang/Documents/viridis-extension/node_modules/react-dom/client.js' has a '.js' extension - stripping it.
File '/Users/sherrychang/Documents/viridis-extension/node_modules/react-dom/client.ts' does not exist.
File '/Users/sherrychang/Documents/viridis-extension/node_modules/react-dom/client.tsx' does not exist.
File '/Users/sherrychang/Documents/viridis-extension/node_modules/react-dom/client.d.ts' does not exist.
Export specifier './client' does not exist in package.json scope at path '/Users/sherrychang/Documents/viridis-extension/node_modules/react-dom'.
File '/Users/sherrychang/Documents/viridis-extension/node_modules/@types/react-dom/package.json' exists according to earlier cached lookups.
Entering conditional exports.
Matched 'exports' condition 'types'.
Entering conditional exports.
Matched 'exports' condition 'default'.
Using 'exports' subpath './client' with target './client.d.ts'.
File '/Users/sherrychang/Documents/viridis-extension/node_modules/@types/react-dom/client.d.ts' exists - use it as a name resolution result.
Resolved under condition 'default'.
Exiting conditional exports.
Resolved under condition 'types'.
Exiting conditional exports.
Resolving real path for '/Users/sherrychang/Documents/viridis-extension/node_modules/@types/react-dom/client.d.ts', result '/Users/sherrychang/Documents/viridis-extension/node_modules/@types/react-dom/client.d.ts'.
======== Module name 'react-dom/client' was successfully resolved to '/Users/sherrychang/Documents/viridis-extension/node_modules/@types/react-dom/client.d.ts' with Package ID '@types/react-dom/client.d.ts@18.3.0'. ========
======== Resolving module './App' from '/Users/sherrychang/Documents/viridis-extension/src/popup/index.tsx'. ========
Explicitly specified module resolution kind: 'Bundler'.
Resolving in CJS mode with conditions 'import', 'types'.
Loading module as file / folder, candidate module location '/Users/sherrychang/Documents/viridis-extension/src/popup/App', target file types: TypeScript, JavaScript, Declaration, JSON.
File '/Users/sherrychang/Documents/viridis-extension/src/popup/App.ts' does not exist.
File '/Users/sherrychang/Documents/viridis-extension/src/popup/App.tsx' exists - use it as a name resolution result.
======== Module name './App' was successfully resolved to '/Users/sherrychang/Documents/viridis-extension/src/popup/App.tsx'. ========
======== Resolving module '../index.css' from '/Users/sherrychang/Documents/viridis-extension/src/popup/index.tsx'. ========
Explicitly specified module resolution kind: 'Bundler'.
Resolving in CJS mode with conditions 'import', 'types'.
Loading module as file / folder, candidate module location '/Users/sherrychang/Documents/viridis-extension/src/index.css', target file types: TypeScript, JavaScript, Declaration, JSON.
File name '/Users/sherrychang/Documents/viridis-extension/src/index.css' has a '.css' extension - stripping it.
File '/Users/sherrychang/Documents/viridis-extension/src/index.d.css.ts' does not exist.
File '/Users/sherrychang/Documents/viridis-extension/src/index.css.ts' does not exist.
File '/Users/sherrychang/Documents/viridis-extension/src/index.css.tsx' does not exist.
File '/Users/sherrychang/Documents/viridis-extension/src/index.css.d.ts' does not exist.
File '/Users/sherrychang/Documents/viridis-extension/src/index.css.js' does not exist.
File '/Users/sherrychang/Documents/viridis-extension/src/index.css.jsx' does not exist.
Directory '/Users/sherrychang/Documents/viridis-extension/src/index.css' does not exist, skipping all lookups in it.
======== Module name '../index.css' was not resolved. ========
======== Resolving module 'react/jsx-runtime' from '/Users/sherrychang/Documents/viridis-extension/src/popup/types.ts'. ========
Resolution for module 'react/jsx-runtime' was found in cache from location '/Users/sherrychang/Documents/viridis-extension/src/popup'.
======== Module name 'react/jsx-runtime' was successfully resolved to '/Users/sherrychang/Documents/viridis-extension/node_modules/@types/react/jsx-runtime.d.ts' with Package ID '@types/react/jsx-runtime.d.ts@18.3.11'. ========
======== Resolving module 'react/jsx-runtime' from '/Users/sherrychang/Documents/viridis-extension/src/test/setup.ts'. ========
Explicitly specified module resolution kind: 'Bundler'.
Resolving in CJS mode with conditions 'import', 'types'.
File '/Users/sherrychang/Documents/viridis-extension/src/test/package.json' does not exist.
File '/Users/sherrychang/Documents/viridis-extension/src/package.json' does not exist according to earlier cached lookups.
File '/Users/sherrychang/Documents/viridis-extension/package.json' exists according to earlier cached lookups.
Loading module 'react/jsx-runtime' from 'node_modules' folder, target file types: TypeScript, JavaScript, Declaration, JSON.
Searching all ancestor node_modules directories for preferred extensions: TypeScript, Declaration.
Directory '/Users/sherrychang/Documents/viridis-extension/src/test/node_modules' does not exist, skipping all lookups in it.
Directory '/Users/sherrychang/Documents/viridis-extension/src/node_modules' does not exist, skipping all lookups in it.
File '/Users/sherrychang/Documents/viridis-extension/node_modules/react/package.json' exists according to earlier cached lookups.
Using 'exports' subpath './jsx-runtime' with target './jsx-runtime.js'.
File name '/Users/sherrychang/Documents/viridis-extension/node_modules/react/jsx-runtime.js' has a '.js' extension - stripping it.
File '/Users/sherrychang/Documents/viridis-extension/node_modules/react/jsx-runtime.ts' does not exist.
File '/Users/sherrychang/Documents/viridis-extension/node_modules/react/jsx-runtime.tsx' does not exist.
File '/Users/sherrychang/Documents/viridis-extension/node_modules/react/jsx-runtime.d.ts' does not exist.
Export specifier './jsx-runtime' does not exist in package.json scope at path '/Users/sherrychang/Documents/viridis-extension/node_modules/react'.
File '/Users/sherrychang/Documents/viridis-extension/node_modules/@types/react/package.json' exists according to earlier cached lookups.
Entering conditional exports.
Saw non-matching condition 'types@<=5.0'.
Matched 'exports' condition 'types'.
Entering conditional exports.
Matched 'exports' condition 'default'.
Using 'exports' subpath './jsx-runtime' with target './jsx-runtime.d.ts'.
File '/Users/sherrychang/Documents/viridis-extension/node_modules/@types/react/jsx-runtime.d.ts' exists - use it as a name resolution result.
Resolved under condition 'default'.
Exiting conditional exports.
Resolved under condition 'types'.
Exiting conditional exports.
Resolving real path for '/Users/sherrychang/Documents/viridis-extension/node_modules/@types/react/jsx-runtime.d.ts', result '/Users/sherrychang/Documents/viridis-extension/node_modules/@types/react/jsx-runtime.d.ts'.
======== Module name 'react/jsx-runtime' was successfully resolved to '/Users/sherrychang/Documents/viridis-extension/node_modules/@types/react/jsx-runtime.d.ts' with Package ID '@types/react/jsx-runtime.d.ts@18.3.11'. ========
======== Resolving module '@testing-library/jest-dom/vitest' from '/Users/sherrychang/Documents/viridis-extension/src/test/setup.ts'. ========
Explicitly specified module resolution kind: 'Bundler'.
Resolving in CJS mode with conditions 'import', 'types'.
File '/Users/sherrychang/Documents/viridis-extension/src/test/package.json' does not exist according to earlier cached lookups.
File '/Users/sherrychang/Documents/viridis-extension/src/package.json' does not exist according to earlier cached lookups.
File '/Users/sherrychang/Documents/viridis-extension/package.json' exists according to earlier cached lookups.
Loading module '@testing-library/jest-dom/vitest' from 'node_modules' folder, target file types: TypeScript, JavaScript, Declaration, JSON.
Searching all ancestor node_modules directories for preferred extensions: TypeScript, Declaration.
Directory '/Users/sherrychang/Documents/viridis-extension/src/test/node_modules' does not exist, skipping all lookups in it.
Scoped package detected, looking in 'testing-library__jest-dom/vitest'
Directory '/Users/sherrychang/Documents/viridis-extension/src/node_modules' does not exist, skipping all lookups in it.
Scoped package detected, looking in 'testing-library__jest-dom/vitest'
Found 'package.json' at '/Users/sherrychang/Documents/viridis-extension/node_modules/@testing-library/jest-dom/package.json'.
Entering conditional exports.
Saw non-matching condition 'require'.
Matched 'exports' condition 'import'.
Entering conditional exports.
Matched 'exports' condition 'types'.
Using 'exports' subpath './vitest' with target './types/vitest.d.ts'.
File '/Users/sherrychang/Documents/viridis-extension/node_modules/@testing-library/jest-dom/types/vitest.d.ts' exists - use it as a name resolution result.
'package.json' does not have a 'peerDependencies' field.
Resolved under condition 'types'.
Exiting conditional exports.
Resolved under condition 'import'.
Exiting conditional exports.
Resolving real path for '/Users/sherrychang/Documents/viridis-extension/node_modules/@testing-library/jest-dom/types/vitest.d.ts', result '/Users/sherrychang/Documents/viridis-extension/node_modules/@testing-library/jest-dom/types/vitest.d.ts'.
======== Module name '@testing-library/jest-dom/vitest' was successfully resolved to '/Users/sherrychang/Documents/viridis-extension/node_modules/@testing-library/jest-dom/types/vitest.d.ts' with Package ID '@testing-library/jest-dom/types/vitest.d.ts@6.6.3'. ========
======== Resolving module 'vitest' from '/Users/sherrychang/Documents/viridis-extension/src/test/setup.ts'. ========
Explicitly specified module resolution kind: 'Bundler'.
Resolving in CJS mode with conditions 'import', 'types'.
File '/Users/sherrychang/Documents/viridis-extension/src/test/package.json' does not exist according to earlier cached lookups.
File '/Users/sherrychang/Documents/viridis-extension/src/package.json' does not exist according to earlier cached lookups.
File '/Users/sherrychang/Documents/viridis-extension/package.json' exists according to earlier cached lookups.
Loading module 'vitest' from 'node_modules' folder, target file types: TypeScript, JavaScript, Declaration, JSON.
Searching all ancestor node_modules directories for preferred extensions: TypeScript, Declaration.
Directory '/Users/sherrychang/Documents/viridis-extension/src/test/node_modules' does not exist, skipping all lookups in it.
Directory '/Users/sherrychang/Documents/viridis-extension/src/node_modules' does not exist, skipping all lookups in it.
Found 'package.json' at '/Users/sherrychang/Documents/viridis-extension/node_modules/vitest/package.json'.
Entering conditional exports.
Matched 'exports' condition 'import'.
Entering conditional exports.
Matched 'exports' condition 'types'.
Using 'exports' subpath '.' with target './dist/index.d.ts'.
File '/Users/sherrychang/Documents/viridis-extension/node_modules/vitest/dist/index.d.ts' exists - use it as a name resolution result.
'package.json' has a 'peerDependencies' field.
Resolving real path for '/Users/sherrychang/Documents/viridis-extension/node_modules/vitest', result '/Users/sherrychang/Documents/viridis-extension/node_modules/vitest'.
Failed to find peerDependency '@edge-runtime/vm'.
Failed to find peerDependency '@types/node'.
Found 'package.json' at '/Users/sherrychang/Documents/viridis-extension/node_modules/happy-dom/package.json'.
Found peerDependency 'happy-dom' with '13.10.1' version.
Failed to find peerDependency 'jsdom'.
Found 'package.json' at '/Users/sherrychang/Documents/viridis-extension/node_modules/@vitest/ui/package.json'.
Found peerDependency '@vitest/ui' with '1.6.1' version.
Failed to find peerDependency '@vitest/browser'.
Resolved under condition 'types'.
Exiting conditional exports.
Resolved under condition 'import'.
Exiting conditional exports.
Resolving real path for '/Users/sherrychang/Documents/viridis-extension/node_modules/vitest/dist/index.d.ts', result '/Users/sherrychang/Documents/viridis-extension/node_modules/vitest/dist/index.d.ts'.
======== Module name 'vitest' was successfully resolved to '/Users/sherrychang/Documents/viridis-extension/node_modules/vitest/dist/index.d.ts' with Package ID 'vitest/dist/index.d.ts@1.6.1+happy-dom@13.10.1+@vitest/ui@1.6.1'. ========
File '/Users/sherrychang/Documents/viridis-extension/node_modules/@testing-library/jest-dom/types/package.json' does not exist.
File '/Users/sherrychang/Documents/viridis-extension/node_modules/@testing-library/jest-dom/package.json' exists according to earlier cached lookups.
======== Resolving module 'vitest' from '/Users/sherrychang/Documents/viridis-extension/node_modules/@testing-library/jest-dom/types/vitest.d.ts'. ========
Explicitly specified module resolution kind: 'Bundler'.
Resolving in CJS mode with conditions 'import', 'types'.
File '/Users/sherrychang/Documents/viridis-extension/node_modules/@testing-library/jest-dom/types/package.json' does not exist according to earlier cached lookups.
File '/Users/sherrychang/Documents/viridis-extension/node_modules/@testing-library/jest-dom/package.json' exists according to earlier cached lookups.
Loading module 'vitest' from 'node_modules' folder, target file types: TypeScript, JavaScript, Declaration, JSON.
Searching all ancestor node_modules directories for preferred extensions: TypeScript, Declaration.
Directory '/Users/sherrychang/Documents/viridis-extension/node_modules/@testing-library/jest-dom/types/node_modules' does not exist, skipping all lookups in it.
File '/Users/sherrychang/Documents/viridis-extension/node_modules/@testing-library/jest-dom/node_modules/vitest.ts' does not exist.
File '/Users/sherrychang/Documents/viridis-extension/node_modules/@testing-library/jest-dom/node_modules/vitest.tsx' does not exist.
File '/Users/sherrychang/Documents/viridis-extension/node_modules/@testing-library/jest-dom/node_modules/vitest.d.ts' does not exist.
Directory '/Users/sherrychang/Documents/viridis-extension/node_modules/@testing-library/jest-dom/node_modules/@types' does not exist, skipping all lookups in it.
Directory '/Users/sherrychang/Documents/viridis-extension/node_modules/@testing-library/node_modules' does not exist, skipping all lookups in it.
File '/Users/sherrychang/Documents/viridis-extension/node_modules/vitest/package.json' exists according to earlier cached lookups.
Entering conditional exports.
Matched 'exports' condition 'import'.
Entering conditional exports.
Matched 'exports' condition 'types'.
Using 'exports' subpath '.' with target './dist/index.d.ts'.
File '/Users/sherrychang/Documents/viridis-extension/node_modules/vitest/dist/index.d.ts' exists - use it as a name resolution result.
Resolved under condition 'types'.
Exiting conditional exports.
Resolved under condition 'import'.
Exiting conditional exports.
Resolving real path for '/Users/sherrychang/Documents/viridis-extension/node_modules/vitest/dist/index.d.ts', result '/Users/sherrychang/Documents/viridis-extension/node_modules/vitest/dist/index.d.ts'.
======== Module name 'vitest' was successfully resolved to '/Users/sherrychang/Documents/viridis-extension/node_modules/vitest/dist/index.d.ts' with Package ID 'vitest/dist/index.d.ts@1.6.1+happy-dom@13.10.1+@vitest/ui@1.6.1'. ========
======== Resolving module './matchers' from '/Users/sherrychang/Documents/viridis-extension/node_modules/@testing-library/jest-dom/types/vitest.d.ts'. ========
Explicitly specified module resolution kind: 'Bundler'.
Resolving in CJS mode with conditions 'import', 'types'.
Loading module as file / folder, candidate module location '/Users/sherrychang/Documents/viridis-extension/node_modules/@testing-library/jest-dom/types/matchers', target file types: TypeScript, JavaScript, Declaration, JSON.
File '/Users/sherrychang/Documents/viridis-extension/node_modules/@testing-library/jest-dom/types/matchers.ts' does not exist.
File '/Users/sherrychang/Documents/viridis-extension/node_modules/@testing-library/jest-dom/types/matchers.tsx' does not exist.
File '/Users/sherrychang/Documents/viridis-extension/node_modules/@testing-library/jest-dom/types/matchers.d.ts' exists - use it as a name resolution result.
File '/Users/sherrychang/Documents/viridis-extension/node_modules/@testing-library/jest-dom/package.json' exists according to earlier cached lookups.
======== Module name './matchers' was successfully resolved to '/Users/sherrychang/Documents/viridis-extension/node_modules/@testing-library/jest-dom/types/matchers.d.ts' with Package ID '@testing-library/jest-dom/types/matchers.d.ts@6.6.3'. ========
File '/Users/sherrychang/Documents/viridis-extension/node_modules/vitest/dist/package.json' does not exist.
File '/Users/sherrychang/Documents/viridis-extension/node_modules/vitest/package.json' exists according to earlier cached lookups.
======== Resolving module '@vitest/runner' from '/Users/sherrychang/Documents/viridis-extension/node_modules/vitest/dist/index.d.ts'. ========
Explicitly specified module resolution kind: 'Bundler'.
Resolving in CJS mode with conditions 'import', 'types'.
File '/Users/sherrychang/Documents/viridis-extension/node_modules/vitest/dist/package.json' does not exist according to earlier cached lookups.
File '/Users/sherrychang/Documents/viridis-extension/node_modules/vitest/package.json' exists according to earlier cached lookups.
Loading module '@vitest/runner' from 'node_modules' folder, target file types: TypeScript, JavaScript, Declaration, JSON.
Searching all ancestor node_modules directories for preferred extensions: TypeScript, Declaration.
Directory '/Users/sherrychang/Documents/viridis-extension/node_modules/vitest/dist/node_modules' does not exist, skipping all lookups in it.
Scoped package detected, looking in 'vitest__runner'
Directory '/Users/sherrychang/Documents/viridis-extension/node_modules/vitest/node_modules' does not exist, skipping all lookups in it.
Scoped package detected, looking in 'vitest__runner'
Found 'package.json' at '/Users/sherrychang/Documents/viridis-extension/node_modules/@vitest/runner/package.json'.
Entering conditional exports.
Matched 'exports' condition 'types'.
Using 'exports' subpath '.' with target './dist/index.d.ts'.
File '/Users/sherrychang/Documents/viridis-extension/node_modules/@vitest/runner/dist/index.d.ts' exists - use it as a name resolution result.
'package.json' does not have a 'peerDependencies' field.
Resolved under condition 'types'.
Exiting conditional exports.
Resolving real path for '/Users/sherrychang/Documents/viridis-extension/node_modules/@vitest/runner/dist/index.d.ts', result '/Users/sherrychang/Documents/viridis-extension/node_modules/@vitest/runner/dist/index.d.ts'.
======== Module name '@vitest/runner' was successfully resolved to '/Users/sherrychang/Documents/viridis-extension/node_modules/@vitest/runner/dist/index.d.ts' with Package ID '@vitest/runner/dist/index.d.ts@1.6.1'. ========
======== Resolving module './suite-dWqIFb_-.js' from '/Users/sherrychang/Documents/viridis-extension/node_modules/vitest/dist/index.d.ts'. ========
Explicitly specified module resolution kind: 'Bundler'.
Resolving in CJS mode with conditions 'import', 'types'.
Loading module as file / folder, candidate module location '/Users/sherrychang/Documents/viridis-extension/node_modules/vitest/dist/suite-dWqIFb_-.js', target file types: TypeScript, JavaScript, Declaration, JSON.
File name '/Users/sherrychang/Documents/viridis-extension/node_modules/vitest/dist/suite-dWqIFb_-.js' has a '.js' extension - stripping it.
File '/Users/sherrychang/Documents/viridis-extension/node_modules/vitest/dist/suite-dWqIFb_-.ts' does not exist.
File '/Users/sherrychang/Documents/viridis-extension/node_modules/vitest/dist/suite-dWqIFb_-.tsx' does not exist.
File '/Users/sherrychang/Documents/viridis-extension/node_modules/vitest/dist/suite-dWqIFb_-.d.ts' exists - use it as a name resolution result.
File '/Users/sherrychang/Documents/viridis-extension/node_modules/vitest/package.json' exists according to earlier cached lookups.
======== Module name './suite-dWqIFb_-.js' was successfully resolved to '/Users/sherrychang/Documents/viridis-extension/node_modules/vitest/dist/suite-dWqIFb_-.d.ts' with Package ID 'vitest/dist/suite-dWqIFb_-.d.ts@1.6.1+happy-dom@13.10.1+@vitest/ui@1.6.1'. ========
======== Resolving module '@vitest/expect' from '/Users/sherrychang/Documents/viridis-extension/node_modules/vitest/dist/index.d.ts'. ========
Explicitly specified module resolution kind: 'Bundler'.
Resolving in CJS mode with conditions 'import', 'types'.
File '/Users/sherrychang/Documents/viridis-extension/node_modules/vitest/dist/package.json' does not exist according to earlier cached lookups.
File '/Users/sherrychang/Documents/viridis-extension/node_modules/vitest/package.json' exists according to earlier cached lookups.
Loading module '@vitest/expect' from 'node_modules' folder, target file types: TypeScript, JavaScript, Declaration, JSON.
Searching all ancestor node_modules directories for preferred extensions: TypeScript, Declaration.
Directory '/Users/sherrychang/Documents/viridis-extension/node_modules/vitest/dist/node_modules' does not exist, skipping all lookups in it.
Scoped package detected, looking in 'vitest__expect'
Directory '/Users/sherrychang/Documents/viridis-extension/node_modules/vitest/node_modules' does not exist, skipping all lookups in it.
Scoped package detected, looking in 'vitest__expect'
Found 'package.json' at '/Users/sherrychang/Documents/viridis-extension/node_modules/@vitest/expect/package.json'.
Entering conditional exports.
Matched 'exports' condition 'types'.
Using 'exports' subpath '.' with target './index.d.ts'.
File '/Users/sherrychang/Documents/viridis-extension/node_modules/@vitest/expect/index.d.ts' exists - use it as a name resolution result.
'package.json' does not have a 'peerDependencies' field.
Resolved under condition 'types'.
Exiting conditional exports.
Resolving real path for '/Users/sherrychang/Documents/viridis-extension/node_modules/@vitest/expect/index.d.ts', result '/Users/sherrychang/Documents/viridis-extension/node_modules/@vitest/expect/index.d.ts'.
======== Module name '@vitest/expect' was successfully resolved to '/Users/sherrychang/Documents/viridis-extension/node_modules/@vitest/expect/index.d.ts' with Package ID '@vitest/expect/index.d.ts@1.6.1'. ========
======== Resolving module './reporters-w_64AS5f.js' from '/Users/sherrychang/Documents/viridis-extension/node_modules/vitest/dist/index.d.ts'. ========
Explicitly specified module resolution kind: 'Bundler'.
Resolving in CJS mode with conditions 'import', 'types'.
Loading module as file / folder, candidate module location '/Users/sherrychang/Documents/viridis-extension/node_modules/vitest/dist/reporters-w_64AS5f.js', target file types: TypeScript, JavaScript, Declaration, JSON.
File name '/Users/sherrychang/Documents/viridis-extension/node_modules/vitest/dist/reporters-w_64AS5f.js' has a '.js' extension - stripping it.
File '/Users/sherrychang/Documents/viridis-extension/node_modules/vitest/dist/reporters-w_64AS5f.ts' does not exist.
File '/Users/sherrychang/Documents/viridis-extension/node_modules/vitest/dist/reporters-w_64AS5f.tsx' does not exist.
File '/Users/sherrychang/Documents/viridis-extension/node_modules/vitest/dist/reporters-w_64AS5f.d.ts' exists - use it as a name resolution result.
File '/Users/sherrychang/Documents/viridis-extension/node_modules/vitest/package.json' exists according to earlier cached lookups.
======== Module name './reporters-w_64AS5f.js' was successfully resolved to '/Users/sherrychang/Documents/viridis-extension/node_modules/vitest/dist/reporters-w_64AS5f.d.ts' with Package ID 'vitest/dist/reporters-w_64AS5f.d.ts@1.6.1+happy-dom@13.10.1+@vitest/ui@1.6.1'. ========
======== Resolving module '@vitest/spy' from '/Users/sherrychang/Documents/viridis-extension/node_modules/vitest/dist/index.d.ts'. ========
Explicitly specified module resolution kind: 'Bundler'.
Resolving in CJS mode with conditions 'import', 'types'.
File '/Users/sherrychang/Documents/viridis-extension/node_modules/vitest/dist/package.json' does not exist according to earlier cached lookups.
File '/Users/sherrychang/Documents/viridis-extension/node_modules/vitest/package.json' exists according to earlier cached lookups.
Loading module '@vitest/spy' from 'node_modules' folder, target file types: TypeScript, JavaScript, Declaration, JSON.
Searching all ancestor node_modules directories for preferred extensions: TypeScript, Declaration.
Directory '/Users/sherrychang/Documents/viridis-extension/node_modules/vitest/dist/node_modules' does not exist, skipping all lookups in it.
Scoped package detected, looking in 'vitest__spy'
Directory '/Users/sherrychang/Documents/viridis-extension/node_modules/vitest/node_modules' does not exist, skipping all lookups in it.
Scoped package detected, looking in 'vitest__spy'
Found 'package.json' at '/Users/sherrychang/Documents/viridis-extension/node_modules/@vitest/spy/package.json'.
Entering conditional exports.
Matched 'exports' condition 'types'.
Using 'exports' subpath '.' with target './dist/index.d.ts'.
File '/Users/sherrychang/Documents/viridis-extension/node_modules/@vitest/spy/dist/index.d.ts' exists - use it as a name resolution result.
'package.json' does not have a 'peerDependencies' field.
Resolved under condition 'types'.
Exiting conditional exports.
Resolving real path for '/Users/sherrychang/Documents/viridis-extension/node_modules/@vitest/spy/dist/index.d.ts', result '/Users/sherrychang/Documents/viridis-extension/node_modules/@vitest/spy/dist/index.d.ts'.
======== Module name '@vitest/spy' was successfully resolved to '/Users/sherrychang/Documents/viridis-extension/node_modules/@vitest/spy/dist/index.d.ts' with Package ID '@vitest/spy/dist/index.d.ts@1.6.1'. ========
======== Resolving module '@vitest/snapshot/environment' from '/Users/sherrychang/Documents/viridis-extension/node_modules/vitest/dist/index.d.ts'. ========
Explicitly specified module resolution kind: 'Bundler'.
Resolving in CJS mode with conditions 'import', 'types'.
File '/Users/sherrychang/Documents/viridis-extension/node_modules/vitest/dist/package.json' does not exist according to earlier cached lookups.
File '/Users/sherrychang/Documents/viridis-extension/node_modules/vitest/package.json' exists according to earlier cached lookups.
Loading module '@vitest/snapshot/environment' from 'node_modules' folder, target file types: TypeScript, JavaScript, Declaration, JSON.
Searching all ancestor node_modules directories for preferred extensions: TypeScript, Declaration.
Directory '/Users/sherrychang/Documents/viridis-extension/node_modules/vitest/dist/node_modules' does not exist, skipping all lookups in it.
Scoped package detected, looking in 'vitest__snapshot/environment'
Directory '/Users/sherrychang/Documents/viridis-extension/node_modules/vitest/node_modules' does not exist, skipping all lookups in it.
Scoped package detected, looking in 'vitest__snapshot/environment'
Found 'package.json' at '/Users/sherrychang/Documents/viridis-extension/node_modules/@vitest/snapshot/package.json'.
Entering conditional exports.
Matched 'exports' condition 'types'.
Using 'exports' subpath './environment' with target './dist/environment.d.ts'.
File '/Users/sherrychang/Documents/viridis-extension/node_modules/@vitest/snapshot/dist/environment.d.ts' exists - use it as a name resolution result.
'package.json' does not have a 'peerDependencies' field.
Resolved under condition 'types'.
Exiting conditional exports.
Resolving real path for '/Users/sherrychang/Documents/viridis-extension/node_modules/@vitest/snapshot/dist/environment.d.ts', result '/Users/sherrychang/Documents/viridis-extension/node_modules/@vitest/snapshot/dist/environment.d.ts'.
======== Module name '@vitest/snapshot/environment' was successfully resolved to '/Users/sherrychang/Documents/viridis-extension/node_modules/@vitest/snapshot/dist/environment.d.ts' with Package ID '@vitest/snapshot/dist/environment.d.ts@1.6.1'. ========
======== Resolving module '@vitest/snapshot' from '/Users/sherrychang/Documents/viridis-extension/node_modules/vitest/dist/index.d.ts'. ========
Explicitly specified module resolution kind: 'Bundler'.
Resolving in CJS mode with conditions 'import', 'types'.
File '/Users/sherrychang/Documents/viridis-extension/node_modules/vitest/dist/package.json' does not exist according to earlier cached lookups.
File '/Users/sherrychang/Documents/viridis-extension/node_modules/vitest/package.json' exists according to earlier cached lookups.
Loading module '@vitest/snapshot' from 'node_modules' folder, target file types: TypeScript, JavaScript, Declaration, JSON.
Searching all ancestor node_modules directories for preferred extensions: TypeScript, Declaration.
Directory '/Users/sherrychang/Documents/viridis-extension/node_modules/vitest/dist/node_modules' does not exist, skipping all lookups in it.
Scoped package detected, looking in 'vitest__snapshot'
Directory '/Users/sherrychang/Documents/viridis-extension/node_modules/vitest/node_modules' does not exist, skipping all lookups in it.
Scoped package detected, looking in 'vitest__snapshot'
File '/Users/sherrychang/Documents/viridis-extension/node_modules/@vitest/snapshot/package.json' exists according to earlier cached lookups.
Entering conditional exports.
Matched 'exports' condition 'types'.
Using 'exports' subpath '.' with target './dist/index.d.ts'.
File '/Users/sherrychang/Documents/viridis-extension/node_modules/@vitest/snapshot/dist/index.d.ts' exists - use it as a name resolution result.
Resolved under condition 'types'.
Exiting conditional exports.
Resolving real path for '/Users/sherrychang/Documents/viridis-extension/node_modules/@vitest/snapshot/dist/index.d.ts', result '/Users/sherrychang/Documents/viridis-extension/node_modules/@vitest/snapshot/dist/index.d.ts'.
======== Module name '@vitest/snapshot' was successfully resolved to '/Users/sherrychang/Documents/viridis-extension/node_modules/@vitest/snapshot/dist/index.d.ts' with Package ID '@vitest/snapshot/dist/index.d.ts@1.6.1'. ========
======== Resolving module '@vitest/utils/diff' from '/Users/sherrychang/Documents/viridis-extension/node_modules/vitest/dist/index.d.ts'. ========
Explicitly specified module resolution kind: 'Bundler'.
Resolving in CJS mode with conditions 'import', 'types'.
File '/Users/sherrychang/Documents/viridis-extension/node_modules/vitest/dist/package.json' does not exist according to earlier cached lookups.
File '/Users/sherrychang/Documents/viridis-extension/node_modules/vitest/package.json' exists according to earlier cached lookups.
Loading module '@vitest/utils/diff' from 'node_modules' folder, target file types: TypeScript, JavaScript, Declaration, JSON.
Searching all ancestor node_modules directories for preferred extensions: TypeScript, Declaration.
Directory '/Users/sherrychang/Documents/viridis-extension/node_modules/vitest/dist/node_modules' does not exist, skipping all lookups in it.
Scoped package detected, looking in 'vitest__utils/diff'
Directory '/Users/sherrychang/Documents/viridis-extension/node_modules/vitest/node_modules' does not exist, skipping all lookups in it.
Scoped package detected, looking in 'vitest__utils/diff'
Found 'package.json' at '/Users/sherrychang/Documents/viridis-extension/node_modules/@vitest/utils/package.json'.
Entering conditional exports.
Matched 'exports' condition 'types'.
Using 'exports' subpath './diff' with target './dist/diff.d.ts'.
File '/Users/sherrychang/Documents/viridis-extension/node_modules/@vitest/utils/dist/diff.d.ts' exists - use it as a name resolution result.
'package.json' does not have a 'peerDependencies' field.
Resolved under condition 'types'.
Exiting conditional exports.
Resolving real path for '/Users/sherrychang/Documents/viridis-extension/node_modules/@vitest/utils/dist/diff.d.ts', result '/Users/sherrychang/Documents/viridis-extension/node_modules/@vitest/utils/dist/diff.d.ts'.
======== Module name '@vitest/utils/diff' was successfully resolved to '/Users/sherrychang/Documents/viridis-extension/node_modules/@vitest/utils/dist/diff.d.ts' with Package ID '@vitest/utils/dist/diff.d.ts@1.6.1'. ========
======== Resolving module 'vite' from '/Users/sherrychang/Documents/viridis-extension/node_modules/vitest/dist/index.d.ts'. ========
Explicitly specified module resolution kind: 'Bundler'.
Resolving in CJS mode with conditions 'import', 'types'.
File '/Users/sherrychang/Documents/viridis-extension/node_modules/vitest/dist/package.json' does not exist according to earlier cached lookups.
File '/Users/sherrychang/Documents/viridis-extension/node_modules/vitest/package.json' exists according to earlier cached lookups.
Loading module 'vite' from 'node_modules' folder, target file types: TypeScript, JavaScript, Declaration, JSON.
Searching all ancestor node_modules directories for preferred extensions: TypeScript, Declaration.
Directory '/Users/sherrychang/Documents/viridis-extension/node_modules/vitest/dist/node_modules' does not exist, skipping all lookups in it.
Directory '/Users/sherrychang/Documents/viridis-extension/node_modules/vitest/node_modules' does not exist, skipping all lookups in it.
File '/Users/sherrychang/Documents/viridis-extension/node_modules/vite/package.json' exists according to earlier cached lookups.
Entering conditional exports.
Matched 'exports' condition 'import'.
Entering conditional exports.
Matched 'exports' condition 'types'.
Using 'exports' subpath '.' with target './dist/node/index.d.ts'.
File '/Users/sherrychang/Documents/viridis-extension/node_modules/vite/dist/node/index.d.ts' exists - use it as a name resolution result.
Resolved under condition 'types'.
Exiting conditional exports.
Resolved under condition 'import'.
Exiting conditional exports.
Resolving real path for '/Users/sherrychang/Documents/viridis-extension/node_modules/vite/dist/node/index.d.ts', result '/Users/sherrychang/Documents/viridis-extension/node_modules/vite/dist/node/index.d.ts'.
======== Module name 'vite' was successfully resolved to '/Users/sherrychang/Documents/viridis-extension/node_modules/vite/dist/node/index.d.ts' with Package ID 'vite/dist/node/index.d.ts@5.4.8'. ========
======== Resolving module 'chai' from '/Users/sherrychang/Documents/viridis-extension/node_modules/vitest/dist/index.d.ts'. ========
Explicitly specified module resolution kind: 'Bundler'.
Resolving in CJS mode with conditions 'import', 'types'.
File '/Users/sherrychang/Documents/viridis-extension/node_modules/vitest/dist/package.json' does not exist according to earlier cached lookups.
File '/Users/sherrychang/Documents/viridis-extension/node_modules/vitest/package.json' exists according to earlier cached lookups.
Loading module 'chai' from 'node_modules' folder, target file types: TypeScript, JavaScript, Declaration, JSON.
Searching all ancestor node_modules directories for preferred extensions: TypeScript, Declaration.
Directory '/Users/sherrychang/Documents/viridis-extension/node_modules/vitest/dist/node_modules' does not exist, skipping all lookups in it.
Directory '/Users/sherrychang/Documents/viridis-extension/node_modules/vitest/node_modules' does not exist, skipping all lookups in it.
Found 'package.json' at '/Users/sherrychang/Documents/viridis-extension/node_modules/chai/package.json'.
Entering conditional exports.
Saw non-matching condition 'require'.
Matched 'exports' condition 'import'.
Using 'exports' subpath '.' with target './index.mjs'.
File name '/Users/sherrychang/Documents/viridis-extension/node_modules/chai/index.mjs' has a '.mjs' extension - stripping it.
File '/Users/sherrychang/Documents/viridis-extension/node_modules/chai/index.mts' does not exist.
File '/Users/sherrychang/Documents/viridis-extension/node_modules/chai/index.d.mts' does not exist.
Failed to resolve under condition 'import'.
Exiting conditional exports.
File '/Users/sherrychang/Documents/viridis-extension/node_modules/@types/chai.d.ts' does not exist.
Directory '/Users/sherrychang/Documents/node_modules' does not exist, skipping all lookups in it.
File '/Users/sherrychang/node_modules/chai.ts' does not exist.
File '/Users/sherrychang/node_modules/chai.tsx' does not exist.
File '/Users/sherrychang/node_modules/chai.d.ts' does not exist.
File '/Users/sherrychang/node_modules/@types/chai.d.ts' does not exist.
Directory '/Users/node_modules' does not exist, skipping all lookups in it.
Directory '/node_modules' does not exist, skipping all lookups in it.
Searching all ancestor node_modules directories for fallback extensions: JavaScript, JSON.
Directory '/Users/sherrychang/Documents/viridis-extension/node_modules/vitest/dist/node_modules' does not exist, skipping all lookups in it.
Directory '/Users/sherrychang/Documents/viridis-extension/node_modules/vitest/node_modules' does not exist, skipping all lookups in it.
File '/Users/sherrychang/Documents/viridis-extension/node_modules/chai/package.json' exists according to earlier cached lookups.
Entering conditional exports.
Saw non-matching condition 'require'.
Matched 'exports' condition 'import'.
Using 'exports' subpath '.' with target './index.mjs'.
File name '/Users/sherrychang/Documents/viridis-extension/node_modules/chai/index.mjs' has a '.mjs' extension - stripping it.
File '/Users/sherrychang/Documents/viridis-extension/node_modules/chai/index.mjs' exists - use it as a name resolution result.
'package.json' does not have a 'peerDependencies' field.
Resolved under condition 'import'.
Exiting conditional exports.
Resolution of non-relative name failed; trying with modern Node resolution features disabled to see if npm library needs configuration update.
File '/Users/sherrychang/Documents/viridis-extension/node_modules/vitest/dist/package.json' does not exist according to earlier cached lookups.
File '/Users/sherrychang/Documents/viridis-extension/node_modules/vitest/package.json' exists according to earlier cached lookups.
Loading module 'chai' from 'node_modules' folder, target file types: TypeScript, Declaration.
Searching all ancestor node_modules directories for preferred extensions: TypeScript, Declaration.
Directory '/Users/sherrychang/Documents/viridis-extension/node_modules/vitest/dist/node_modules' does not exist, skipping all lookups in it.
Directory '/Users/sherrychang/Documents/viridis-extension/node_modules/vitest/node_modules' does not exist, skipping all lookups in it.
File '/Users/sherrychang/Documents/viridis-extension/node_modules/chai/package.json' exists according to earlier cached lookups.
File '/Users/sherrychang/Documents/viridis-extension/node_modules/chai.ts' does not exist.
File '/Users/sherrychang/Documents/viridis-extension/node_modules/chai.tsx' does not exist.
File '/Users/sherrychang/Documents/viridis-extension/node_modules/chai.d.ts' does not exist.
'package.json' does not have a 'typesVersions' field.
'package.json' does not have a 'typings' field.
'package.json' does not have a 'types' field.
'package.json' has 'main' field './index' that references '/Users/sherrychang/Documents/viridis-extension/node_modules/chai/index'.
Loading module as file / folder, candidate module location '/Users/sherrychang/Documents/viridis-extension/node_modules/chai/index', target file types: TypeScript, Declaration.
File '/Users/sherrychang/Documents/viridis-extension/node_modules/chai/index.ts' does not exist.
File '/Users/sherrychang/Documents/viridis-extension/node_modules/chai/index.tsx' does not exist.
File '/Users/sherrychang/Documents/viridis-extension/node_modules/chai/index.d.ts' does not exist.
Directory '/Users/sherrychang/Documents/viridis-extension/node_modules/chai/index' does not exist, skipping all lookups in it.
File '/Users/sherrychang/Documents/viridis-extension/node_modules/chai/index.ts' does not exist.
File '/Users/sherrychang/Documents/viridis-extension/node_modules/chai/index.tsx' does not exist.
File '/Users/sherrychang/Documents/viridis-extension/node_modules/chai/index.d.ts' does not exist.
File '/Users/sherrychang/Documents/viridis-extension/node_modules/@types/chai.d.ts' does not exist.
Directory '/Users/sherrychang/Documents/node_modules' does not exist, skipping all lookups in it.
File '/Users/sherrychang/node_modules/chai.ts' does not exist.
File '/Users/sherrychang/node_modules/chai.tsx' does not exist.
File '/Users/sherrychang/node_modules/chai.d.ts' does not exist.
File '/Users/sherrychang/node_modules/@types/chai.d.ts' does not exist.
Directory '/Users/node_modules' does not exist, skipping all lookups in it.
Directory '/node_modules' does not exist, skipping all lookups in it.
Resolving real path for '/Users/sherrychang/Documents/viridis-extension/node_modules/chai/index.mjs', result '/Users/sherrychang/Documents/viridis-extension/node_modules/chai/index.mjs'.
======== Module name 'chai' was successfully resolved to '/Users/sherrychang/Documents/viridis-extension/node_modules/chai/index.mjs' with Package ID 'chai/index.mjs@4.5.0'. ========
======== Resolving module '@vitest/utils' from '/Users/sherrychang/Documents/viridis-extension/node_modules/vitest/dist/index.d.ts'. ========
Explicitly specified module resolution kind: 'Bundler'.
Resolving in CJS mode with conditions 'import', 'types'.
File '/Users/sherrychang/Documents/viridis-extension/node_modules/vitest/dist/package.json' does not exist according to earlier cached lookups.
File '/Users/sherrychang/Documents/viridis-extension/node_modules/vitest/package.json' exists according to earlier cached lookups.
Loading module '@vitest/utils' from 'node_modules' folder, target file types: TypeScript, JavaScript, Declaration, JSON.
Searching all ancestor node_modules directories for preferred extensions: TypeScript, Declaration.
Directory '/Users/sherrychang/Documents/viridis-extension/node_modules/vitest/dist/node_modules' does not exist, skipping all lookups in it.
Scoped package detected, looking in 'vitest__utils'
Directory '/Users/sherrychang/Documents/viridis-extension/node_modules/vitest/node_modules' does not exist, skipping all lookups in it.
Scoped package detected, looking in 'vitest__utils'
File '/Users/sherrychang/Documents/viridis-extension/node_modules/@vitest/utils/package.json' exists according to earlier cached lookups.
Entering conditional exports.
Matched 'exports' condition 'types'.
Using 'exports' subpath '.' with target './dist/index.d.ts'.
File '/Users/sherrychang/Documents/viridis-extension/node_modules/@vitest/utils/dist/index.d.ts' exists - use it as a name resolution result.
Resolved under condition 'types'.
Exiting conditional exports.
Resolving real path for '/Users/sherrychang/Documents/viridis-extension/node_modules/@vitest/utils/dist/index.d.ts', result '/Users/sherrychang/Documents/viridis-extension/node_modules/@vitest/utils/dist/index.d.ts'.
======== Module name '@vitest/utils' was successfully resolved to '/Users/sherrychang/Documents/viridis-extension/node_modules/@vitest/utils/dist/index.d.ts' with Package ID '@vitest/utils/dist/index.d.ts@1.6.1'. ========
======== Resolving module 'tinybench' from '/Users/sherrychang/Documents/viridis-extension/node_modules/vitest/dist/index.d.ts'. ========
Explicitly specified module resolution kind: 'Bundler'.
Resolving in CJS mode with conditions 'import', 'types'.
File '/Users/sherrychang/Documents/viridis-extension/node_modules/vitest/dist/package.json' does not exist according to earlier cached lookups.
File '/Users/sherrychang/Documents/viridis-extension/node_modules/vitest/package.json' exists according to earlier cached lookups.
Loading module 'tinybench' from 'node_modules' folder, target file types: TypeScript, JavaScript, Declaration, JSON.
Searching all ancestor node_modules directories for preferred extensions: TypeScript, Declaration.
Directory '/Users/sherrychang/Documents/viridis-extension/node_modules/vitest/dist/node_modules' does not exist, skipping all lookups in it.
Directory '/Users/sherrychang/Documents/viridis-extension/node_modules/vitest/node_modules' does not exist, skipping all lookups in it.
Found 'package.json' at '/Users/sherrychang/Documents/viridis-extension/node_modules/tinybench/package.json'.
Entering conditional exports.
Saw non-matching condition 'require'.
Matched 'exports' condition 'import'.
Using 'exports' subpath '.' with target './dist/index.js'.
File name '/Users/sherrychang/Documents/viridis-extension/node_modules/tinybench/dist/index.js' has a '.js' extension - stripping it.
File '/Users/sherrychang/Documents/viridis-extension/node_modules/tinybench/dist/index.ts' does not exist.
File '/Users/sherrychang/Documents/viridis-extension/node_modules/tinybench/dist/index.tsx' does not exist.
File '/Users/sherrychang/Documents/viridis-extension/node_modules/tinybench/dist/index.d.ts' exists - use it as a name resolution result.
'package.json' does not have a 'peerDependencies' field.
Resolved under condition 'import'.
Exiting conditional exports.
Resolving real path for '/Users/sherrychang/Documents/viridis-extension/node_modules/tinybench/dist/index.d.ts', result '/Users/sherrychang/Documents/viridis-extension/node_modules/tinybench/dist/index.d.ts'.
======== Module name 'tinybench' was successfully resolved to '/Users/sherrychang/Documents/viridis-extension/node_modules/tinybench/dist/index.d.ts' with Package ID 'tinybench/dist/index.d.ts@2.9.0'. ========
======== Resolving module '@vitest/runner/utils' from '/Users/sherrychang/Documents/viridis-extension/node_modules/vitest/dist/index.d.ts'. ========
Explicitly specified module resolution kind: 'Bundler'.
Resolving in CJS mode with conditions 'import', 'types'.
File '/Users/sherrychang/Documents/viridis-extension/node_modules/vitest/dist/package.json' does not exist according to earlier cached lookups.
File '/Users/sherrychang/Documents/viridis-extension/node_modules/vitest/package.json' exists according to earlier cached lookups.
Loading module '@vitest/runner/utils' from 'node_modules' folder, target file types: TypeScript, JavaScript, Declaration, JSON.
Searching all ancestor node_modules directories for preferred extensions: TypeScript, Declaration.
Directory '/Users/sherrychang/Documents/viridis-extension/node_modules/vitest/dist/node_modules' does not exist, skipping all lookups in it.
Scoped package detected, looking in 'vitest__runner/utils'
Directory '/Users/sherrychang/Documents/viridis-extension/node_modules/vitest/node_modules' does not exist, skipping all lookups in it.
Scoped package detected, looking in 'vitest__runner/utils'
File '/Users/sherrychang/Documents/viridis-extension/node_modules/@vitest/runner/package.json' exists according to earlier cached lookups.
Entering conditional exports.
Matched 'exports' condition 'types'.
Using 'exports' subpath './utils' with target './dist/utils.d.ts'.
File '/Users/sherrychang/Documents/viridis-extension/node_modules/@vitest/runner/dist/utils.d.ts' exists - use it as a name resolution result.
Resolved under condition 'types'.
Exiting conditional exports.
Resolving real path for '/Users/sherrychang/Documents/viridis-extension/node_modules/@vitest/runner/dist/utils.d.ts', result '/Users/sherrychang/Documents/viridis-extension/node_modules/@vitest/runner/dist/utils.d.ts'.
======== Module name '@vitest/runner/utils' was successfully resolved to '/Users/sherrychang/Documents/viridis-extension/node_modules/@vitest/runner/dist/utils.d.ts' with Package ID '@vitest/runner/dist/utils.d.ts@1.6.1'. ========
======== Resolving module 'vite-node' from '/Users/sherrychang/Documents/viridis-extension/node_modules/vitest/dist/index.d.ts'. ========
Explicitly specified module resolution kind: 'Bundler'.
Resolving in CJS mode with conditions 'import', 'types'.
File '/Users/sherrychang/Documents/viridis-extension/node_modules/vitest/dist/package.json' does not exist according to earlier cached lookups.
File '/Users/sherrychang/Documents/viridis-extension/node_modules/vitest/package.json' exists according to earlier cached lookups.
Loading module 'vite-node' from 'node_modules' folder, target file types: TypeScript, JavaScript, Declaration, JSON.
Searching all ancestor node_modules directories for preferred extensions: TypeScript, Declaration.
Directory '/Users/sherrychang/Documents/viridis-extension/node_modules/vitest/dist/node_modules' does not exist, skipping all lookups in it.
Directory '/Users/sherrychang/Documents/viridis-extension/node_modules/vitest/node_modules' does not exist, skipping all lookups in it.
Found 'package.json' at '/Users/sherrychang/Documents/viridis-extension/node_modules/vite-node/package.json'.
Entering conditional exports.
Matched 'exports' condition 'types'.
Using 'exports' subpath '.' with target './dist/index.d.ts'.
File '/Users/sherrychang/Documents/viridis-extension/node_modules/vite-node/dist/index.d.ts' exists - use it as a name resolution result.
'package.json' does not have a 'peerDependencies' field.
Resolved under condition 'types'.
Exiting conditional exports.
Resolving real path for '/Users/sherrychang/Documents/viridis-extension/node_modules/vite-node/dist/index.d.ts', result '/Users/sherrychang/Documents/viridis-extension/node_modules/vite-node/dist/index.d.ts'.
======== Module name 'vite-node' was successfully resolved to '/Users/sherrychang/Documents/viridis-extension/node_modules/vite-node/dist/index.d.ts' with Package ID 'vite-node/dist/index.d.ts@1.6.1'. ========
======== Resolving module 'node:stream' from '/Users/sherrychang/Documents/viridis-extension/node_modules/vitest/dist/index.d.ts'. ========
Explicitly specified module resolution kind: 'Bundler'.
Resolving in CJS mode with conditions 'import', 'types'.
File '/Users/sherrychang/Documents/viridis-extension/node_modules/vitest/dist/package.json' does not exist according to earlier cached lookups.
File '/Users/sherrychang/Documents/viridis-extension/node_modules/vitest/package.json' exists according to earlier cached lookups.
Skipping module 'node:stream' that looks like an absolute URI, target file types: TypeScript, JavaScript, Declaration, JSON.
======== Module name 'node:stream' was not resolved. ========
======== Resolving module 'vite-node/client' from '/Users/sherrychang/Documents/viridis-extension/node_modules/vitest/dist/index.d.ts'. ========
Explicitly specified module resolution kind: 'Bundler'.
Resolving in CJS mode with conditions 'import', 'types'.
File '/Users/sherrychang/Documents/viridis-extension/node_modules/vitest/dist/package.json' does not exist according to earlier cached lookups.
File '/Users/sherrychang/Documents/viridis-extension/node_modules/vitest/package.json' exists according to earlier cached lookups.
Loading module 'vite-node/client' from 'node_modules' folder, target file types: TypeScript, JavaScript, Declaration, JSON.
Searching all ancestor node_modules directories for preferred extensions: TypeScript, Declaration.
Directory '/Users/sherrychang/Documents/viridis-extension/node_modules/vitest/dist/node_modules' does not exist, skipping all lookups in it.
Directory '/Users/sherrychang/Documents/viridis-extension/node_modules/vitest/node_modules' does not exist, skipping all lookups in it.
File '/Users/sherrychang/Documents/viridis-extension/node_modules/vite-node/package.json' exists according to earlier cached lookups.
Entering conditional exports.
Matched 'exports' condition 'types'.
Using 'exports' subpath './client' with target './dist/client.d.ts'.
File '/Users/sherrychang/Documents/viridis-extension/node_modules/vite-node/dist/client.d.ts' exists - use it as a name resolution result.
Resolved under condition 'types'.
Exiting conditional exports.
Resolving real path for '/Users/sherrychang/Documents/viridis-extension/node_modules/vite-node/dist/client.d.ts', result '/Users/sherrychang/Documents/viridis-extension/node_modules/vite-node/dist/client.d.ts'.
======== Module name 'vite-node/client' was successfully resolved to '/Users/sherrychang/Documents/viridis-extension/node_modules/vite-node/dist/client.d.ts' with Package ID 'vite-node/dist/client.d.ts@1.6.1'. ========
======== Resolving module '@vitest/snapshot/manager' from '/Users/sherrychang/Documents/viridis-extension/node_modules/vitest/dist/index.d.ts'. ========
Explicitly specified module resolution kind: 'Bundler'.
Resolving in CJS mode with conditions 'import', 'types'.
File '/Users/sherrychang/Documents/viridis-extension/node_modules/vitest/dist/package.json' does not exist according to earlier cached lookups.
File '/Users/sherrychang/Documents/viridis-extension/node_modules/vitest/package.json' exists according to earlier cached lookups.
Loading module '@vitest/snapshot/manager' from 'node_modules' folder, target file types: TypeScript, JavaScript, Declaration, JSON.
Searching all ancestor node_modules directories for preferred extensions: TypeScript, Declaration.
Directory '/Users/sherrychang/Documents/viridis-extension/node_modules/vitest/dist/node_modules' does not exist, skipping all lookups in it.
Scoped package detected, looking in 'vitest__snapshot/manager'
Directory '/Users/sherrychang/Documents/viridis-extension/node_modules/vitest/node_modules' does not exist, skipping all lookups in it.
Scoped package detected, looking in 'vitest__snapshot/manager'
File '/Users/sherrychang/Documents/viridis-extension/node_modules/@vitest/snapshot/package.json' exists according to earlier cached lookups.
Entering conditional exports.
Matched 'exports' condition 'types'.
Using 'exports' subpath './manager' with target './dist/manager.d.ts'.
File '/Users/sherrychang/Documents/viridis-extension/node_modules/@vitest/snapshot/dist/manager.d.ts' exists - use it as a name resolution result.
Resolved under condition 'types'.
Exiting conditional exports.
Resolving real path for '/Users/sherrychang/Documents/viridis-extension/node_modules/@vitest/snapshot/dist/manager.d.ts', result '/Users/sherrychang/Documents/viridis-extension/node_modules/@vitest/snapshot/dist/manager.d.ts'.
======== Module name '@vitest/snapshot/manager' was successfully resolved to '/Users/sherrychang/Documents/viridis-extension/node_modules/@vitest/snapshot/dist/manager.d.ts' with Package ID '@vitest/snapshot/dist/manager.d.ts@1.6.1'. ========
======== Resolving module 'vite-node/server' from '/Users/sherrychang/Documents/viridis-extension/node_modules/vitest/dist/index.d.ts'. ========
Explicitly specified module resolution kind: 'Bundler'.
Resolving in CJS mode with conditions 'import', 'types'.
File '/Users/sherrychang/Documents/viridis-extension/node_modules/vitest/dist/package.json' does not exist according to earlier cached lookups.
File '/Users/sherrychang/Documents/viridis-extension/node_modules/vitest/package.json' exists according to earlier cached lookups.
Loading module 'vite-node/server' from 'node_modules' folder, target file types: TypeScript, JavaScript, Declaration, JSON.
Searching all ancestor node_modules directories for preferred extensions: TypeScript, Declaration.
Directory '/Users/sherrychang/Documents/viridis-extension/node_modules/vitest/dist/node_modules' does not exist, skipping all lookups in it.
Directory '/Users/sherrychang/Documents/viridis-extension/node_modules/vitest/node_modules' does not exist, skipping all lookups in it.
File '/Users/sherrychang/Documents/viridis-extension/node_modules/vite-node/package.json' exists according to earlier cached lookups.
Entering conditional exports.
Matched 'exports' condition 'types'.
Using 'exports' subpath './server' with target './dist/server.d.ts'.
File '/Users/sherrychang/Documents/viridis-extension/node_modules/vite-node/dist/server.d.ts' exists - use it as a name resolution result.
Resolved under condition 'types'.
Exiting conditional exports.
Resolving real path for '/Users/sherrychang/Documents/viridis-extension/node_modules/vite-node/dist/server.d.ts', result '/Users/sherrychang/Documents/viridis-extension/node_modules/vite-node/dist/server.d.ts'.
======== Module name 'vite-node/server' was successfully resolved to '/Users/sherrychang/Documents/viridis-extension/node_modules/vite-node/dist/server.d.ts' with Package ID 'vite-node/dist/server.d.ts@1.6.1'. ========
======== Resolving module 'node:worker_threads' from '/Users/sherrychang/Documents/viridis-extension/node_modules/vitest/dist/index.d.ts'. ========
Explicitly specified module resolution kind: 'Bundler'.
Resolving in CJS mode with conditions 'import', 'types'.
File '/Users/sherrychang/Documents/viridis-extension/node_modules/vitest/dist/package.json' does not exist according to earlier cached lookups.
File '/Users/sherrychang/Documents/viridis-extension/node_modules/vitest/package.json' exists according to earlier cached lookups.
Skipping module 'node:worker_threads' that looks like an absolute URI, target file types: TypeScript, JavaScript, Declaration, JSON.
======== Module name 'node:worker_threads' was not resolved. ========
======== Resolving module 'node:fs' from '/Users/sherrychang/Documents/viridis-extension/node_modules/vitest/dist/index.d.ts'. ========
Explicitly specified module resolution kind: 'Bundler'.
Resolving in CJS mode with conditions 'import', 'types'.
File '/Users/sherrychang/Documents/viridis-extension/node_modules/vitest/dist/package.json' does not exist according to earlier cached lookups.
File '/Users/sherrychang/Documents/viridis-extension/node_modules/vitest/package.json' exists according to earlier cached lookups.
Skipping module 'node:fs' that looks like an absolute URI, target file types: TypeScript, JavaScript, Declaration, JSON.
======== Module name 'node:fs' was not resolved. ========
File '/Users/sherrychang/Documents/viridis-extension/node_modules/@vitest/runner/dist/package.json' does not exist.
File '/Users/sherrychang/Documents/viridis-extension/node_modules/@vitest/runner/package.json' exists according to earlier cached lookups.
======== Resolving module './types.js' from '/Users/sherrychang/Documents/viridis-extension/node_modules/@vitest/runner/dist/index.d.ts'. ========
Explicitly specified module resolution kind: 'Bundler'.
Resolving in CJS mode with conditions 'import', 'types'.
Loading module as file / folder, candidate module location '/Users/sherrychang/Documents/viridis-extension/node_modules/@vitest/runner/dist/types.js', target file types: TypeScript, JavaScript, Declaration, JSON.
File name '/Users/sherrychang/Documents/viridis-extension/node_modules/@vitest/runner/dist/types.js' has a '.js' extension - stripping it.
File '/Users/sherrychang/Documents/viridis-extension/node_modules/@vitest/runner/dist/types.ts' does not exist.
File '/Users/sherrychang/Documents/viridis-extension/node_modules/@vitest/runner/dist/types.tsx' does not exist.
File '/Users/sherrychang/Documents/viridis-extension/node_modules/@vitest/runner/dist/types.d.ts' exists - use it as a name resolution result.
File '/Users/sherrychang/Documents/viridis-extension/node_modules/@vitest/runner/package.json' exists according to earlier cached lookups.
======== Module name './types.js' was successfully resolved to '/Users/sherrychang/Documents/viridis-extension/node_modules/@vitest/runner/dist/types.d.ts' with Package ID '@vitest/runner/dist/types.d.ts@1.6.1'. ========
======== Resolving module './tasks-K5XERDtv.js' from '/Users/sherrychang/Documents/viridis-extension/node_modules/@vitest/runner/dist/index.d.ts'. ========
Explicitly specified module resolution kind: 'Bundler'.
Resolving in CJS mode with conditions 'import', 'types'.
Loading module as file / folder, candidate module location '/Users/sherrychang/Documents/viridis-extension/node_modules/@vitest/runner/dist/tasks-K5XERDtv.js', target file types: TypeScript, JavaScript, Declaration, JSON.
File name '/Users/sherrychang/Documents/viridis-extension/node_modules/@vitest/runner/dist/tasks-K5XERDtv.js' has a '.js' extension - stripping it.
File '/Users/sherrychang/Documents/viridis-extension/node_modules/@vitest/runner/dist/tasks-K5XERDtv.ts' does not exist.
File '/Users/sherrychang/Documents/viridis-extension/node_modules/@vitest/runner/dist/tasks-K5XERDtv.tsx' does not exist.
File '/Users/sherrychang/Documents/viridis-extension/node_modules/@vitest/runner/dist/tasks-K5XERDtv.d.ts' exists - use it as a name resolution result.
File '/Users/sherrychang/Documents/viridis-extension/node_modules/@vitest/runner/package.json' exists according to earlier cached lookups.
======== Module name './tasks-K5XERDtv.js' was successfully resolved to '/Users/sherrychang/Documents/viridis-extension/node_modules/@vitest/runner/dist/tasks-K5XERDtv.d.ts' with Package ID '@vitest/runner/dist/tasks-K5XERDtv.d.ts@1.6.1'. ========
======== Resolving module '@vitest/utils' from '/Users/sherrychang/Documents/viridis-extension/node_modules/@vitest/runner/dist/index.d.ts'. ========
Explicitly specified module resolution kind: 'Bundler'.
Resolving in CJS mode with conditions 'import', 'types'.
File '/Users/sherrychang/Documents/viridis-extension/node_modules/@vitest/runner/dist/package.json' does not exist according to earlier cached lookups.
File '/Users/sherrychang/Documents/viridis-extension/node_modules/@vitest/runner/package.json' exists according to earlier cached lookups.
Loading module '@vitest/utils' from 'node_modules' folder, target file types: TypeScript, JavaScript, Declaration, JSON.
Searching all ancestor node_modules directories for preferred extensions: TypeScript, Declaration.
Directory '/Users/sherrychang/Documents/viridis-extension/node_modules/@vitest/runner/dist/node_modules' does not exist, skipping all lookups in it.
Scoped package detected, looking in 'vitest__utils'
Directory '/Users/sherrychang/Documents/viridis-extension/node_modules/@vitest/runner/node_modules/@types' does not exist, skipping all lookups in it.
Scoped package detected, looking in 'vitest__utils'
Directory '/Users/sherrychang/Documents/viridis-extension/node_modules/@vitest/node_modules' does not exist, skipping all lookups in it.
Scoped package detected, looking in 'vitest__utils'
File '/Users/sherrychang/Documents/viridis-extension/node_modules/@vitest/utils/package.json' exists according to earlier cached lookups.
Entering conditional exports.
Matched 'exports' condition 'types'.
Using 'exports' subpath '.' with target './dist/index.d.ts'.
File '/Users/sherrychang/Documents/viridis-extension/node_modules/@vitest/utils/dist/index.d.ts' exists - use it as a name resolution result.
Resolved under condition 'types'.
Exiting conditional exports.
Resolving real path for '/Users/sherrychang/Documents/viridis-extension/node_modules/@vitest/utils/dist/index.d.ts', result '/Users/sherrychang/Documents/viridis-extension/node_modules/@vitest/utils/dist/index.d.ts'.
======== Module name '@vitest/utils' was successfully resolved to '/Users/sherrychang/Documents/viridis-extension/node_modules/@vitest/utils/dist/index.d.ts' with Package ID '@vitest/utils/dist/index.d.ts@1.6.1'. ========
======== Resolving module '@vitest/utils/error' from '/Users/sherrychang/Documents/viridis-extension/node_modules/@vitest/runner/dist/index.d.ts'. ========
Explicitly specified module resolution kind: 'Bundler'.
Resolving in CJS mode with conditions 'import', 'types'.
File '/Users/sherrychang/Documents/viridis-extension/node_modules/@vitest/runner/dist/package.json' does not exist according to earlier cached lookups.
File '/Users/sherrychang/Documents/viridis-extension/node_modules/@vitest/runner/package.json' exists according to earlier cached lookups.
Loading module '@vitest/utils/error' from 'node_modules' folder, target file types: TypeScript, JavaScript, Declaration, JSON.
Searching all ancestor node_modules directories for preferred extensions: TypeScript, Declaration.
Directory '/Users/sherrychang/Documents/viridis-extension/node_modules/@vitest/runner/dist/node_modules' does not exist, skipping all lookups in it.
Scoped package detected, looking in 'vitest__utils/error'
Directory '/Users/sherrychang/Documents/viridis-extension/node_modules/@vitest/runner/node_modules/@types' does not exist, skipping all lookups in it.
Scoped package detected, looking in 'vitest__utils/error'
Directory '/Users/sherrychang/Documents/viridis-extension/node_modules/@vitest/node_modules' does not exist, skipping all lookups in it.
Scoped package detected, looking in 'vitest__utils/error'
File '/Users/sherrychang/Documents/viridis-extension/node_modules/@vitest/utils/package.json' exists according to earlier cached lookups.
Entering conditional exports.
Matched 'exports' condition 'types'.
Using 'exports' subpath './error' with target './dist/error.d.ts'.
File '/Users/sherrychang/Documents/viridis-extension/node_modules/@vitest/utils/dist/error.d.ts' exists - use it as a name resolution result.
Resolved under condition 'types'.
Exiting conditional exports.
Resolving real path for '/Users/sherrychang/Documents/viridis-extension/node_modules/@vitest/utils/dist/error.d.ts', result '/Users/sherrychang/Documents/viridis-extension/node_modules/@vitest/utils/dist/error.d.ts'.
======== Module name '@vitest/utils/error' was successfully resolved to '/Users/sherrychang/Documents/viridis-extension/node_modules/@vitest/utils/dist/error.d.ts' with Package ID '@vitest/utils/dist/error.d.ts@1.6.1'. ========
======== Resolving module '@vitest/utils/diff' from '/Users/sherrychang/Documents/viridis-extension/node_modules/@vitest/runner/dist/index.d.ts'. ========
Explicitly specified module resolution kind: 'Bundler'.
Resolving in CJS mode with conditions 'import', 'types'.
File '/Users/sherrychang/Documents/viridis-extension/node_modules/@vitest/runner/dist/package.json' does not exist according to earlier cached lookups.
File '/Users/sherrychang/Documents/viridis-extension/node_modules/@vitest/runner/package.json' exists according to earlier cached lookups.
Loading module '@vitest/utils/diff' from 'node_modules' folder, target file types: TypeScript, JavaScript, Declaration, JSON.
Searching all ancestor node_modules directories for preferred extensions: TypeScript, Declaration.
Directory '/Users/sherrychang/Documents/viridis-extension/node_modules/@vitest/runner/dist/node_modules' does not exist, skipping all lookups in it.
Scoped package detected, looking in 'vitest__utils/diff'
Directory '/Users/sherrychang/Documents/viridis-extension/node_modules/@vitest/runner/node_modules/@types' does not exist, skipping all lookups in it.
Scoped package detected, looking in 'vitest__utils/diff'
Directory '/Users/sherrychang/Documents/viridis-extension/node_modules/@vitest/node_modules' does not exist, skipping all lookups in it.
Scoped package detected, looking in 'vitest__utils/diff'
File '/Users/sherrychang/Documents/viridis-extension/node_modules/@vitest/utils/package.json' exists according to earlier cached lookups.
Entering conditional exports.
Matched 'exports' condition 'types'.
Using 'exports' subpath './diff' with target './dist/diff.d.ts'.
File '/Users/sherrychang/Documents/viridis-extension/node_modules/@vitest/utils/dist/diff.d.ts' exists - use it as a name resolution result.
Resolved under condition 'types'.
Exiting conditional exports.
Resolving real path for '/Users/sherrychang/Documents/viridis-extension/node_modules/@vitest/utils/dist/diff.d.ts', result '/Users/sherrychang/Documents/viridis-extension/node_modules/@vitest/utils/dist/diff.d.ts'.
======== Module name '@vitest/utils/diff' was successfully resolved to '/Users/sherrychang/Documents/viridis-extension/node_modules/@vitest/utils/dist/diff.d.ts' with Package ID '@vitest/utils/dist/diff.d.ts@1.6.1'. ========
File '/Users/sherrychang/Documents/viridis-extension/node_modules/@vitest/runner/dist/package.json' does not exist according to earlier cached lookups.
File '/Users/sherrychang/Documents/viridis-extension/node_modules/@vitest/runner/package.json' exists according to earlier cached lookups.
======== Resolving module './tasks-K5XERDtv.js' from '/Users/sherrychang/Documents/viridis-extension/node_modules/@vitest/runner/dist/types.d.ts'. ========
Resolution for module './tasks-K5XERDtv.js' was found in cache from location '/Users/sherrychang/Documents/viridis-extension/node_modules/@vitest/runner/dist'.
======== Module name './tasks-K5XERDtv.js' was successfully resolved to '/Users/sherrychang/Documents/viridis-extension/node_modules/@vitest/runner/dist/tasks-K5XERDtv.d.ts' with Package ID '@vitest/runner/dist/tasks-K5XERDtv.d.ts@1.6.1'. ========
======== Resolving module '@vitest/utils/diff' from '/Users/sherrychang/Documents/viridis-extension/node_modules/@vitest/runner/dist/types.d.ts'. ========
Resolution for module '@vitest/utils/diff' was found in cache from location '/Users/sherrychang/Documents/viridis-extension/node_modules/@vitest/runner/dist'.
======== Module name '@vitest/utils/diff' was successfully resolved to '/Users/sherrychang/Documents/viridis-extension/node_modules/@vitest/utils/dist/diff.d.ts' with Package ID '@vitest/utils/dist/diff.d.ts@1.6.1'. ========
======== Resolving module '@vitest/utils' from '/Users/sherrychang/Documents/viridis-extension/node_modules/@vitest/runner/dist/types.d.ts'. ========
Resolution for module '@vitest/utils' was found in cache from location '/Users/sherrychang/Documents/viridis-extension/node_modules/@vitest/runner/dist'.
======== Module name '@vitest/utils' was successfully resolved to '/Users/sherrychang/Documents/viridis-extension/node_modules/@vitest/utils/dist/index.d.ts' with Package ID '@vitest/utils/dist/index.d.ts@1.6.1'. ========
File '/Users/sherrychang/Documents/viridis-extension/node_modules/@vitest/runner/dist/package.json' does not exist according to earlier cached lookups.
File '/Users/sherrychang/Documents/viridis-extension/node_modules/@vitest/runner/package.json' exists according to earlier cached lookups.
======== Resolving module '@vitest/utils' from '/Users/sherrychang/Documents/viridis-extension/node_modules/@vitest/runner/dist/tasks-K5XERDtv.d.ts'. ========
Resolution for module '@vitest/utils' was found in cache from location '/Users/sherrychang/Documents/viridis-extension/node_modules/@vitest/runner/dist'.
======== Module name '@vitest/utils' was successfully resolved to '/Users/sherrychang/Documents/viridis-extension/node_modules/@vitest/utils/dist/index.d.ts' with Package ID '@vitest/utils/dist/index.d.ts@1.6.1'. ========
File '/Users/sherrychang/Documents/viridis-extension/node_modules/@vitest/utils/dist/package.json' does not exist.
File '/Users/sherrychang/Documents/viridis-extension/node_modules/@vitest/utils/package.json' exists according to earlier cached lookups.
======== Resolving module './helpers.js' from '/Users/sherrychang/Documents/viridis-extension/node_modules/@vitest/utils/dist/index.d.ts'. ========
Explicitly specified module resolution kind: 'Bundler'.
Resolving in CJS mode with conditions 'import', 'types'.
Loading module as file / folder, candidate module location '/Users/sherrychang/Documents/viridis-extension/node_modules/@vitest/utils/dist/helpers.js', target file types: TypeScript, JavaScript, Declaration, JSON.
File name '/Users/sherrychang/Documents/viridis-extension/node_modules/@vitest/utils/dist/helpers.js' has a '.js' extension - stripping it.
File '/Users/sherrychang/Documents/viridis-extension/node_modules/@vitest/utils/dist/helpers.ts' does not exist.
File '/Users/sherrychang/Documents/viridis-extension/node_modules/@vitest/utils/dist/helpers.tsx' does not exist.
File '/Users/sherrychang/Documents/viridis-extension/node_modules/@vitest/utils/dist/helpers.d.ts' exists - use it as a name resolution result.
File '/Users/sherrychang/Documents/viridis-extension/node_modules/@vitest/utils/package.json' exists according to earlier cached lookups.
======== Module name './helpers.js' was successfully resolved to '/Users/sherrychang/Documents/viridis-extension/node_modules/@vitest/utils/dist/helpers.d.ts' with Package ID '@vitest/utils/dist/helpers.d.ts@1.6.1'. ========
======== Resolving module './types.js' from '/Users/sherrychang/Documents/viridis-extension/node_modules/@vitest/utils/dist/index.d.ts'. ========
Explicitly specified module resolution kind: 'Bundler'.
Resolving in CJS mode with conditions 'import', 'types'.
Loading module as file / folder, candidate module location '/Users/sherrychang/Documents/viridis-extension/node_modules/@vitest/utils/dist/types.js', target file types: TypeScript, JavaScript, Declaration, JSON.
File name '/Users/sherrychang/Documents/viridis-extension/node_modules/@vitest/utils/dist/types.js' has a '.js' extension - stripping it.
File '/Users/sherrychang/Documents/viridis-extension/node_modules/@vitest/utils/dist/types.ts' does not exist.
File '/Users/sherrychang/Documents/viridis-extension/node_modules/@vitest/utils/dist/types.tsx' does not exist.
File '/Users/sherrychang/Documents/viridis-extension/node_modules/@vitest/utils/dist/types.d.ts' exists - use it as a name resolution result.
File '/Users/sherrychang/Documents/viridis-extension/node_modules/@vitest/utils/package.json' exists according to earlier cached lookups.
======== Module name './types.js' was successfully resolved to '/Users/sherrychang/Documents/viridis-extension/node_modules/@vitest/utils/dist/types.d.ts' with Package ID '@vitest/utils/dist/types.d.ts@1.6.1'. ========
======== Resolving module 'pretty-format' from '/Users/sherrychang/Documents/viridis-extension/node_modules/@vitest/utils/dist/index.d.ts'. ========
Explicitly specified module resolution kind: 'Bundler'.
Resolving in CJS mode with conditions 'import', 'types'.
File '/Users/sherrychang/Documents/viridis-extension/node_modules/@vitest/utils/dist/package.json' does not exist according to earlier cached lookups.
File '/Users/sherrychang/Documents/viridis-extension/node_modules/@vitest/utils/package.json' exists according to earlier cached lookups.
Loading module 'pretty-format' from 'node_modules' folder, target file types: TypeScript, JavaScript, Declaration, JSON.
Searching all ancestor node_modules directories for preferred extensions: TypeScript, Declaration.
Directory '/Users/sherrychang/Documents/viridis-extension/node_modules/@vitest/utils/dist/node_modules' does not exist, skipping all lookups in it.
Found 'package.json' at '/Users/sherrychang/Documents/viridis-extension/node_modules/@vitest/utils/node_modules/pretty-format/package.json'.
Entering conditional exports.
Matched 'exports' condition 'types'.
Using 'exports' subpath '.' with target './build/index.d.ts'.
File '/Users/sherrychang/Documents/viridis-extension/node_modules/@vitest/utils/node_modules/pretty-format/build/index.d.ts' exists - use it as a name resolution result.
'package.json' does not have a 'peerDependencies' field.
Resolved under condition 'types'.
Exiting conditional exports.
Resolving real path for '/Users/sherrychang/Documents/viridis-extension/node_modules/@vitest/utils/node_modules/pretty-format/build/index.d.ts', result '/Users/sherrychang/Documents/viridis-extension/node_modules/@vitest/utils/node_modules/pretty-format/build/index.d.ts'.
======== Module name 'pretty-format' was successfully resolved to '/Users/sherrychang/Documents/viridis-extension/node_modules/@vitest/utils/node_modules/pretty-format/build/index.d.ts' with Package ID 'pretty-format/build/index.d.ts@29.7.0'. ========
File '/Users/sherrychang/Documents/viridis-extension/node_modules/@vitest/utils/dist/package.json' does not exist according to earlier cached lookups.
File '/Users/sherrychang/Documents/viridis-extension/node_modules/@vitest/utils/package.json' exists according to earlier cached lookups.
======== Resolving module './types.js' from '/Users/sherrychang/Documents/viridis-extension/node_modules/@vitest/utils/dist/helpers.d.ts'. ========
Resolution for module './types.js' was found in cache from location '/Users/sherrychang/Documents/viridis-extension/node_modules/@vitest/utils/dist'.
======== Module name './types.js' was successfully resolved to '/Users/sherrychang/Documents/viridis-extension/node_modules/@vitest/utils/dist/types.d.ts' with Package ID '@vitest/utils/dist/types.d.ts@1.6.1'. ========
File '/Users/sherrychang/Documents/viridis-extension/node_modules/@vitest/utils/dist/package.json' does not exist according to earlier cached lookups.
File '/Users/sherrychang/Documents/viridis-extension/node_modules/@vitest/utils/package.json' exists according to earlier cached lookups.
File '/Users/sherrychang/Documents/viridis-extension/node_modules/@vitest/utils/node_modules/pretty-format/build/package.json' does not exist.
File '/Users/sherrychang/Documents/viridis-extension/node_modules/@vitest/utils/node_modules/pretty-format/package.json' exists according to earlier cached lookups.
======== Resolving module '@jest/schemas' from '/Users/sherrychang/Documents/viridis-extension/node_modules/@vitest/utils/node_modules/pretty-format/build/index.d.ts'. ========
Explicitly specified module resolution kind: 'Bundler'.
Resolving in CJS mode with conditions 'import', 'types'.
File '/Users/sherrychang/Documents/viridis-extension/node_modules/@vitest/utils/node_modules/pretty-format/build/package.json' does not exist according to earlier cached lookups.
File '/Users/sherrychang/Documents/viridis-extension/node_modules/@vitest/utils/node_modules/pretty-format/package.json' exists according to earlier cached lookups.
Loading module '@jest/schemas' from 'node_modules' folder, target file types: TypeScript, JavaScript, Declaration, JSON.
Searching all ancestor node_modules directories for preferred extensions: TypeScript, Declaration.
Directory '/Users/sherrychang/Documents/viridis-extension/node_modules/@vitest/utils/node_modules/pretty-format/build/node_modules' does not exist, skipping all lookups in it.
Scoped package detected, looking in 'jest__schemas'
Directory '/Users/sherrychang/Documents/viridis-extension/node_modules/@vitest/utils/node_modules/pretty-format/node_modules' does not exist, skipping all lookups in it.
Scoped package detected, looking in 'jest__schemas'
Directory '/Users/sherrychang/Documents/viridis-extension/node_modules/@vitest/utils/node_modules/@types' does not exist, skipping all lookups in it.
Scoped package detected, looking in 'jest__schemas'
Directory '/Users/sherrychang/Documents/viridis-extension/node_modules/@vitest/node_modules' does not exist, skipping all lookups in it.
Scoped package detected, looking in 'jest__schemas'
Found 'package.json' at '/Users/sherrychang/Documents/viridis-extension/node_modules/@jest/schemas/package.json'.
Entering conditional exports.
Matched 'exports' condition 'types'.
Using 'exports' subpath '.' with target './build/index.d.ts'.
File '/Users/sherrychang/Documents/viridis-extension/node_modules/@jest/schemas/build/index.d.ts' exists - use it as a name resolution result.
'package.json' does not have a 'peerDependencies' field.
Resolved under condition 'types'.
Exiting conditional exports.
Resolving real path for '/Users/sherrychang/Documents/viridis-extension/node_modules/@jest/schemas/build/index.d.ts', result '/Users/sherrychang/Documents/viridis-extension/node_modules/@jest/schemas/build/index.d.ts'.
======== Module name '@jest/schemas' was successfully resolved to '/Users/sherrychang/Documents/viridis-extension/node_modules/@jest/schemas/build/index.d.ts' with Package ID '@jest/schemas/build/index.d.ts@29.6.3'. ========
File '/Users/sherrychang/Documents/viridis-extension/node_modules/@jest/schemas/build/package.json' does not exist.
File '/Users/sherrychang/Documents/viridis-extension/node_modules/@jest/schemas/package.json' exists according to earlier cached lookups.
======== Resolving module '@sinclair/typebox' from '/Users/sherrychang/Documents/viridis-extension/node_modules/@jest/schemas/build/index.d.ts'. ========
Explicitly specified module resolution kind: 'Bundler'.
Resolving in CJS mode with conditions 'import', 'types'.
File '/Users/sherrychang/Documents/viridis-extension/node_modules/@jest/schemas/build/package.json' does not exist according to earlier cached lookups.
File '/Users/sherrychang/Documents/viridis-extension/node_modules/@jest/schemas/package.json' exists according to earlier cached lookups.
Loading module '@sinclair/typebox' from 'node_modules' folder, target file types: TypeScript, JavaScript, Declaration, JSON.
Searching all ancestor node_modules directories for preferred extensions: TypeScript, Declaration.
Directory '/Users/sherrychang/Documents/viridis-extension/node_modules/@jest/schemas/build/node_modules' does not exist, skipping all lookups in it.
Scoped package detected, looking in 'sinclair__typebox'
Directory '/Users/sherrychang/Documents/viridis-extension/node_modules/@jest/schemas/node_modules' does not exist, skipping all lookups in it.
Scoped package detected, looking in 'sinclair__typebox'
Directory '/Users/sherrychang/Documents/viridis-extension/node_modules/@jest/node_modules' does not exist, skipping all lookups in it.
Scoped package detected, looking in 'sinclair__typebox'
Found 'package.json' at '/Users/sherrychang/Documents/viridis-extension/node_modules/@sinclair/typebox/package.json'.
Using 'exports' subpath '.' with target './typebox.js'.
File name '/Users/sherrychang/Documents/viridis-extension/node_modules/@sinclair/typebox/typebox.js' has a '.js' extension - stripping it.
File '/Users/sherrychang/Documents/viridis-extension/node_modules/@sinclair/typebox/typebox.ts' does not exist.
File '/Users/sherrychang/Documents/viridis-extension/node_modules/@sinclair/typebox/typebox.tsx' does not exist.
File '/Users/sherrychang/Documents/viridis-extension/node_modules/@sinclair/typebox/typebox.d.ts' exists - use it as a name resolution result.
'package.json' does not have a 'peerDependencies' field.
Resolving real path for '/Users/sherrychang/Documents/viridis-extension/node_modules/@sinclair/typebox/typebox.d.ts', result '/Users/sherrychang/Documents/viridis-extension/node_modules/@sinclair/typebox/typebox.d.ts'.
======== Module name '@sinclair/typebox' was successfully resolved to '/Users/sherrychang/Documents/viridis-extension/node_modules/@sinclair/typebox/typebox.d.ts' with Package ID '@sinclair/typebox/typebox.d.ts@0.27.8'. ========
File '/Users/sherrychang/Documents/viridis-extension/node_modules/@sinclair/typebox/package.json' exists according to earlier cached lookups.
File '/Users/sherrychang/Documents/viridis-extension/node_modules/@vitest/utils/dist/package.json' does not exist according to earlier cached lookups.
File '/Users/sherrychang/Documents/viridis-extension/node_modules/@vitest/utils/package.json' exists according to earlier cached lookups.
======== Resolving module './types-9l4niLY8.js' from '/Users/sherrychang/Documents/viridis-extension/node_modules/@vitest/utils/dist/diff.d.ts'. ========
Explicitly specified module resolution kind: 'Bundler'.
Resolving in CJS mode with conditions 'import', 'types'.
Loading module as file / folder, candidate module location '/Users/sherrychang/Documents/viridis-extension/node_modules/@vitest/utils/dist/types-9l4niLY8.js', target file types: TypeScript, JavaScript, Declaration, JSON.
File name '/Users/sherrychang/Documents/viridis-extension/node_modules/@vitest/utils/dist/types-9l4niLY8.js' has a '.js' extension - stripping it.
File '/Users/sherrychang/Documents/viridis-extension/node_modules/@vitest/utils/dist/types-9l4niLY8.ts' does not exist.
File '/Users/sherrychang/Documents/viridis-extension/node_modules/@vitest/utils/dist/types-9l4niLY8.tsx' does not exist.
File '/Users/sherrychang/Documents/viridis-extension/node_modules/@vitest/utils/dist/types-9l4niLY8.d.ts' exists - use it as a name resolution result.
File '/Users/sherrychang/Documents/viridis-extension/node_modules/@vitest/utils/package.json' exists according to earlier cached lookups.
======== Module name './types-9l4niLY8.js' was successfully resolved to '/Users/sherrychang/Documents/viridis-extension/node_modules/@vitest/utils/dist/types-9l4niLY8.d.ts' with Package ID '@vitest/utils/dist/types-9l4niLY8.d.ts@1.6.1'. ========
======== Resolving module 'pretty-format' from '/Users/sherrychang/Documents/viridis-extension/node_modules/@vitest/utils/dist/diff.d.ts'. ========
Resolution for module 'pretty-format' was found in cache from location '/Users/sherrychang/Documents/viridis-extension/node_modules/@vitest/utils/dist'.
======== Module name 'pretty-format' was successfully resolved to '/Users/sherrychang/Documents/viridis-extension/node_modules/@vitest/utils/node_modules/pretty-format/build/index.d.ts' with Package ID 'pretty-format/build/index.d.ts@29.7.0'. ========
File '/Users/sherrychang/Documents/viridis-extension/node_modules/@vitest/utils/dist/package.json' does not exist according to earlier cached lookups.
File '/Users/sherrychang/Documents/viridis-extension/node_modules/@vitest/utils/package.json' exists according to earlier cached lookups.
======== Resolving module 'pretty-format' from '/Users/sherrychang/Documents/viridis-extension/node_modules/@vitest/utils/dist/types-9l4niLY8.d.ts'. ========
Resolution for module 'pretty-format' was found in cache from location '/Users/sherrychang/Documents/viridis-extension/node_modules/@vitest/utils/dist'.
======== Module name 'pretty-format' was successfully resolved to '/Users/sherrychang/Documents/viridis-extension/node_modules/@vitest/utils/node_modules/pretty-format/build/index.d.ts' with Package ID 'pretty-format/build/index.d.ts@29.7.0'. ========
File '/Users/sherrychang/Documents/viridis-extension/node_modules/@vitest/utils/dist/package.json' does not exist according to earlier cached lookups.
File '/Users/sherrychang/Documents/viridis-extension/node_modules/@vitest/utils/package.json' exists according to earlier cached lookups.
======== Resolving module './types-9l4niLY8.js' from '/Users/sherrychang/Documents/viridis-extension/node_modules/@vitest/utils/dist/error.d.ts'. ========
Resolution for module './types-9l4niLY8.js' was found in cache from location '/Users/sherrychang/Documents/viridis-extension/node_modules/@vitest/utils/dist'.
======== Module name './types-9l4niLY8.js' was successfully resolved to '/Users/sherrychang/Documents/viridis-extension/node_modules/@vitest/utils/dist/types-9l4niLY8.d.ts' with Package ID '@vitest/utils/dist/types-9l4niLY8.d.ts@1.6.1'. ========
======== Resolving module 'pretty-format' from '/Users/sherrychang/Documents/viridis-extension/node_modules/@vitest/utils/dist/error.d.ts'. ========
Resolution for module 'pretty-format' was found in cache from location '/Users/sherrychang/Documents/viridis-extension/node_modules/@vitest/utils/dist'.
======== Module name 'pretty-format' was successfully resolved to '/Users/sherrychang/Documents/viridis-extension/node_modules/@vitest/utils/node_modules/pretty-format/build/index.d.ts' with Package ID 'pretty-format/build/index.d.ts@29.7.0'. ========
File '/Users/sherrychang/Documents/viridis-extension/node_modules/vitest/dist/package.json' does not exist according to earlier cached lookups.
File '/Users/sherrychang/Documents/viridis-extension/node_modules/vitest/package.json' exists according to earlier cached lookups.
======== Resolving module '@vitest/runner' from '/Users/sherrychang/Documents/viridis-extension/node_modules/vitest/dist/suite-dWqIFb_-.d.ts'. ========
Resolution for module '@vitest/runner' was found in cache from location '/Users/sherrychang/Documents/viridis-extension/node_modules/vitest/dist'.
======== Module name '@vitest/runner' was successfully resolved to '/Users/sherrychang/Documents/viridis-extension/node_modules/@vitest/runner/dist/index.d.ts' with Package ID '@vitest/runner/dist/index.d.ts@1.6.1'. ========
======== Resolving module '@vitest/runner/utils' from '/Users/sherrychang/Documents/viridis-extension/node_modules/vitest/dist/suite-dWqIFb_-.d.ts'. ========
Resolution for module '@vitest/runner/utils' was found in cache from location '/Users/sherrychang/Documents/viridis-extension/node_modules/vitest/dist'.
======== Module name '@vitest/runner/utils' was successfully resolved to '/Users/sherrychang/Documents/viridis-extension/node_modules/@vitest/runner/dist/utils.d.ts' with Package ID '@vitest/runner/dist/utils.d.ts@1.6.1'. ========
======== Resolving module './reporters-w_64AS5f.js' from '/Users/sherrychang/Documents/viridis-extension/node_modules/vitest/dist/suite-dWqIFb_-.d.ts'. ========
Resolution for module './reporters-w_64AS5f.js' was found in cache from location '/Users/sherrychang/Documents/viridis-extension/node_modules/vitest/dist'.
======== Module name './reporters-w_64AS5f.js' was successfully resolved to '/Users/sherrychang/Documents/viridis-extension/node_modules/vitest/dist/reporters-w_64AS5f.d.ts' with Package ID 'vitest/dist/reporters-w_64AS5f.d.ts@1.6.1+happy-dom@13.10.1+@vitest/ui@1.6.1'. ========
======== Resolving module 'tinybench' from '/Users/sherrychang/Documents/viridis-extension/node_modules/vitest/dist/suite-dWqIFb_-.d.ts'. ========
Resolution for module 'tinybench' was found in cache from location '/Users/sherrychang/Documents/viridis-extension/node_modules/vitest/dist'.
======== Module name 'tinybench' was successfully resolved to '/Users/sherrychang/Documents/viridis-extension/node_modules/tinybench/dist/index.d.ts' with Package ID 'tinybench/dist/index.d.ts@2.9.0'. ========
File '/Users/sherrychang/Documents/viridis-extension/node_modules/@vitest/runner/dist/package.json' does not exist according to earlier cached lookups.
File '/Users/sherrychang/Documents/viridis-extension/node_modules/@vitest/runner/package.json' exists according to earlier cached lookups.
======== Resolving module './tasks-K5XERDtv.js' from '/Users/sherrychang/Documents/viridis-extension/node_modules/@vitest/runner/dist/utils.d.ts'. ========
Resolution for module './tasks-K5XERDtv.js' was found in cache from location '/Users/sherrychang/Documents/viridis-extension/node_modules/@vitest/runner/dist'.
======== Module name './tasks-K5XERDtv.js' was successfully resolved to '/Users/sherrychang/Documents/viridis-extension/node_modules/@vitest/runner/dist/tasks-K5XERDtv.d.ts' with Package ID '@vitest/runner/dist/tasks-K5XERDtv.d.ts@1.6.1'. ========
======== Resolving module '@vitest/utils' from '/Users/sherrychang/Documents/viridis-extension/node_modules/@vitest/runner/dist/utils.d.ts'. ========
Resolution for module '@vitest/utils' was found in cache from location '/Users/sherrychang/Documents/viridis-extension/node_modules/@vitest/runner/dist'.
======== Module name '@vitest/utils' was successfully resolved to '/Users/sherrychang/Documents/viridis-extension/node_modules/@vitest/utils/dist/index.d.ts' with Package ID '@vitest/utils/dist/index.d.ts@1.6.1'. ========
File '/Users/sherrychang/Documents/viridis-extension/node_modules/vitest/dist/package.json' does not exist according to earlier cached lookups.
File '/Users/sherrychang/Documents/viridis-extension/node_modules/vitest/package.json' exists according to earlier cached lookups.
======== Resolving module 'vite' from '/Users/sherrychang/Documents/viridis-extension/node_modules/vitest/dist/reporters-w_64AS5f.d.ts'. ========
Resolution for module 'vite' was found in cache from location '/Users/sherrychang/Documents/viridis-extension/node_modules/vitest/dist'.
======== Module name 'vite' was successfully resolved to '/Users/sherrychang/Documents/viridis-extension/node_modules/vite/dist/node/index.d.ts' with Package ID 'vite/dist/node/index.d.ts@5.4.8'. ========
======== Resolving module '@vitest/runner' from '/Users/sherrychang/Documents/viridis-extension/node_modules/vitest/dist/reporters-w_64AS5f.d.ts'. ========
Resolution for module '@vitest/runner' was found in cache from location '/Users/sherrychang/Documents/viridis-extension/node_modules/vitest/dist'.
======== Module name '@vitest/runner' was successfully resolved to '/Users/sherrychang/Documents/viridis-extension/node_modules/@vitest/runner/dist/index.d.ts' with Package ID '@vitest/runner/dist/index.d.ts@1.6.1'. ========
======== Resolving module 'vite-node' from '/Users/sherrychang/Documents/viridis-extension/node_modules/vitest/dist/reporters-w_64AS5f.d.ts'. ========
Resolution for module 'vite-node' was found in cache from location '/Users/sherrychang/Documents/viridis-extension/node_modules/vitest/dist'.
======== Module name 'vite-node' was successfully resolved to '/Users/sherrychang/Documents/viridis-extension/node_modules/vite-node/dist/index.d.ts' with Package ID 'vite-node/dist/index.d.ts@1.6.1'. ========
======== Resolving module '@vitest/snapshot' from '/Users/sherrychang/Documents/viridis-extension/node_modules/vitest/dist/reporters-w_64AS5f.d.ts'. ========
Resolution for module '@vitest/snapshot' was found in cache from location '/Users/sherrychang/Documents/viridis-extension/node_modules/vitest/dist'.
======== Module name '@vitest/snapshot' was successfully resolved to '/Users/sherrychang/Documents/viridis-extension/node_modules/@vitest/snapshot/dist/index.d.ts' with Package ID '@vitest/snapshot/dist/index.d.ts@1.6.1'. ========
======== Resolving module '@vitest/expect' from '/Users/sherrychang/Documents/viridis-extension/node_modules/vitest/dist/reporters-w_64AS5f.d.ts'. ========
Resolution for module '@vitest/expect' was found in cache from location '/Users/sherrychang/Documents/viridis-extension/node_modules/vitest/dist'.
======== Module name '@vitest/expect' was successfully resolved to '/Users/sherrychang/Documents/viridis-extension/node_modules/@vitest/expect/index.d.ts' with Package ID '@vitest/expect/index.d.ts@1.6.1'. ========
======== Resolving module '@vitest/runner/utils' from '/Users/sherrychang/Documents/viridis-extension/node_modules/vitest/dist/reporters-w_64AS5f.d.ts'. ========
Resolution for module '@vitest/runner/utils' was found in cache from location '/Users/sherrychang/Documents/viridis-extension/node_modules/vitest/dist'.
======== Module name '@vitest/runner/utils' was successfully resolved to '/Users/sherrychang/Documents/viridis-extension/node_modules/@vitest/runner/dist/utils.d.ts' with Package ID '@vitest/runner/dist/utils.d.ts@1.6.1'. ========
======== Resolving module '@vitest/utils' from '/Users/sherrychang/Documents/viridis-extension/node_modules/vitest/dist/reporters-w_64AS5f.d.ts'. ========
Resolution for module '@vitest/utils' was found in cache from location '/Users/sherrychang/Documents/viridis-extension/node_modules/vitest/dist'.
======== Module name '@vitest/utils' was successfully resolved to '/Users/sherrychang/Documents/viridis-extension/node_modules/@vitest/utils/dist/index.d.ts' with Package ID '@vitest/utils/dist/index.d.ts@1.6.1'. ========
======== Resolving module 'tinybench' from '/Users/sherrychang/Documents/viridis-extension/node_modules/vitest/dist/reporters-w_64AS5f.d.ts'. ========
Resolution for module 'tinybench' was found in cache from location '/Users/sherrychang/Documents/viridis-extension/node_modules/vitest/dist'.
======== Module name 'tinybench' was successfully resolved to '/Users/sherrychang/Documents/viridis-extension/node_modules/tinybench/dist/index.d.ts' with Package ID 'tinybench/dist/index.d.ts@2.9.0'. ========
======== Resolving module 'node:stream' from '/Users/sherrychang/Documents/viridis-extension/node_modules/vitest/dist/reporters-w_64AS5f.d.ts'. ========
Resolution for module 'node:stream' was found in cache from location '/Users/sherrychang/Documents/viridis-extension/node_modules/vitest/dist'.
======== Module name 'node:stream' was not resolved. ========
======== Resolving module 'vite-node/client' from '/Users/sherrychang/Documents/viridis-extension/node_modules/vitest/dist/reporters-w_64AS5f.d.ts'. ========
Resolution for module 'vite-node/client' was found in cache from location '/Users/sherrychang/Documents/viridis-extension/node_modules/vitest/dist'.
======== Module name 'vite-node/client' was successfully resolved to '/Users/sherrychang/Documents/viridis-extension/node_modules/vite-node/dist/client.d.ts' with Package ID 'vite-node/dist/client.d.ts@1.6.1'. ========
======== Resolving module '@vitest/snapshot/manager' from '/Users/sherrychang/Documents/viridis-extension/node_modules/vitest/dist/reporters-w_64AS5f.d.ts'. ========
Resolution for module '@vitest/snapshot/manager' was found in cache from location '/Users/sherrychang/Documents/viridis-extension/node_modules/vitest/dist'.
======== Module name '@vitest/snapshot/manager' was successfully resolved to '/Users/sherrychang/Documents/viridis-extension/node_modules/@vitest/snapshot/dist/manager.d.ts' with Package ID '@vitest/snapshot/dist/manager.d.ts@1.6.1'. ========
======== Resolving module 'vite-node/server' from '/Users/sherrychang/Documents/viridis-extension/node_modules/vitest/dist/reporters-w_64AS5f.d.ts'. ========
Resolution for module 'vite-node/server' was found in cache from location '/Users/sherrychang/Documents/viridis-extension/node_modules/vitest/dist'.
======== Module name 'vite-node/server' was successfully resolved to '/Users/sherrychang/Documents/viridis-extension/node_modules/vite-node/dist/server.d.ts' with Package ID 'vite-node/dist/server.d.ts@1.6.1'. ========
======== Resolving module 'node:worker_threads' from '/Users/sherrychang/Documents/viridis-extension/node_modules/vitest/dist/reporters-w_64AS5f.d.ts'. ========
Resolution for module 'node:worker_threads' was found in cache from location '/Users/sherrychang/Documents/viridis-extension/node_modules/vitest/dist'.
======== Module name 'node:worker_threads' was not resolved. ========
======== Resolving module 'node:fs' from '/Users/sherrychang/Documents/viridis-extension/node_modules/vitest/dist/reporters-w_64AS5f.d.ts'. ========
Resolution for module 'node:fs' was found in cache from location '/Users/sherrychang/Documents/viridis-extension/node_modules/vitest/dist'.
======== Module name 'node:fs' was not resolved. ========
======== Resolving module 'chai' from '/Users/sherrychang/Documents/viridis-extension/node_modules/vitest/dist/reporters-w_64AS5f.d.ts'. ========
Resolution for module 'chai' was found in cache from location '/Users/sherrychang/Documents/viridis-extension/node_modules/vitest/dist'.
======== Module name 'chai' was successfully resolved to '/Users/sherrychang/Documents/viridis-extension/node_modules/chai/index.mjs' with Package ID 'chai/index.mjs@4.5.0'. ========
File '/Users/sherrychang/Documents/viridis-extension/node_modules/vite/dist/node/package.json' does not exist.
File '/Users/sherrychang/Documents/viridis-extension/node_modules/vite/dist/package.json' does not exist.
File '/Users/sherrychang/Documents/viridis-extension/node_modules/vite/package.json' exists according to earlier cached lookups.
======== Resolving type reference directive 'node', containing file '/Users/sherrychang/Documents/viridis-extension/node_modules/vite/dist/node/index.d.ts', root directory '/Users/sherrychang/Documents/viridis-extension/node_modules/@types,/Users/sherrychang/Documents/node_modules/@types,/Users/sherrychang/node_modules/@types,/Users/node_modules/@types,/node_modules/@types'. ========
Resolving with primary search path '/Users/sherrychang/Documents/viridis-extension/node_modules/@types, /Users/sherrychang/Documents/node_modules/@types, /Users/sherrychang/node_modules/@types, /Users/node_modules/@types, /node_modules/@types'.
Directory '/Users/sherrychang/Documents/node_modules/@types' does not exist, skipping all lookups in it.
Found 'package.json' at '/Users/sherrychang/node_modules/@types/node/package.json'.
'package.json' has a 'typesVersions' field with version-specific path mappings.
'package.json' does not have a 'typings' field.
'package.json' has 'types' field 'index.d.ts' that references '/Users/sherrychang/node_modules/@types/node/index.d.ts'.
'package.json' has a 'typesVersions' entry '<=5.6' that matches compiler version '5.6.3', looking for a pattern to match module name 'index.d.ts'.
Module name 'index.d.ts', matched pattern '*'.
Trying substitution 'ts5.6/*', candidate module location: 'ts5.6/index.d.ts'.
File '/Users/sherrychang/node_modules/@types/node/ts5.6/index.d.ts' exists - use it as a name resolution result.
'package.json' has a 'peerDependencies' field.
Resolving real path for '/Users/sherrychang/node_modules/@types/node', result '/Users/sherrychang/node_modules/@types/node'.
Resolving real path for '/Users/sherrychang/node_modules/@types/node/ts5.6/index.d.ts', result '/Users/sherrychang/node_modules/@types/node/ts5.6/index.d.ts'.
======== Type reference directive 'node' was successfully resolved to '/Users/sherrychang/node_modules/@types/node/ts5.6/index.d.ts' with Package ID '@types/node/ts5.6/index.d.ts@22.13.9', primary: true. ========
File '/Users/sherrychang/node_modules/@types/node/ts5.6/package.json' does not exist.
File '/Users/sherrychang/node_modules/@types/node/package.json' exists according to earlier cached lookups.
File '/Users/sherrychang/node_modules/@types/node/compatibility/package.json' does not exist.
File '/Users/sherrychang/node_modules/@types/node/package.json' exists according to earlier cached lookups.
File '/Users/sherrychang/node_modules/@types/node/compatibility/package.json' does not exist according to earlier cached lookups.
File '/Users/sherrychang/node_modules/@types/node/package.json' exists according to earlier cached lookups.
File '/Users/sherrychang/node_modules/@types/node/compatibility/package.json' does not exist according to earlier cached lookups.
File '/Users/sherrychang/node_modules/@types/node/package.json' exists according to earlier cached lookups.
File '/Users/sherrychang/node_modules/@types/node/compatibility/package.json' does not exist according to earlier cached lookups.
File '/Users/sherrychang/node_modules/@types/node/package.json' exists according to earlier cached lookups.
File '/Users/sherrychang/node_modules/@types/node/ts5.6/package.json' does not exist according to earlier cached lookups.
File '/Users/sherrychang/node_modules/@types/node/package.json' exists according to earlier cached lookups.
File '/Users/sherrychang/node_modules/@types/node/ts5.6/package.json' does not exist according to earlier cached lookups.
File '/Users/sherrychang/node_modules/@types/node/package.json' exists according to earlier cached lookups.
File '/Users/sherrychang/node_modules/@types/node/package.json' exists according to earlier cached lookups.
======== Resolving module 'undici-types' from '/Users/sherrychang/node_modules/@types/node/globals.d.ts'. ========
Explicitly specified module resolution kind: 'Bundler'.
Resolving in CJS mode with conditions 'import', 'types'.
File '/Users/sherrychang/node_modules/@types/node/package.json' exists according to earlier cached lookups.
Loading module 'undici-types' from 'node_modules' folder, target file types: TypeScript, JavaScript, Declaration, JSON.
Searching all ancestor node_modules directories for preferred extensions: TypeScript, Declaration.
Directory '/Users/sherrychang/node_modules/@types/node/node_modules' does not exist, skipping all lookups in it.
Directory '/Users/sherrychang/node_modules/@types/node_modules' does not exist, skipping all lookups in it.
Found 'package.json' at '/Users/sherrychang/node_modules/undici-types/package.json'.
File '/Users/sherrychang/node_modules/undici-types.ts' does not exist.
File '/Users/sherrychang/node_modules/undici-types.tsx' does not exist.
File '/Users/sherrychang/node_modules/undici-types.d.ts' does not exist.
'package.json' does not have a 'typesVersions' field.
'package.json' does not have a 'typings' field.
'package.json' has 'types' field 'index.d.ts' that references '/Users/sherrychang/node_modules/undici-types/index.d.ts'.
File '/Users/sherrychang/node_modules/undici-types/index.d.ts' exists - use it as a name resolution result.
'package.json' does not have a 'peerDependencies' field.
Resolving real path for '/Users/sherrychang/node_modules/undici-types/index.d.ts', result '/Users/sherrychang/node_modules/undici-types/index.d.ts'.
======== Module name 'undici-types' was successfully resolved to '/Users/sherrychang/node_modules/undici-types/index.d.ts' with Package ID 'undici-types/index.d.ts@6.20.0'. ========
======== Resolving module 'worker_threads' from '/Users/sherrychang/node_modules/@types/node/globals.d.ts'. ========
Explicitly specified module resolution kind: 'Bundler'.
Resolving in CJS mode with conditions 'import', 'types'.
File '/Users/sherrychang/node_modules/@types/node/package.json' exists according to earlier cached lookups.
Loading module 'worker_threads' from 'node_modules' folder, target file types: TypeScript, JavaScript, Declaration, JSON.
Searching all ancestor node_modules directories for preferred extensions: TypeScript, Declaration.
Directory '/Users/sherrychang/node_modules/@types/node/node_modules' does not exist, skipping all lookups in it.
Directory '/Users/sherrychang/node_modules/@types/node_modules' does not exist, skipping all lookups in it.
File '/Users/sherrychang/node_modules/worker_threads.ts' does not exist.
File '/Users/sherrychang/node_modules/worker_threads.tsx' does not exist.
File '/Users/sherrychang/node_modules/worker_threads.d.ts' does not exist.
File '/Users/sherrychang/node_modules/@types/worker_threads.d.ts' does not exist.
Directory '/Users/node_modules' does not exist, skipping all lookups in it.
Directory '/node_modules' does not exist, skipping all lookups in it.
Searching all ancestor node_modules directories for fallback extensions: JavaScript, JSON.
Directory '/Users/sherrychang/node_modules/@types/node/node_modules' does not exist, skipping all lookups in it.
Directory '/Users/sherrychang/node_modules/@types/node_modules' does not exist, skipping all lookups in it.
File '/Users/sherrychang/node_modules/worker_threads.js' does not exist.
File '/Users/sherrychang/node_modules/worker_threads.jsx' does not exist.
Directory '/Users/node_modules' does not exist, skipping all lookups in it.
Directory '/node_modules' does not exist, skipping all lookups in it.
======== Module name 'worker_threads' was not resolved. ========
File '/Users/sherrychang/node_modules/undici-types/package.json' exists according to earlier cached lookups.
======== Resolving module './dispatcher' from '/Users/sherrychang/node_modules/undici-types/index.d.ts'. ========
Explicitly specified module resolution kind: 'Bundler'.
Resolving in CJS mode with conditions 'import', 'types'.
Loading module as file / folder, candidate module location '/Users/sherrychang/node_modules/undici-types/dispatcher', target file types: TypeScript, JavaScript, Declaration, JSON.
File '/Users/sherrychang/node_modules/undici-types/dispatcher.ts' does not exist.
File '/Users/sherrychang/node_modules/undici-types/dispatcher.tsx' does not exist.
File '/Users/sherrychang/node_modules/undici-types/dispatcher.d.ts' exists - use it as a name resolution result.
File '/Users/sherrychang/node_modules/undici-types/package.json' exists according to earlier cached lookups.
======== Module name './dispatcher' was successfully resolved to '/Users/sherrychang/node_modules/undici-types/dispatcher.d.ts' with Package ID 'undici-types/dispatcher.d.ts@6.20.0'. ========
======== Resolving module './global-dispatcher' from '/Users/sherrychang/node_modules/undici-types/index.d.ts'. ========
Explicitly specified module resolution kind: 'Bundler'.
Resolving in CJS mode with conditions 'import', 'types'.
Loading module as file / folder, candidate module location '/Users/sherrychang/node_modules/undici-types/global-dispatcher', target file types: TypeScript, JavaScript, Declaration, JSON.
File '/Users/sherrychang/node_modules/undici-types/global-dispatcher.ts' does not exist.
File '/Users/sherrychang/node_modules/undici-types/global-dispatcher.tsx' does not exist.
File '/Users/sherrychang/node_modules/undici-types/global-dispatcher.d.ts' exists - use it as a name resolution result.
File '/Users/sherrychang/node_modules/undici-types/package.json' exists according to earlier cached lookups.
======== Module name './global-dispatcher' was successfully resolved to '/Users/sherrychang/node_modules/undici-types/global-dispatcher.d.ts' with Package ID 'undici-types/global-dispatcher.d.ts@6.20.0'. ========
======== Resolving module './global-origin' from '/Users/sherrychang/node_modules/undici-types/index.d.ts'. ========
Explicitly specified module resolution kind: 'Bundler'.
Resolving in CJS mode with conditions 'import', 'types'.
Loading module as file / folder, candidate module location '/Users/sherrychang/node_modules/undici-types/global-origin', target file types: TypeScript, JavaScript, Declaration, JSON.
File '/Users/sherrychang/node_modules/undici-types/global-origin.ts' does not exist.
File '/Users/sherrychang/node_modules/undici-types/global-origin.tsx' does not exist.
File '/Users/sherrychang/node_modules/undici-types/global-origin.d.ts' exists - use it as a name resolution result.
File '/Users/sherrychang/node_modules/undici-types/package.json' exists according to earlier cached lookups.
======== Module name './global-origin' was successfully resolved to '/Users/sherrychang/node_modules/undici-types/global-origin.d.ts' with Package ID 'undici-types/global-origin.d.ts@6.20.0'. ========
======== Resolving module './pool' from '/Users/sherrychang/node_modules/undici-types/index.d.ts'. ========
Explicitly specified module resolution kind: 'Bundler'.
Resolving in CJS mode with conditions 'import', 'types'.
Loading module as file / folder, candidate module location '/Users/sherrychang/node_modules/undici-types/pool', target file types: TypeScript, JavaScript, Declaration, JSON.
File '/Users/sherrychang/node_modules/undici-types/pool.ts' does not exist.
File '/Users/sherrychang/node_modules/undici-types/pool.tsx' does not exist.
File '/Users/sherrychang/node_modules/undici-types/pool.d.ts' exists - use it as a name resolution result.
File '/Users/sherrychang/node_modules/undici-types/package.json' exists according to earlier cached lookups.
======== Module name './pool' was successfully resolved to '/Users/sherrychang/node_modules/undici-types/pool.d.ts' with Package ID 'undici-types/pool.d.ts@6.20.0'. ========
======== Resolving module './handlers' from '/Users/sherrychang/node_modules/undici-types/index.d.ts'. ========
Explicitly specified module resolution kind: 'Bundler'.
Resolving in CJS mode with conditions 'import', 'types'.
Loading module as file / folder, candidate module location '/Users/sherrychang/node_modules/undici-types/handlers', target file types: TypeScript, JavaScript, Declaration, JSON.
File '/Users/sherrychang/node_modules/undici-types/handlers.ts' does not exist.
File '/Users/sherrychang/node_modules/undici-types/handlers.tsx' does not exist.
File '/Users/sherrychang/node_modules/undici-types/handlers.d.ts' exists - use it as a name resolution result.
File '/Users/sherrychang/node_modules/undici-types/package.json' exists according to earlier cached lookups.
======== Module name './handlers' was successfully resolved to '/Users/sherrychang/node_modules/undici-types/handlers.d.ts' with Package ID 'undici-types/handlers.d.ts@6.20.0'. ========
======== Resolving module './balanced-pool' from '/Users/sherrychang/node_modules/undici-types/index.d.ts'. ========
Explicitly specified module resolution kind: 'Bundler'.
Resolving in CJS mode with conditions 'import', 'types'.
Loading module as file / folder, candidate module location '/Users/sherrychang/node_modules/undici-types/balanced-pool', target file types: TypeScript, JavaScript, Declaration, JSON.
File '/Users/sherrychang/node_modules/undici-types/balanced-pool.ts' does not exist.
File '/Users/sherrychang/node_modules/undici-types/balanced-pool.tsx' does not exist.
File '/Users/sherrychang/node_modules/undici-types/balanced-pool.d.ts' exists - use it as a name resolution result.
File '/Users/sherrychang/node_modules/undici-types/package.json' exists according to earlier cached lookups.
======== Module name './balanced-pool' was successfully resolved to '/Users/sherrychang/node_modules/undici-types/balanced-pool.d.ts' with Package ID 'undici-types/balanced-pool.d.ts@6.20.0'. ========
======== Resolving module './client' from '/Users/sherrychang/node_modules/undici-types/index.d.ts'. ========
Explicitly specified module resolution kind: 'Bundler'.
Resolving in CJS mode with conditions 'import', 'types'.
Loading module as file / folder, candidate module location '/Users/sherrychang/node_modules/undici-types/client', target file types: TypeScript, JavaScript, Declaration, JSON.
File '/Users/sherrychang/node_modules/undici-types/client.ts' does not exist.
File '/Users/sherrychang/node_modules/undici-types/client.tsx' does not exist.
File '/Users/sherrychang/node_modules/undici-types/client.d.ts' exists - use it as a name resolution result.
File '/Users/sherrychang/node_modules/undici-types/package.json' exists according to earlier cached lookups.
======== Module name './client' was successfully resolved to '/Users/sherrychang/node_modules/undici-types/client.d.ts' with Package ID 'undici-types/client.d.ts@6.20.0'. ========
======== Resolving module './connector' from '/Users/sherrychang/node_modules/undici-types/index.d.ts'. ========
Explicitly specified module resolution kind: 'Bundler'.
Resolving in CJS mode with conditions 'import', 'types'.
Loading module as file / folder, candidate module location '/Users/sherrychang/node_modules/undici-types/connector', target file types: TypeScript, JavaScript, Declaration, JSON.
File '/Users/sherrychang/node_modules/undici-types/connector.ts' does not exist.
File '/Users/sherrychang/node_modules/undici-types/connector.tsx' does not exist.
File '/Users/sherrychang/node_modules/undici-types/connector.d.ts' exists - use it as a name resolution result.
File '/Users/sherrychang/node_modules/undici-types/package.json' exists according to earlier cached lookups.
======== Module name './connector' was successfully resolved to '/Users/sherrychang/node_modules/undici-types/connector.d.ts' with Package ID 'undici-types/connector.d.ts@6.20.0'. ========
======== Resolving module './errors' from '/Users/sherrychang/node_modules/undici-types/index.d.ts'. ========
Explicitly specified module resolution kind: 'Bundler'.
Resolving in CJS mode with conditions 'import', 'types'.
Loading module as file / folder, candidate module location '/Users/sherrychang/node_modules/undici-types/errors', target file types: TypeScript, JavaScript, Declaration, JSON.
File '/Users/sherrychang/node_modules/undici-types/errors.ts' does not exist.
File '/Users/sherrychang/node_modules/undici-types/errors.tsx' does not exist.
File '/Users/sherrychang/node_modules/undici-types/errors.d.ts' exists - use it as a name resolution result.
File '/Users/sherrychang/node_modules/undici-types/package.json' exists according to earlier cached lookups.
======== Module name './errors' was successfully resolved to '/Users/sherrychang/node_modules/undici-types/errors.d.ts' with Package ID 'undici-types/errors.d.ts@6.20.0'. ========
======== Resolving module './agent' from '/Users/sherrychang/node_modules/undici-types/index.d.ts'. ========
Explicitly specified module resolution kind: 'Bundler'.
Resolving in CJS mode with conditions 'import', 'types'.
Loading module as file / folder, candidate module location '/Users/sherrychang/node_modules/undici-types/agent', target file types: TypeScript, JavaScript, Declaration, JSON.
File '/Users/sherrychang/node_modules/undici-types/agent.ts' does not exist.
File '/Users/sherrychang/node_modules/undici-types/agent.tsx' does not exist.
File '/Users/sherrychang/node_modules/undici-types/agent.d.ts' exists - use it as a name resolution result.
File '/Users/sherrychang/node_modules/undici-types/package.json' exists according to earlier cached lookups.
======== Module name './agent' was successfully resolved to '/Users/sherrychang/node_modules/undici-types/agent.d.ts' with Package ID 'undici-types/agent.d.ts@6.20.0'. ========
======== Resolving module './mock-client' from '/Users/sherrychang/node_modules/undici-types/index.d.ts'. ========
Explicitly specified module resolution kind: 'Bundler'.
Resolving in CJS mode with conditions 'import', 'types'.
Loading module as file / folder, candidate module location '/Users/sherrychang/node_modules/undici-types/mock-client', target file types: TypeScript, JavaScript, Declaration, JSON.
File '/Users/sherrychang/node_modules/undici-types/mock-client.ts' does not exist.
File '/Users/sherrychang/node_modules/undici-types/mock-client.tsx' does not exist.
File '/Users/sherrychang/node_modules/undici-types/mock-client.d.ts' exists - use it as a name resolution result.
File '/Users/sherrychang/node_modules/undici-types/package.json' exists according to earlier cached lookups.
======== Module name './mock-client' was successfully resolved to '/Users/sherrychang/node_modules/undici-types/mock-client.d.ts' with Package ID 'undici-types/mock-client.d.ts@6.20.0'. ========
======== Resolving module './mock-pool' from '/Users/sherrychang/node_modules/undici-types/index.d.ts'. ========
Explicitly specified module resolution kind: 'Bundler'.
Resolving in CJS mode with conditions 'import', 'types'.
Loading module as file / folder, candidate module location '/Users/sherrychang/node_modules/undici-types/mock-pool', target file types: TypeScript, JavaScript, Declaration, JSON.
File '/Users/sherrychang/node_modules/undici-types/mock-pool.ts' does not exist.
File '/Users/sherrychang/node_modules/undici-types/mock-pool.tsx' does not exist.
File '/Users/sherrychang/node_modules/undici-types/mock-pool.d.ts' exists - use it as a name resolution result.
File '/Users/sherrychang/node_modules/undici-types/package.json' exists according to earlier cached lookups.
======== Module name './mock-pool' was successfully resolved to '/Users/sherrychang/node_modules/undici-types/mock-pool.d.ts' with Package ID 'undici-types/mock-pool.d.ts@6.20.0'. ========
======== Resolving module './mock-agent' from '/Users/sherrychang/node_modules/undici-types/index.d.ts'. ========
Explicitly specified module resolution kind: 'Bundler'.
Resolving in CJS mode with conditions 'import', 'types'.
Loading module as file / folder, candidate module location '/Users/sherrychang/node_modules/undici-types/mock-agent', target file types: TypeScript, JavaScript, Declaration, JSON.
File '/Users/sherrychang/node_modules/undici-types/mock-agent.ts' does not exist.
File '/Users/sherrychang/node_modules/undici-types/mock-agent.tsx' does not exist.
File '/Users/sherrychang/node_modules/undici-types/mock-agent.d.ts' exists - use it as a name resolution result.
File '/Users/sherrychang/node_modules/undici-types/package.json' exists according to earlier cached lookups.
======== Module name './mock-agent' was successfully resolved to '/Users/sherrychang/node_modules/undici-types/mock-agent.d.ts' with Package ID 'undici-types/mock-agent.d.ts@6.20.0'. ========
======== Resolving module './mock-errors' from '/Users/sherrychang/node_modules/undici-types/index.d.ts'. ========
Explicitly specified module resolution kind: 'Bundler'.
Resolving in CJS mode with conditions 'import', 'types'.
Loading module as file / folder, candidate module location '/Users/sherrychang/node_modules/undici-types/mock-errors', target file types: TypeScript, JavaScript, Declaration, JSON.
File '/Users/sherrychang/node_modules/undici-types/mock-errors.ts' does not exist.
File '/Users/sherrychang/node_modules/undici-types/mock-errors.tsx' does not exist.
File '/Users/sherrychang/node_modules/undici-types/mock-errors.d.ts' exists - use it as a name resolution result.
File '/Users/sherrychang/node_modules/undici-types/package.json' exists according to earlier cached lookups.
======== Module name './mock-errors' was successfully resolved to '/Users/sherrychang/node_modules/undici-types/mock-errors.d.ts' with Package ID 'undici-types/mock-errors.d.ts@6.20.0'. ========
======== Resolving module './proxy-agent' from '/Users/sherrychang/node_modules/undici-types/index.d.ts'. ========
Explicitly specified module resolution kind: 'Bundler'.
Resolving in CJS mode with conditions 'import', 'types'.
Loading module as file / folder, candidate module location '/Users/sherrychang/node_modules/undici-types/proxy-agent', target file types: TypeScript, JavaScript, Declaration, JSON.
File '/Users/sherrychang/node_modules/undici-types/proxy-agent.ts' does not exist.
File '/Users/sherrychang/node_modules/undici-types/proxy-agent.tsx' does not exist.
File '/Users/sherrychang/node_modules/undici-types/proxy-agent.d.ts' exists - use it as a name resolution result.
File '/Users/sherrychang/node_modules/undici-types/package.json' exists according to earlier cached lookups.
======== Module name './proxy-agent' was successfully resolved to '/Users/sherrychang/node_modules/undici-types/proxy-agent.d.ts' with Package ID 'undici-types/proxy-agent.d.ts@6.20.0'. ========
======== Resolving module './env-http-proxy-agent' from '/Users/sherrychang/node_modules/undici-types/index.d.ts'. ========
Explicitly specified module resolution kind: 'Bundler'.
Resolving in CJS mode with conditions 'import', 'types'.
Loading module as file / folder, candidate module location '/Users/sherrychang/node_modules/undici-types/env-http-proxy-agent', target file types: TypeScript, JavaScript, Declaration, JSON.
File '/Users/sherrychang/node_modules/undici-types/env-http-proxy-agent.ts' does not exist.
File '/Users/sherrychang/node_modules/undici-types/env-http-proxy-agent.tsx' does not exist.
File '/Users/sherrychang/node_modules/undici-types/env-http-proxy-agent.d.ts' exists - use it as a name resolution result.
File '/Users/sherrychang/node_modules/undici-types/package.json' exists according to earlier cached lookups.
======== Module name './env-http-proxy-agent' was successfully resolved to '/Users/sherrychang/node_modules/undici-types/env-http-proxy-agent.d.ts' with Package ID 'undici-types/env-http-proxy-agent.d.ts@6.20.0'. ========
======== Resolving module './retry-handler' from '/Users/sherrychang/node_modules/undici-types/index.d.ts'. ========
Explicitly specified module resolution kind: 'Bundler'.
Resolving in CJS mode with conditions 'import', 'types'.
Loading module as file / folder, candidate module location '/Users/sherrychang/node_modules/undici-types/retry-handler', target file types: TypeScript, JavaScript, Declaration, JSON.
File '/Users/sherrychang/node_modules/undici-types/retry-handler.ts' does not exist.
File '/Users/sherrychang/node_modules/undici-types/retry-handler.tsx' does not exist.
File '/Users/sherrychang/node_modules/undici-types/retry-handler.d.ts' exists - use it as a name resolution result.
File '/Users/sherrychang/node_modules/undici-types/package.json' exists according to earlier cached lookups.
======== Module name './retry-handler' was successfully resolved to '/Users/sherrychang/node_modules/undici-types/retry-handler.d.ts' with Package ID 'undici-types/retry-handler.d.ts@6.20.0'. ========
======== Resolving module './retry-agent' from '/Users/sherrychang/node_modules/undici-types/index.d.ts'. ========
Explicitly specified module resolution kind: 'Bundler'.
Resolving in CJS mode with conditions 'import', 'types'.
Loading module as file / folder, candidate module location '/Users/sherrychang/node_modules/undici-types/retry-agent', target file types: TypeScript, JavaScript, Declaration, JSON.
File '/Users/sherrychang/node_modules/undici-types/retry-agent.ts' does not exist.
File '/Users/sherrychang/node_modules/undici-types/retry-agent.tsx' does not exist.
File '/Users/sherrychang/node_modules/undici-types/retry-agent.d.ts' exists - use it as a name resolution result.
File '/Users/sherrychang/node_modules/undici-types/package.json' exists according to earlier cached lookups.
======== Module name './retry-agent' was successfully resolved to '/Users/sherrychang/node_modules/undici-types/retry-agent.d.ts' with Package ID 'undici-types/retry-agent.d.ts@6.20.0'. ========
======== Resolving module './api' from '/Users/sherrychang/node_modules/undici-types/index.d.ts'. ========
Explicitly specified module resolution kind: 'Bundler'.
Resolving in CJS mode with conditions 'import', 'types'.
Loading module as file / folder, candidate module location '/Users/sherrychang/node_modules/undici-types/api', target file types: TypeScript, JavaScript, Declaration, JSON.
File '/Users/sherrychang/node_modules/undici-types/api.ts' does not exist.
File '/Users/sherrychang/node_modules/undici-types/api.tsx' does not exist.
File '/Users/sherrychang/node_modules/undici-types/api.d.ts' exists - use it as a name resolution result.
File '/Users/sherrychang/node_modules/undici-types/package.json' exists according to earlier cached lookups.
======== Module name './api' was successfully resolved to '/Users/sherrychang/node_modules/undici-types/api.d.ts' with Package ID 'undici-types/api.d.ts@6.20.0'. ========
======== Resolving module './interceptors' from '/Users/sherrychang/node_modules/undici-types/index.d.ts'. ========
Explicitly specified module resolution kind: 'Bundler'.
Resolving in CJS mode with conditions 'import', 'types'.
Loading module as file / folder, candidate module location '/Users/sherrychang/node_modules/undici-types/interceptors', target file types: TypeScript, JavaScript, Declaration, JSON.
File '/Users/sherrychang/node_modules/undici-types/interceptors.ts' does not exist.
File '/Users/sherrychang/node_modules/undici-types/interceptors.tsx' does not exist.
File '/Users/sherrychang/node_modules/undici-types/interceptors.d.ts' exists - use it as a name resolution result.
File '/Users/sherrychang/node_modules/undici-types/package.json' exists according to earlier cached lookups.
======== Module name './interceptors' was successfully resolved to '/Users/sherrychang/node_modules/undici-types/interceptors.d.ts' with Package ID 'undici-types/interceptors.d.ts@6.20.0'. ========
======== Resolving module './util' from '/Users/sherrychang/node_modules/undici-types/index.d.ts'. ========
Explicitly specified module resolution kind: 'Bundler'.
Resolving in CJS mode with conditions 'import', 'types'.
Loading module as file / folder, candidate module location '/Users/sherrychang/node_modules/undici-types/util', target file types: TypeScript, JavaScript, Declaration, JSON.
File '/Users/sherrychang/node_modules/undici-types/util.ts' does not exist.
File '/Users/sherrychang/node_modules/undici-types/util.tsx' does not exist.
File '/Users/sherrychang/node_modules/undici-types/util.d.ts' exists - use it as a name resolution result.
File '/Users/sherrychang/node_modules/undici-types/package.json' exists according to earlier cached lookups.
======== Module name './util' was successfully resolved to '/Users/sherrychang/node_modules/undici-types/util.d.ts' with Package ID 'undici-types/util.d.ts@6.20.0'. ========
======== Resolving module './cookies' from '/Users/sherrychang/node_modules/undici-types/index.d.ts'. ========
Explicitly specified module resolution kind: 'Bundler'.
Resolving in CJS mode with conditions 'import', 'types'.
Loading module as file / folder, candidate module location '/Users/sherrychang/node_modules/undici-types/cookies', target file types: TypeScript, JavaScript, Declaration, JSON.
File '/Users/sherrychang/node_modules/undici-types/cookies.ts' does not exist.
File '/Users/sherrychang/node_modules/undici-types/cookies.tsx' does not exist.
File '/Users/sherrychang/node_modules/undici-types/cookies.d.ts' exists - use it as a name resolution result.
File '/Users/sherrychang/node_modules/undici-types/package.json' exists according to earlier cached lookups.
======== Module name './cookies' was successfully resolved to '/Users/sherrychang/node_modules/undici-types/cookies.d.ts' with Package ID 'undici-types/cookies.d.ts@6.20.0'. ========
======== Resolving module './eventsource' from '/Users/sherrychang/node_modules/undici-types/index.d.ts'. ========
Explicitly specified module resolution kind: 'Bundler'.
Resolving in CJS mode with conditions 'import', 'types'.
Loading module as file / folder, candidate module location '/Users/sherrychang/node_modules/undici-types/eventsource', target file types: TypeScript, JavaScript, Declaration, JSON.
File '/Users/sherrychang/node_modules/undici-types/eventsource.ts' does not exist.
File '/Users/sherrychang/node_modules/undici-types/eventsource.tsx' does not exist.
File '/Users/sherrychang/node_modules/undici-types/eventsource.d.ts' exists - use it as a name resolution result.
File '/Users/sherrychang/node_modules/undici-types/package.json' exists according to earlier cached lookups.
======== Module name './eventsource' was successfully resolved to '/Users/sherrychang/node_modules/undici-types/eventsource.d.ts' with Package ID 'undici-types/eventsource.d.ts@6.20.0'. ========
======== Resolving module './fetch' from '/Users/sherrychang/node_modules/undici-types/index.d.ts'. ========
Explicitly specified module resolution kind: 'Bundler'.
Resolving in CJS mode with conditions 'import', 'types'.
Loading module as file / folder, candidate module location '/Users/sherrychang/node_modules/undici-types/fetch', target file types: TypeScript, JavaScript, Declaration, JSON.
File '/Users/sherrychang/node_modules/undici-types/fetch.ts' does not exist.
File '/Users/sherrychang/node_modules/undici-types/fetch.tsx' does not exist.
File '/Users/sherrychang/node_modules/undici-types/fetch.d.ts' exists - use it as a name resolution result.
File '/Users/sherrychang/node_modules/undici-types/package.json' exists according to earlier cached lookups.
======== Module name './fetch' was successfully resolved to '/Users/sherrychang/node_modules/undici-types/fetch.d.ts' with Package ID 'undici-types/fetch.d.ts@6.20.0'. ========
======== Resolving module './file' from '/Users/sherrychang/node_modules/undici-types/index.d.ts'. ========
Explicitly specified module resolution kind: 'Bundler'.
Resolving in CJS mode with conditions 'import', 'types'.
Loading module as file / folder, candidate module location '/Users/sherrychang/node_modules/undici-types/file', target file types: TypeScript, JavaScript, Declaration, JSON.
File '/Users/sherrychang/node_modules/undici-types/file.ts' does not exist.
File '/Users/sherrychang/node_modules/undici-types/file.tsx' does not exist.
File '/Users/sherrychang/node_modules/undici-types/file.d.ts' exists - use it as a name resolution result.
File '/Users/sherrychang/node_modules/undici-types/package.json' exists according to earlier cached lookups.
======== Module name './file' was successfully resolved to '/Users/sherrychang/node_modules/undici-types/file.d.ts' with Package ID 'undici-types/file.d.ts@6.20.0'. ========
======== Resolving module './filereader' from '/Users/sherrychang/node_modules/undici-types/index.d.ts'. ========
Explicitly specified module resolution kind: 'Bundler'.
Resolving in CJS mode with conditions 'import', 'types'.
Loading module as file / folder, candidate module location '/Users/sherrychang/node_modules/undici-types/filereader', target file types: TypeScript, JavaScript, Declaration, JSON.
File '/Users/sherrychang/node_modules/undici-types/filereader.ts' does not exist.
File '/Users/sherrychang/node_modules/undici-types/filereader.tsx' does not exist.
File '/Users/sherrychang/node_modules/undici-types/filereader.d.ts' exists - use it as a name resolution result.
File '/Users/sherrychang/node_modules/undici-types/package.json' exists according to earlier cached lookups.
======== Module name './filereader' was successfully resolved to '/Users/sherrychang/node_modules/undici-types/filereader.d.ts' with Package ID 'undici-types/filereader.d.ts@6.20.0'. ========
======== Resolving module './formdata' from '/Users/sherrychang/node_modules/undici-types/index.d.ts'. ========
Explicitly specified module resolution kind: 'Bundler'.
Resolving in CJS mode with conditions 'import', 'types'.
Loading module as file / folder, candidate module location '/Users/sherrychang/node_modules/undici-types/formdata', target file types: TypeScript, JavaScript, Declaration, JSON.
File '/Users/sherrychang/node_modules/undici-types/formdata.ts' does not exist.
File '/Users/sherrychang/node_modules/undici-types/formdata.tsx' does not exist.
File '/Users/sherrychang/node_modules/undici-types/formdata.d.ts' exists - use it as a name resolution result.
File '/Users/sherrychang/node_modules/undici-types/package.json' exists according to earlier cached lookups.
======== Module name './formdata' was successfully resolved to '/Users/sherrychang/node_modules/undici-types/formdata.d.ts' with Package ID 'undici-types/formdata.d.ts@6.20.0'. ========
======== Resolving module './diagnostics-channel' from '/Users/sherrychang/node_modules/undici-types/index.d.ts'. ========
Explicitly specified module resolution kind: 'Bundler'.
Resolving in CJS mode with conditions 'import', 'types'.
Loading module as file / folder, candidate module location '/Users/sherrychang/node_modules/undici-types/diagnostics-channel', target file types: TypeScript, JavaScript, Declaration, JSON.
File '/Users/sherrychang/node_modules/undici-types/diagnostics-channel.ts' does not exist.
File '/Users/sherrychang/node_modules/undici-types/diagnostics-channel.tsx' does not exist.
File '/Users/sherrychang/node_modules/undici-types/diagnostics-channel.d.ts' exists - use it as a name resolution result.
File '/Users/sherrychang/node_modules/undici-types/package.json' exists according to earlier cached lookups.
======== Module name './diagnostics-channel' was successfully resolved to '/Users/sherrychang/node_modules/undici-types/diagnostics-channel.d.ts' with Package ID 'undici-types/diagnostics-channel.d.ts@6.20.0'. ========
======== Resolving module './websocket' from '/Users/sherrychang/node_modules/undici-types/index.d.ts'. ========
Explicitly specified module resolution kind: 'Bundler'.
Resolving in CJS mode with conditions 'import', 'types'.
Loading module as file / folder, candidate module location '/Users/sherrychang/node_modules/undici-types/websocket', target file types: TypeScript, JavaScript, Declaration, JSON.
File '/Users/sherrychang/node_modules/undici-types/websocket.ts' does not exist.
File '/Users/sherrychang/node_modules/undici-types/websocket.tsx' does not exist.
File '/Users/sherrychang/node_modules/undici-types/websocket.d.ts' exists - use it as a name resolution result.
File '/Users/sherrychang/node_modules/undici-types/package.json' exists according to earlier cached lookups.
======== Module name './websocket' was successfully resolved to '/Users/sherrychang/node_modules/undici-types/websocket.d.ts' with Package ID 'undici-types/websocket.d.ts@6.20.0'. ========
======== Resolving module './content-type' from '/Users/sherrychang/node_modules/undici-types/index.d.ts'. ========
Explicitly specified module resolution kind: 'Bundler'.
Resolving in CJS mode with conditions 'import', 'types'.
Loading module as file / folder, candidate module location '/Users/sherrychang/node_modules/undici-types/content-type', target file types: TypeScript, JavaScript, Declaration, JSON.
File '/Users/sherrychang/node_modules/undici-types/content-type.ts' does not exist.
File '/Users/sherrychang/node_modules/undici-types/content-type.tsx' does not exist.
File '/Users/sherrychang/node_modules/undici-types/content-type.d.ts' exists - use it as a name resolution result.
File '/Users/sherrychang/node_modules/undici-types/package.json' exists according to earlier cached lookups.
======== Module name './content-type' was successfully resolved to '/Users/sherrychang/node_modules/undici-types/content-type.d.ts' with Package ID 'undici-types/content-type.d.ts@6.20.0'. ========
======== Resolving module './cache' from '/Users/sherrychang/node_modules/undici-types/index.d.ts'. ========
Explicitly specified module resolution kind: 'Bundler'.
Resolving in CJS mode with conditions 'import', 'types'.
Loading module as file / folder, candidate module location '/Users/sherrychang/node_modules/undici-types/cache', target file types: TypeScript, JavaScript, Declaration, JSON.
File '/Users/sherrychang/node_modules/undici-types/cache.ts' does not exist.
File '/Users/sherrychang/node_modules/undici-types/cache.tsx' does not exist.
File '/Users/sherrychang/node_modules/undici-types/cache.d.ts' exists - use it as a name resolution result.
File '/Users/sherrychang/node_modules/undici-types/package.json' exists according to earlier cached lookups.
======== Module name './cache' was successfully resolved to '/Users/sherrychang/node_modules/undici-types/cache.d.ts' with Package ID 'undici-types/cache.d.ts@6.20.0'. ========
======== Resolving module './mock-interceptor' from '/Users/sherrychang/node_modules/undici-types/index.d.ts'. ========
Explicitly specified module resolution kind: 'Bundler'.
Resolving in CJS mode with conditions 'import', 'types'.
Loading module as file / folder, candidate module location '/Users/sherrychang/node_modules/undici-types/mock-interceptor', target file types: TypeScript, JavaScript, Declaration, JSON.
File '/Users/sherrychang/node_modules/undici-types/mock-interceptor.ts' does not exist.
File '/Users/sherrychang/node_modules/undici-types/mock-interceptor.tsx' does not exist.
File '/Users/sherrychang/node_modules/undici-types/mock-interceptor.d.ts' exists - use it as a name resolution result.
File '/Users/sherrychang/node_modules/undici-types/package.json' exists according to earlier cached lookups.
======== Module name './mock-interceptor' was successfully resolved to '/Users/sherrychang/node_modules/undici-types/mock-interceptor.d.ts' with Package ID 'undici-types/mock-interceptor.d.ts@6.20.0'. ========
File '/Users/sherrychang/node_modules/undici-types/package.json' exists according to earlier cached lookups.
======== Resolving module 'url' from '/Users/sherrychang/node_modules/undici-types/dispatcher.d.ts'. ========
Explicitly specified module resolution kind: 'Bundler'.
Resolving in CJS mode with conditions 'import', 'types'.
File '/Users/sherrychang/node_modules/undici-types/package.json' exists according to earlier cached lookups.
Loading module 'url' from 'node_modules' folder, target file types: TypeScript, JavaScript, Declaration, JSON.
Searching all ancestor node_modules directories for preferred extensions: TypeScript, Declaration.
Directory '/Users/sherrychang/node_modules/undici-types/node_modules' does not exist, skipping all lookups in it.
File '/Users/sherrychang/node_modules/url.ts' does not exist.
File '/Users/sherrychang/node_modules/url.tsx' does not exist.
File '/Users/sherrychang/node_modules/url.d.ts' does not exist.
File '/Users/sherrychang/node_modules/@types/url.d.ts' does not exist.
Directory '/Users/node_modules' does not exist, skipping all lookups in it.
Directory '/node_modules' does not exist, skipping all lookups in it.
Searching all ancestor node_modules directories for fallback extensions: JavaScript, JSON.
Directory '/Users/sherrychang/node_modules/undici-types/node_modules' does not exist, skipping all lookups in it.
File '/Users/sherrychang/node_modules/url.js' does not exist.
File '/Users/sherrychang/node_modules/url.jsx' does not exist.
Directory '/Users/node_modules' does not exist, skipping all lookups in it.
Directory '/node_modules' does not exist, skipping all lookups in it.
======== Module name 'url' was not resolved. ========
======== Resolving module 'stream' from '/Users/sherrychang/node_modules/undici-types/dispatcher.d.ts'. ========
Explicitly specified module resolution kind: 'Bundler'.
Resolving in CJS mode with conditions 'import', 'types'.
File '/Users/sherrychang/node_modules/undici-types/package.json' exists according to earlier cached lookups.
Loading module 'stream' from 'node_modules' folder, target file types: TypeScript, JavaScript, Declaration, JSON.
Searching all ancestor node_modules directories for preferred extensions: TypeScript, Declaration.
Directory '/Users/sherrychang/node_modules/undici-types/node_modules' does not exist, skipping all lookups in it.
File '/Users/sherrychang/node_modules/stream.ts' does not exist.
File '/Users/sherrychang/node_modules/stream.tsx' does not exist.
File '/Users/sherrychang/node_modules/stream.d.ts' does not exist.
File '/Users/sherrychang/node_modules/@types/stream.d.ts' does not exist.
Directory '/Users/node_modules' does not exist, skipping all lookups in it.
Directory '/node_modules' does not exist, skipping all lookups in it.
Searching all ancestor node_modules directories for fallback extensions: JavaScript, JSON.
Directory '/Users/sherrychang/node_modules/undici-types/node_modules' does not exist, skipping all lookups in it.
File '/Users/sherrychang/node_modules/stream.js' does not exist.
File '/Users/sherrychang/node_modules/stream.jsx' does not exist.
Directory '/Users/node_modules' does not exist, skipping all lookups in it.
Directory '/node_modules' does not exist, skipping all lookups in it.
======== Module name 'stream' was not resolved. ========
======== Resolving module 'events' from '/Users/sherrychang/node_modules/undici-types/dispatcher.d.ts'. ========
Explicitly specified module resolution kind: 'Bundler'.
Resolving in CJS mode with conditions 'import', 'types'.
File '/Users/sherrychang/node_modules/undici-types/package.json' exists according to earlier cached lookups.
Loading module 'events' from 'node_modules' folder, target file types: TypeScript, JavaScript, Declaration, JSON.
Searching all ancestor node_modules directories for preferred extensions: TypeScript, Declaration.
Directory '/Users/sherrychang/node_modules/undici-types/node_modules' does not exist, skipping all lookups in it.
File '/Users/sherrychang/node_modules/events.ts' does not exist.
File '/Users/sherrychang/node_modules/events.tsx' does not exist.
File '/Users/sherrychang/node_modules/events.d.ts' does not exist.
File '/Users/sherrychang/node_modules/@types/events.d.ts' does not exist.
Directory '/Users/node_modules' does not exist, skipping all lookups in it.
Directory '/node_modules' does not exist, skipping all lookups in it.
Searching all ancestor node_modules directories for fallback extensions: JavaScript, JSON.
Directory '/Users/sherrychang/node_modules/undici-types/node_modules' does not exist, skipping all lookups in it.
File '/Users/sherrychang/node_modules/events.js' does not exist.
File '/Users/sherrychang/node_modules/events.jsx' does not exist.
Directory '/Users/node_modules' does not exist, skipping all lookups in it.
Directory '/node_modules' does not exist, skipping all lookups in it.
======== Module name 'events' was not resolved. ========
======== Resolving module 'buffer' from '/Users/sherrychang/node_modules/undici-types/dispatcher.d.ts'. ========
Explicitly specified module resolution kind: 'Bundler'.
Resolving in CJS mode with conditions 'import', 'types'.
File '/Users/sherrychang/node_modules/undici-types/package.json' exists according to earlier cached lookups.
Loading module 'buffer' from 'node_modules' folder, target file types: TypeScript, JavaScript, Declaration, JSON.
Searching all ancestor node_modules directories for preferred extensions: TypeScript, Declaration.
Directory '/Users/sherrychang/node_modules/undici-types/node_modules' does not exist, skipping all lookups in it.
File '/Users/sherrychang/node_modules/buffer.ts' does not exist.
File '/Users/sherrychang/node_modules/buffer.tsx' does not exist.
File '/Users/sherrychang/node_modules/buffer.d.ts' does not exist.
File '/Users/sherrychang/node_modules/@types/buffer.d.ts' does not exist.
Directory '/Users/node_modules' does not exist, skipping all lookups in it.
Directory '/node_modules' does not exist, skipping all lookups in it.
Searching all ancestor node_modules directories for fallback extensions: JavaScript, JSON.
Directory '/Users/sherrychang/node_modules/undici-types/node_modules' does not exist, skipping all lookups in it.
File '/Users/sherrychang/node_modules/buffer.js' does not exist.
File '/Users/sherrychang/node_modules/buffer.jsx' does not exist.
Directory '/Users/node_modules' does not exist, skipping all lookups in it.
Directory '/node_modules' does not exist, skipping all lookups in it.
======== Module name 'buffer' was not resolved. ========
======== Resolving module './header' from '/Users/sherrychang/node_modules/undici-types/dispatcher.d.ts'. ========
Explicitly specified module resolution kind: 'Bundler'.
Resolving in CJS mode with conditions 'import', 'types'.
Loading module as file / folder, candidate module location '/Users/sherrychang/node_modules/undici-types/header', target file types: TypeScript, JavaScript, Declaration, JSON.
File '/Users/sherrychang/node_modules/undici-types/header.ts' does not exist.
File '/Users/sherrychang/node_modules/undici-types/header.tsx' does not exist.
File '/Users/sherrychang/node_modules/undici-types/header.d.ts' exists - use it as a name resolution result.
File '/Users/sherrychang/node_modules/undici-types/package.json' exists according to earlier cached lookups.
======== Module name './header' was successfully resolved to '/Users/sherrychang/node_modules/undici-types/header.d.ts' with Package ID 'undici-types/header.d.ts@6.20.0'. ========
======== Resolving module './readable' from '/Users/sherrychang/node_modules/undici-types/dispatcher.d.ts'. ========
Explicitly specified module resolution kind: 'Bundler'.
Resolving in CJS mode with conditions 'import', 'types'.
Loading module as file / folder, candidate module location '/Users/sherrychang/node_modules/undici-types/readable', target file types: TypeScript, JavaScript, Declaration, JSON.
File '/Users/sherrychang/node_modules/undici-types/readable.ts' does not exist.
File '/Users/sherrychang/node_modules/undici-types/readable.tsx' does not exist.
File '/Users/sherrychang/node_modules/undici-types/readable.d.ts' exists - use it as a name resolution result.
File '/Users/sherrychang/node_modules/undici-types/package.json' exists according to earlier cached lookups.
======== Module name './readable' was successfully resolved to '/Users/sherrychang/node_modules/undici-types/readable.d.ts' with Package ID 'undici-types/readable.d.ts@6.20.0'. ========
======== Resolving module './formdata' from '/Users/sherrychang/node_modules/undici-types/dispatcher.d.ts'. ========
Resolution for module './formdata' was found in cache from location '/Users/sherrychang/node_modules/undici-types'.
======== Module name './formdata' was successfully resolved to '/Users/sherrychang/node_modules/undici-types/formdata.d.ts' with Package ID 'undici-types/formdata.d.ts@6.20.0'. ========
======== Resolving module './errors' from '/Users/sherrychang/node_modules/undici-types/dispatcher.d.ts'. ========
Resolution for module './errors' was found in cache from location '/Users/sherrychang/node_modules/undici-types'.
======== Module name './errors' was successfully resolved to '/Users/sherrychang/node_modules/undici-types/errors.d.ts' with Package ID 'undici-types/errors.d.ts@6.20.0'. ========
File '/Users/sherrychang/node_modules/undici-types/package.json' exists according to earlier cached lookups.
File '/Users/sherrychang/node_modules/undici-types/package.json' exists according to earlier cached lookups.
======== Resolving module 'stream' from '/Users/sherrychang/node_modules/undici-types/readable.d.ts'. ========
Resolution for module 'stream' was found in cache from location '/Users/sherrychang/node_modules/undici-types'.
======== Module name 'stream' was not resolved. ========
======== Resolving module 'buffer' from '/Users/sherrychang/node_modules/undici-types/readable.d.ts'. ========
Resolution for module 'buffer' was found in cache from location '/Users/sherrychang/node_modules/undici-types'.
======== Module name 'buffer' was not resolved. ========
File '/Users/sherrychang/node_modules/undici-types/package.json' exists according to earlier cached lookups.
======== Resolving type reference directive 'node', containing file '/Users/sherrychang/node_modules/undici-types/formdata.d.ts', root directory '/Users/sherrychang/Documents/viridis-extension/node_modules/@types,/Users/sherrychang/Documents/node_modules/@types,/Users/sherrychang/node_modules/@types,/Users/node_modules/@types,/node_modules/@types'. ========
Resolving with primary search path '/Users/sherrychang/Documents/viridis-extension/node_modules/@types, /Users/sherrychang/Documents/node_modules/@types, /Users/sherrychang/node_modules/@types, /Users/node_modules/@types, /node_modules/@types'.
Directory '/Users/sherrychang/Documents/node_modules/@types' does not exist, skipping all lookups in it.
File '/Users/sherrychang/node_modules/@types/node/package.json' exists according to earlier cached lookups.
'package.json' does not have a 'typings' field.
'package.json' has 'types' field 'index.d.ts' that references '/Users/sherrychang/node_modules/@types/node/index.d.ts'.
'package.json' has a 'typesVersions' entry '<=5.6' that matches compiler version '5.6.3', looking for a pattern to match module name 'index.d.ts'.
Module name 'index.d.ts', matched pattern '*'.
Trying substitution 'ts5.6/*', candidate module location: 'ts5.6/index.d.ts'.
File '/Users/sherrychang/node_modules/@types/node/ts5.6/index.d.ts' exists - use it as a name resolution result.
Resolving real path for '/Users/sherrychang/node_modules/@types/node/ts5.6/index.d.ts', result '/Users/sherrychang/node_modules/@types/node/ts5.6/index.d.ts'.
======== Type reference directive 'node' was successfully resolved to '/Users/sherrychang/node_modules/@types/node/ts5.6/index.d.ts' with Package ID '@types/node/ts5.6/index.d.ts@22.13.9', primary: true. ========
======== Resolving module './file' from '/Users/sherrychang/node_modules/undici-types/formdata.d.ts'. ========
Resolution for module './file' was found in cache from location '/Users/sherrychang/node_modules/undici-types'.
======== Module name './file' was successfully resolved to '/Users/sherrychang/node_modules/undici-types/file.d.ts' with Package ID 'undici-types/file.d.ts@6.20.0'. ========
======== Resolving module './fetch' from '/Users/sherrychang/node_modules/undici-types/formdata.d.ts'. ========
Resolution for module './fetch' was found in cache from location '/Users/sherrychang/node_modules/undici-types'.
======== Module name './fetch' was successfully resolved to '/Users/sherrychang/node_modules/undici-types/fetch.d.ts' with Package ID 'undici-types/fetch.d.ts@6.20.0'. ========
File '/Users/sherrychang/node_modules/undici-types/package.json' exists according to earlier cached lookups.
======== Resolving type reference directive 'node', containing file '/Users/sherrychang/node_modules/undici-types/file.d.ts'. ========
Resolution for type reference directive 'node' was found in cache from location '/Users/sherrychang/node_modules/undici-types'.
======== Type reference directive 'node' was successfully resolved to '/Users/sherrychang/node_modules/@types/node/ts5.6/index.d.ts' with Package ID '@types/node/ts5.6/index.d.ts@22.13.9', primary: true. ========
======== Resolving module 'buffer' from '/Users/sherrychang/node_modules/undici-types/file.d.ts'. ========
Resolution for module 'buffer' was found in cache from location '/Users/sherrychang/node_modules/undici-types'.
======== Module name 'buffer' was not resolved. ========
File '/Users/sherrychang/node_modules/undici-types/package.json' exists according to earlier cached lookups.
======== Resolving type reference directive 'node', containing file '/Users/sherrychang/node_modules/undici-types/fetch.d.ts'. ========
Resolution for type reference directive 'node' was found in cache from location '/Users/sherrychang/node_modules/undici-types'.
======== Type reference directive 'node' was successfully resolved to '/Users/sherrychang/node_modules/@types/node/ts5.6/index.d.ts' with Package ID '@types/node/ts5.6/index.d.ts@22.13.9', primary: true. ========
======== Resolving module 'buffer' from '/Users/sherrychang/node_modules/undici-types/fetch.d.ts'. ========
Resolution for module 'buffer' was found in cache from location '/Users/sherrychang/node_modules/undici-types'.
======== Module name 'buffer' was not resolved. ========
======== Resolving module 'url' from '/Users/sherrychang/node_modules/undici-types/fetch.d.ts'. ========
Resolution for module 'url' was found in cache from location '/Users/sherrychang/node_modules/undici-types'.
======== Module name 'url' was not resolved. ========
======== Resolving module 'stream/web' from '/Users/sherrychang/node_modules/undici-types/fetch.d.ts'. ========
Explicitly specified module resolution kind: 'Bundler'.
Resolving in CJS mode with conditions 'import', 'types'.
File '/Users/sherrychang/node_modules/undici-types/package.json' exists according to earlier cached lookups.
Loading module 'stream/web' from 'node_modules' folder, target file types: TypeScript, JavaScript, Declaration, JSON.
Searching all ancestor node_modules directories for preferred extensions: TypeScript, Declaration.
Directory '/Users/sherrychang/node_modules/undici-types/node_modules' does not exist, skipping all lookups in it.
Directory '/Users/node_modules' does not exist, skipping all lookups in it.
Directory '/node_modules' does not exist, skipping all lookups in it.
Searching all ancestor node_modules directories for fallback extensions: JavaScript, JSON.
Directory '/Users/sherrychang/node_modules/undici-types/node_modules' does not exist, skipping all lookups in it.
Directory '/Users/node_modules' does not exist, skipping all lookups in it.
Directory '/node_modules' does not exist, skipping all lookups in it.
======== Module name 'stream/web' was not resolved. ========
======== Resolving module './formdata' from '/Users/sherrychang/node_modules/undici-types/fetch.d.ts'. ========
Resolution for module './formdata' was found in cache from location '/Users/sherrychang/node_modules/undici-types'.
======== Module name './formdata' was successfully resolved to '/Users/sherrychang/node_modules/undici-types/formdata.d.ts' with Package ID 'undici-types/formdata.d.ts@6.20.0'. ========
======== Resolving module './dispatcher' from '/Users/sherrychang/node_modules/undici-types/fetch.d.ts'. ========
Resolution for module './dispatcher' was found in cache from location '/Users/sherrychang/node_modules/undici-types'.
======== Module name './dispatcher' was successfully resolved to '/Users/sherrychang/node_modules/undici-types/dispatcher.d.ts' with Package ID 'undici-types/dispatcher.d.ts@6.20.0'. ========
File '/Users/sherrychang/node_modules/undici-types/package.json' exists according to earlier cached lookups.
======== Resolving module './header' from '/Users/sherrychang/node_modules/undici-types/errors.d.ts'. ========
Resolution for module './header' was found in cache from location '/Users/sherrychang/node_modules/undici-types'.
======== Module name './header' was successfully resolved to '/Users/sherrychang/node_modules/undici-types/header.d.ts' with Package ID 'undici-types/header.d.ts@6.20.0'. ========
======== Resolving module './client' from '/Users/sherrychang/node_modules/undici-types/errors.d.ts'. ========
Resolution for module './client' was found in cache from location '/Users/sherrychang/node_modules/undici-types'.
======== Module name './client' was successfully resolved to '/Users/sherrychang/node_modules/undici-types/client.d.ts' with Package ID 'undici-types/client.d.ts@6.20.0'. ========
File '/Users/sherrychang/node_modules/undici-types/package.json' exists according to earlier cached lookups.
======== Resolving module 'url' from '/Users/sherrychang/node_modules/undici-types/client.d.ts'. ========
Resolution for module 'url' was found in cache from location '/Users/sherrychang/node_modules/undici-types'.
======== Module name 'url' was not resolved. ========
======== Resolving module 'tls' from '/Users/sherrychang/node_modules/undici-types/client.d.ts'. ========
Explicitly specified module resolution kind: 'Bundler'.
Resolving in CJS mode with conditions 'import', 'types'.
File '/Users/sherrychang/node_modules/undici-types/package.json' exists according to earlier cached lookups.
Loading module 'tls' from 'node_modules' folder, target file types: TypeScript, JavaScript, Declaration, JSON.
Searching all ancestor node_modules directories for preferred extensions: TypeScript, Declaration.
Directory '/Users/sherrychang/node_modules/undici-types/node_modules' does not exist, skipping all lookups in it.
File '/Users/sherrychang/node_modules/tls.ts' does not exist.
File '/Users/sherrychang/node_modules/tls.tsx' does not exist.
File '/Users/sherrychang/node_modules/tls.d.ts' does not exist.
File '/Users/sherrychang/node_modules/@types/tls.d.ts' does not exist.
Directory '/Users/node_modules' does not exist, skipping all lookups in it.
Directory '/node_modules' does not exist, skipping all lookups in it.
Searching all ancestor node_modules directories for fallback extensions: JavaScript, JSON.
Directory '/Users/sherrychang/node_modules/undici-types/node_modules' does not exist, skipping all lookups in it.
File '/Users/sherrychang/node_modules/tls.js' does not exist.
File '/Users/sherrychang/node_modules/tls.jsx' does not exist.
Directory '/Users/node_modules' does not exist, skipping all lookups in it.
Directory '/node_modules' does not exist, skipping all lookups in it.
======== Module name 'tls' was not resolved. ========
======== Resolving module './dispatcher' from '/Users/sherrychang/node_modules/undici-types/client.d.ts'. ========
Resolution for module './dispatcher' was found in cache from location '/Users/sherrychang/node_modules/undici-types'.
======== Module name './dispatcher' was successfully resolved to '/Users/sherrychang/node_modules/undici-types/dispatcher.d.ts' with Package ID 'undici-types/dispatcher.d.ts@6.20.0'. ========
======== Resolving module './connector' from '/Users/sherrychang/node_modules/undici-types/client.d.ts'. ========
Resolution for module './connector' was found in cache from location '/Users/sherrychang/node_modules/undici-types'.
======== Module name './connector' was successfully resolved to '/Users/sherrychang/node_modules/undici-types/connector.d.ts' with Package ID 'undici-types/connector.d.ts@6.20.0'. ========
File '/Users/sherrychang/node_modules/undici-types/package.json' exists according to earlier cached lookups.
======== Resolving module 'tls' from '/Users/sherrychang/node_modules/undici-types/connector.d.ts'. ========
Resolution for module 'tls' was found in cache from location '/Users/sherrychang/node_modules/undici-types'.
======== Module name 'tls' was not resolved. ========
======== Resolving module 'net' from '/Users/sherrychang/node_modules/undici-types/connector.d.ts'. ========
Explicitly specified module resolution kind: 'Bundler'.
Resolving in CJS mode with conditions 'import', 'types'.
File '/Users/sherrychang/node_modules/undici-types/package.json' exists according to earlier cached lookups.
Loading module 'net' from 'node_modules' folder, target file types: TypeScript, JavaScript, Declaration, JSON.
Searching all ancestor node_modules directories for preferred extensions: TypeScript, Declaration.
Directory '/Users/sherrychang/node_modules/undici-types/node_modules' does not exist, skipping all lookups in it.
File '/Users/sherrychang/node_modules/net.ts' does not exist.
File '/Users/sherrychang/node_modules/net.tsx' does not exist.
File '/Users/sherrychang/node_modules/net.d.ts' does not exist.
File '/Users/sherrychang/node_modules/@types/net.d.ts' does not exist.
Directory '/Users/node_modules' does not exist, skipping all lookups in it.
Directory '/node_modules' does not exist, skipping all lookups in it.
Searching all ancestor node_modules directories for fallback extensions: JavaScript, JSON.
Directory '/Users/sherrychang/node_modules/undici-types/node_modules' does not exist, skipping all lookups in it.
File '/Users/sherrychang/node_modules/net.js' does not exist.
File '/Users/sherrychang/node_modules/net.jsx' does not exist.
Directory '/Users/node_modules' does not exist, skipping all lookups in it.
Directory '/node_modules' does not exist, skipping all lookups in it.
======== Module name 'net' was not resolved. ========
File '/Users/sherrychang/node_modules/undici-types/package.json' exists according to earlier cached lookups.
======== Resolving module './dispatcher' from '/Users/sherrychang/node_modules/undici-types/global-dispatcher.d.ts'. ========
Resolution for module './dispatcher' was found in cache from location '/Users/sherrychang/node_modules/undici-types'.
======== Module name './dispatcher' was successfully resolved to '/Users/sherrychang/node_modules/undici-types/dispatcher.d.ts' with Package ID 'undici-types/dispatcher.d.ts@6.20.0'. ========
File '/Users/sherrychang/node_modules/undici-types/package.json' exists according to earlier cached lookups.
File '/Users/sherrychang/node_modules/undici-types/package.json' exists according to earlier cached lookups.
======== Resolving module './client' from '/Users/sherrychang/node_modules/undici-types/pool.d.ts'. ========
Resolution for module './client' was found in cache from location '/Users/sherrychang/node_modules/undici-types'.
======== Module name './client' was successfully resolved to '/Users/sherrychang/node_modules/undici-types/client.d.ts' with Package ID 'undici-types/client.d.ts@6.20.0'. ========
======== Resolving module './pool-stats' from '/Users/sherrychang/node_modules/undici-types/pool.d.ts'. ========
Explicitly specified module resolution kind: 'Bundler'.
Resolving in CJS mode with conditions 'import', 'types'.
Loading module as file / folder, candidate module location '/Users/sherrychang/node_modules/undici-types/pool-stats', target file types: TypeScript, JavaScript, Declaration, JSON.
File '/Users/sherrychang/node_modules/undici-types/pool-stats.ts' does not exist.
File '/Users/sherrychang/node_modules/undici-types/pool-stats.tsx' does not exist.
File '/Users/sherrychang/node_modules/undici-types/pool-stats.d.ts' exists - use it as a name resolution result.
File '/Users/sherrychang/node_modules/undici-types/package.json' exists according to earlier cached lookups.
======== Module name './pool-stats' was successfully resolved to '/Users/sherrychang/node_modules/undici-types/pool-stats.d.ts' with Package ID 'undici-types/pool-stats.d.ts@6.20.0'. ========
======== Resolving module 'url' from '/Users/sherrychang/node_modules/undici-types/pool.d.ts'. ========
Resolution for module 'url' was found in cache from location '/Users/sherrychang/node_modules/undici-types'.
======== Module name 'url' was not resolved. ========
======== Resolving module './dispatcher' from '/Users/sherrychang/node_modules/undici-types/pool.d.ts'. ========
Resolution for module './dispatcher' was found in cache from location '/Users/sherrychang/node_modules/undici-types'.
======== Module name './dispatcher' was successfully resolved to '/Users/sherrychang/node_modules/undici-types/dispatcher.d.ts' with Package ID 'undici-types/dispatcher.d.ts@6.20.0'. ========
File '/Users/sherrychang/node_modules/undici-types/package.json' exists according to earlier cached lookups.
======== Resolving module './pool' from '/Users/sherrychang/node_modules/undici-types/pool-stats.d.ts'. ========
Resolution for module './pool' was found in cache from location '/Users/sherrychang/node_modules/undici-types'.
======== Module name './pool' was successfully resolved to '/Users/sherrychang/node_modules/undici-types/pool.d.ts' with Package ID 'undici-types/pool.d.ts@6.20.0'. ========
File '/Users/sherrychang/node_modules/undici-types/package.json' exists according to earlier cached lookups.
======== Resolving module './dispatcher' from '/Users/sherrychang/node_modules/undici-types/handlers.d.ts'. ========
Resolution for module './dispatcher' was found in cache from location '/Users/sherrychang/node_modules/undici-types'.
======== Module name './dispatcher' was successfully resolved to '/Users/sherrychang/node_modules/undici-types/dispatcher.d.ts' with Package ID 'undici-types/dispatcher.d.ts@6.20.0'. ========
File '/Users/sherrychang/node_modules/undici-types/package.json' exists according to earlier cached lookups.
======== Resolving module './pool' from '/Users/sherrychang/node_modules/undici-types/balanced-pool.d.ts'. ========
Resolution for module './pool' was found in cache from location '/Users/sherrychang/node_modules/undici-types'.
======== Module name './pool' was successfully resolved to '/Users/sherrychang/node_modules/undici-types/pool.d.ts' with Package ID 'undici-types/pool.d.ts@6.20.0'. ========
======== Resolving module './dispatcher' from '/Users/sherrychang/node_modules/undici-types/balanced-pool.d.ts'. ========
Resolution for module './dispatcher' was found in cache from location '/Users/sherrychang/node_modules/undici-types'.
======== Module name './dispatcher' was successfully resolved to '/Users/sherrychang/node_modules/undici-types/dispatcher.d.ts' with Package ID 'undici-types/dispatcher.d.ts@6.20.0'. ========
======== Resolving module 'url' from '/Users/sherrychang/node_modules/undici-types/balanced-pool.d.ts'. ========
Resolution for module 'url' was found in cache from location '/Users/sherrychang/node_modules/undici-types'.
======== Module name 'url' was not resolved. ========
File '/Users/sherrychang/node_modules/undici-types/package.json' exists according to earlier cached lookups.
======== Resolving module 'url' from '/Users/sherrychang/node_modules/undici-types/agent.d.ts'. ========
Resolution for module 'url' was found in cache from location '/Users/sherrychang/node_modules/undici-types'.
======== Module name 'url' was not resolved. ========
======== Resolving module './pool' from '/Users/sherrychang/node_modules/undici-types/agent.d.ts'. ========
Resolution for module './pool' was found in cache from location '/Users/sherrychang/node_modules/undici-types'.
======== Module name './pool' was successfully resolved to '/Users/sherrychang/node_modules/undici-types/pool.d.ts' with Package ID 'undici-types/pool.d.ts@6.20.0'. ========
======== Resolving module './dispatcher' from '/Users/sherrychang/node_modules/undici-types/agent.d.ts'. ========
Resolution for module './dispatcher' was found in cache from location '/Users/sherrychang/node_modules/undici-types'.
======== Module name './dispatcher' was successfully resolved to '/Users/sherrychang/node_modules/undici-types/dispatcher.d.ts' with Package ID 'undici-types/dispatcher.d.ts@6.20.0'. ========
File '/Users/sherrychang/node_modules/undici-types/package.json' exists according to earlier cached lookups.
======== Resolving module './client' from '/Users/sherrychang/node_modules/undici-types/mock-client.d.ts'. ========
Resolution for module './client' was found in cache from location '/Users/sherrychang/node_modules/undici-types'.
======== Module name './client' was successfully resolved to '/Users/sherrychang/node_modules/undici-types/client.d.ts' with Package ID 'undici-types/client.d.ts@6.20.0'. ========
======== Resolving module './dispatcher' from '/Users/sherrychang/node_modules/undici-types/mock-client.d.ts'. ========
Resolution for module './dispatcher' was found in cache from location '/Users/sherrychang/node_modules/undici-types'.
======== Module name './dispatcher' was successfully resolved to '/Users/sherrychang/node_modules/undici-types/dispatcher.d.ts' with Package ID 'undici-types/dispatcher.d.ts@6.20.0'. ========
======== Resolving module './mock-agent' from '/Users/sherrychang/node_modules/undici-types/mock-client.d.ts'. ========
Resolution for module './mock-agent' was found in cache from location '/Users/sherrychang/node_modules/undici-types'.
======== Module name './mock-agent' was successfully resolved to '/Users/sherrychang/node_modules/undici-types/mock-agent.d.ts' with Package ID 'undici-types/mock-agent.d.ts@6.20.0'. ========
======== Resolving module './mock-interceptor' from '/Users/sherrychang/node_modules/undici-types/mock-client.d.ts'. ========
Resolution for module './mock-interceptor' was found in cache from location '/Users/sherrychang/node_modules/undici-types'.
======== Module name './mock-interceptor' was successfully resolved to '/Users/sherrychang/node_modules/undici-types/mock-interceptor.d.ts' with Package ID 'undici-types/mock-interceptor.d.ts@6.20.0'. ========
File '/Users/sherrychang/node_modules/undici-types/package.json' exists according to earlier cached lookups.
======== Resolving module './agent' from '/Users/sherrychang/node_modules/undici-types/mock-agent.d.ts'. ========
Resolution for module './agent' was found in cache from location '/Users/sherrychang/node_modules/undici-types'.
======== Module name './agent' was successfully resolved to '/Users/sherrychang/node_modules/undici-types/agent.d.ts' with Package ID 'undici-types/agent.d.ts@6.20.0'. ========
======== Resolving module './dispatcher' from '/Users/sherrychang/node_modules/undici-types/mock-agent.d.ts'. ========
Resolution for module './dispatcher' was found in cache from location '/Users/sherrychang/node_modules/undici-types'.
======== Module name './dispatcher' was successfully resolved to '/Users/sherrychang/node_modules/undici-types/dispatcher.d.ts' with Package ID 'undici-types/dispatcher.d.ts@6.20.0'. ========
======== Resolving module './mock-interceptor' from '/Users/sherrychang/node_modules/undici-types/mock-agent.d.ts'. ========
Resolution for module './mock-interceptor' was found in cache from location '/Users/sherrychang/node_modules/undici-types'.
======== Module name './mock-interceptor' was successfully resolved to '/Users/sherrychang/node_modules/undici-types/mock-interceptor.d.ts' with Package ID 'undici-types/mock-interceptor.d.ts@6.20.0'. ========
File '/Users/sherrychang/node_modules/undici-types/package.json' exists according to earlier cached lookups.
======== Resolving module './header' from '/Users/sherrychang/node_modules/undici-types/mock-interceptor.d.ts'. ========
Resolution for module './header' was found in cache from location '/Users/sherrychang/node_modules/undici-types'.
======== Module name './header' was successfully resolved to '/Users/sherrychang/node_modules/undici-types/header.d.ts' with Package ID 'undici-types/header.d.ts@6.20.0'. ========
======== Resolving module './dispatcher' from '/Users/sherrychang/node_modules/undici-types/mock-interceptor.d.ts'. ========
Resolution for module './dispatcher' was found in cache from location '/Users/sherrychang/node_modules/undici-types'.
======== Module name './dispatcher' was successfully resolved to '/Users/sherrychang/node_modules/undici-types/dispatcher.d.ts' with Package ID 'undici-types/dispatcher.d.ts@6.20.0'. ========
======== Resolving module './fetch' from '/Users/sherrychang/node_modules/undici-types/mock-interceptor.d.ts'. ========
Resolution for module './fetch' was found in cache from location '/Users/sherrychang/node_modules/undici-types'.
======== Module name './fetch' was successfully resolved to '/Users/sherrychang/node_modules/undici-types/fetch.d.ts' with Package ID 'undici-types/fetch.d.ts@6.20.0'. ========
File '/Users/sherrychang/node_modules/undici-types/package.json' exists according to earlier cached lookups.
======== Resolving module './pool' from '/Users/sherrychang/node_modules/undici-types/mock-pool.d.ts'. ========
Resolution for module './pool' was found in cache from location '/Users/sherrychang/node_modules/undici-types'.
======== Module name './pool' was successfully resolved to '/Users/sherrychang/node_modules/undici-types/pool.d.ts' with Package ID 'undici-types/pool.d.ts@6.20.0'. ========
======== Resolving module './mock-agent' from '/Users/sherrychang/node_modules/undici-types/mock-pool.d.ts'. ========
Resolution for module './mock-agent' was found in cache from location '/Users/sherrychang/node_modules/undici-types'.
======== Module name './mock-agent' was successfully resolved to '/Users/sherrychang/node_modules/undici-types/mock-agent.d.ts' with Package ID 'undici-types/mock-agent.d.ts@6.20.0'. ========
======== Resolving module './mock-interceptor' from '/Users/sherrychang/node_modules/undici-types/mock-pool.d.ts'. ========
Resolution for module './mock-interceptor' was found in cache from location '/Users/sherrychang/node_modules/undici-types'.
======== Module name './mock-interceptor' was successfully resolved to '/Users/sherrychang/node_modules/undici-types/mock-interceptor.d.ts' with Package ID 'undici-types/mock-interceptor.d.ts@6.20.0'. ========
======== Resolving module './dispatcher' from '/Users/sherrychang/node_modules/undici-types/mock-pool.d.ts'. ========
Resolution for module './dispatcher' was found in cache from location '/Users/sherrychang/node_modules/undici-types'.
======== Module name './dispatcher' was successfully resolved to '/Users/sherrychang/node_modules/undici-types/dispatcher.d.ts' with Package ID 'undici-types/dispatcher.d.ts@6.20.0'. ========
File '/Users/sherrychang/node_modules/undici-types/package.json' exists according to earlier cached lookups.
======== Resolving module './errors' from '/Users/sherrychang/node_modules/undici-types/mock-errors.d.ts'. ========
Resolution for module './errors' was found in cache from location '/Users/sherrychang/node_modules/undici-types'.
======== Module name './errors' was successfully resolved to '/Users/sherrychang/node_modules/undici-types/errors.d.ts' with Package ID 'undici-types/errors.d.ts@6.20.0'. ========
File '/Users/sherrychang/node_modules/undici-types/package.json' exists according to earlier cached lookups.
======== Resolving module './agent' from '/Users/sherrychang/node_modules/undici-types/proxy-agent.d.ts'. ========
Resolution for module './agent' was found in cache from location '/Users/sherrychang/node_modules/undici-types'.
======== Module name './agent' was successfully resolved to '/Users/sherrychang/node_modules/undici-types/agent.d.ts' with Package ID 'undici-types/agent.d.ts@6.20.0'. ========
======== Resolving module './connector' from '/Users/sherrychang/node_modules/undici-types/proxy-agent.d.ts'. ========
Resolution for module './connector' was found in cache from location '/Users/sherrychang/node_modules/undici-types'.
======== Module name './connector' was successfully resolved to '/Users/sherrychang/node_modules/undici-types/connector.d.ts' with Package ID 'undici-types/connector.d.ts@6.20.0'. ========
======== Resolving module './dispatcher' from '/Users/sherrychang/node_modules/undici-types/proxy-agent.d.ts'. ========
Resolution for module './dispatcher' was found in cache from location '/Users/sherrychang/node_modules/undici-types'.
======== Module name './dispatcher' was successfully resolved to '/Users/sherrychang/node_modules/undici-types/dispatcher.d.ts' with Package ID 'undici-types/dispatcher.d.ts@6.20.0'. ========
======== Resolving module './header' from '/Users/sherrychang/node_modules/undici-types/proxy-agent.d.ts'. ========
Resolution for module './header' was found in cache from location '/Users/sherrychang/node_modules/undici-types'.
======== Module name './header' was successfully resolved to '/Users/sherrychang/node_modules/undici-types/header.d.ts' with Package ID 'undici-types/header.d.ts@6.20.0'. ========
File '/Users/sherrychang/node_modules/undici-types/package.json' exists according to earlier cached lookups.
======== Resolving module './agent' from '/Users/sherrychang/node_modules/undici-types/env-http-proxy-agent.d.ts'. ========
Resolution for module './agent' was found in cache from location '/Users/sherrychang/node_modules/undici-types'.
======== Module name './agent' was successfully resolved to '/Users/sherrychang/node_modules/undici-types/agent.d.ts' with Package ID 'undici-types/agent.d.ts@6.20.0'. ========
======== Resolving module './dispatcher' from '/Users/sherrychang/node_modules/undici-types/env-http-proxy-agent.d.ts'. ========
Resolution for module './dispatcher' was found in cache from location '/Users/sherrychang/node_modules/undici-types'.
======== Module name './dispatcher' was successfully resolved to '/Users/sherrychang/node_modules/undici-types/dispatcher.d.ts' with Package ID 'undici-types/dispatcher.d.ts@6.20.0'. ========
File '/Users/sherrychang/node_modules/undici-types/package.json' exists according to earlier cached lookups.
======== Resolving module './dispatcher' from '/Users/sherrychang/node_modules/undici-types/retry-handler.d.ts'. ========
Resolution for module './dispatcher' was found in cache from location '/Users/sherrychang/node_modules/undici-types'.
======== Module name './dispatcher' was successfully resolved to '/Users/sherrychang/node_modules/undici-types/dispatcher.d.ts' with Package ID 'undici-types/dispatcher.d.ts@6.20.0'. ========
File '/Users/sherrychang/node_modules/undici-types/package.json' exists according to earlier cached lookups.
======== Resolving module './dispatcher' from '/Users/sherrychang/node_modules/undici-types/retry-agent.d.ts'. ========
Resolution for module './dispatcher' was found in cache from location '/Users/sherrychang/node_modules/undici-types'.
======== Module name './dispatcher' was successfully resolved to '/Users/sherrychang/node_modules/undici-types/dispatcher.d.ts' with Package ID 'undici-types/dispatcher.d.ts@6.20.0'. ========
======== Resolving module './retry-handler' from '/Users/sherrychang/node_modules/undici-types/retry-agent.d.ts'. ========
Resolution for module './retry-handler' was found in cache from location '/Users/sherrychang/node_modules/undici-types'.
======== Module name './retry-handler' was successfully resolved to '/Users/sherrychang/node_modules/undici-types/retry-handler.d.ts' with Package ID 'undici-types/retry-handler.d.ts@6.20.0'. ========
File '/Users/sherrychang/node_modules/undici-types/package.json' exists according to earlier cached lookups.
======== Resolving module 'url' from '/Users/sherrychang/node_modules/undici-types/api.d.ts'. ========
Resolution for module 'url' was found in cache from location '/Users/sherrychang/node_modules/undici-types'.
======== Module name 'url' was not resolved. ========
======== Resolving module 'stream' from '/Users/sherrychang/node_modules/undici-types/api.d.ts'. ========
Resolution for module 'stream' was found in cache from location '/Users/sherrychang/node_modules/undici-types'.
======== Module name 'stream' was not resolved. ========
======== Resolving module './dispatcher' from '/Users/sherrychang/node_modules/undici-types/api.d.ts'. ========
Resolution for module './dispatcher' was found in cache from location '/Users/sherrychang/node_modules/undici-types'.
======== Module name './dispatcher' was successfully resolved to '/Users/sherrychang/node_modules/undici-types/dispatcher.d.ts' with Package ID 'undici-types/dispatcher.d.ts@6.20.0'. ========
File '/Users/sherrychang/node_modules/undici-types/package.json' exists according to earlier cached lookups.
======== Resolving module './dispatcher' from '/Users/sherrychang/node_modules/undici-types/interceptors.d.ts'. ========
Resolution for module './dispatcher' was found in cache from location '/Users/sherrychang/node_modules/undici-types'.
======== Module name './dispatcher' was successfully resolved to '/Users/sherrychang/node_modules/undici-types/dispatcher.d.ts' with Package ID 'undici-types/dispatcher.d.ts@6.20.0'. ========
======== Resolving module './retry-handler' from '/Users/sherrychang/node_modules/undici-types/interceptors.d.ts'. ========
Resolution for module './retry-handler' was found in cache from location '/Users/sherrychang/node_modules/undici-types'.
======== Module name './retry-handler' was successfully resolved to '/Users/sherrychang/node_modules/undici-types/retry-handler.d.ts' with Package ID 'undici-types/retry-handler.d.ts@6.20.0'. ========
File '/Users/sherrychang/node_modules/undici-types/package.json' exists according to earlier cached lookups.
File '/Users/sherrychang/node_modules/undici-types/package.json' exists according to earlier cached lookups.
======== Resolving type reference directive 'node', containing file '/Users/sherrychang/node_modules/undici-types/cookies.d.ts'. ========
Resolution for type reference directive 'node' was found in cache from location '/Users/sherrychang/node_modules/undici-types'.
======== Type reference directive 'node' was successfully resolved to '/Users/sherrychang/node_modules/@types/node/ts5.6/index.d.ts' with Package ID '@types/node/ts5.6/index.d.ts@22.13.9', primary: true. ========
======== Resolving module './fetch' from '/Users/sherrychang/node_modules/undici-types/cookies.d.ts'. ========
Resolution for module './fetch' was found in cache from location '/Users/sherrychang/node_modules/undici-types'.
======== Module name './fetch' was successfully resolved to '/Users/sherrychang/node_modules/undici-types/fetch.d.ts' with Package ID 'undici-types/fetch.d.ts@6.20.0'. ========
File '/Users/sherrychang/node_modules/undici-types/package.json' exists according to earlier cached lookups.
======== Resolving module './websocket' from '/Users/sherrychang/node_modules/undici-types/eventsource.d.ts'. ========
Resolution for module './websocket' was found in cache from location '/Users/sherrychang/node_modules/undici-types'.
======== Module name './websocket' was successfully resolved to '/Users/sherrychang/node_modules/undici-types/websocket.d.ts' with Package ID 'undici-types/websocket.d.ts@6.20.0'. ========
======== Resolving module './dispatcher' from '/Users/sherrychang/node_modules/undici-types/eventsource.d.ts'. ========
Resolution for module './dispatcher' was found in cache from location '/Users/sherrychang/node_modules/undici-types'.
======== Module name './dispatcher' was successfully resolved to '/Users/sherrychang/node_modules/undici-types/dispatcher.d.ts' with Package ID 'undici-types/dispatcher.d.ts@6.20.0'. ========
======== Resolving module './patch' from '/Users/sherrychang/node_modules/undici-types/eventsource.d.ts'. ========
Explicitly specified module resolution kind: 'Bundler'.
Resolving in CJS mode with conditions 'import', 'types'.
Loading module as file / folder, candidate module location '/Users/sherrychang/node_modules/undici-types/patch', target file types: TypeScript, JavaScript, Declaration, JSON.
File '/Users/sherrychang/node_modules/undici-types/patch.ts' does not exist.
File '/Users/sherrychang/node_modules/undici-types/patch.tsx' does not exist.
File '/Users/sherrychang/node_modules/undici-types/patch.d.ts' exists - use it as a name resolution result.
File '/Users/sherrychang/node_modules/undici-types/package.json' exists according to earlier cached lookups.
======== Module name './patch' was successfully resolved to '/Users/sherrychang/node_modules/undici-types/patch.d.ts' with Package ID 'undici-types/patch.d.ts@6.20.0'. ========
File '/Users/sherrychang/node_modules/undici-types/package.json' exists according to earlier cached lookups.
======== Resolving type reference directive 'node', containing file '/Users/sherrychang/node_modules/undici-types/websocket.d.ts'. ========
Resolution for type reference directive 'node' was found in cache from location '/Users/sherrychang/node_modules/undici-types'.
======== Type reference directive 'node' was successfully resolved to '/Users/sherrychang/node_modules/@types/node/ts5.6/index.d.ts' with Package ID '@types/node/ts5.6/index.d.ts@22.13.9', primary: true. ========
======== Resolving module 'buffer' from '/Users/sherrychang/node_modules/undici-types/websocket.d.ts'. ========
Resolution for module 'buffer' was found in cache from location '/Users/sherrychang/node_modules/undici-types'.
======== Module name 'buffer' was not resolved. ========
======== Resolving module 'worker_threads' from '/Users/sherrychang/node_modules/undici-types/websocket.d.ts'. ========
Explicitly specified module resolution kind: 'Bundler'.
Resolving in CJS mode with conditions 'import', 'types'.
File '/Users/sherrychang/node_modules/undici-types/package.json' exists according to earlier cached lookups.
Loading module 'worker_threads' from 'node_modules' folder, target file types: TypeScript, JavaScript, Declaration, JSON.
Searching all ancestor node_modules directories for preferred extensions: TypeScript, Declaration.
Directory '/Users/sherrychang/node_modules/undici-types/node_modules' does not exist, skipping all lookups in it.
File '/Users/sherrychang/node_modules/worker_threads.ts' does not exist.
File '/Users/sherrychang/node_modules/worker_threads.tsx' does not exist.
File '/Users/sherrychang/node_modules/worker_threads.d.ts' does not exist.
File '/Users/sherrychang/node_modules/@types/worker_threads.d.ts' does not exist.
Directory '/Users/node_modules' does not exist, skipping all lookups in it.
Directory '/node_modules' does not exist, skipping all lookups in it.
Searching all ancestor node_modules directories for fallback extensions: JavaScript, JSON.
Directory '/Users/sherrychang/node_modules/undici-types/node_modules' does not exist, skipping all lookups in it.
File '/Users/sherrychang/node_modules/worker_threads.js' does not exist.
File '/Users/sherrychang/node_modules/worker_threads.jsx' does not exist.
Directory '/Users/node_modules' does not exist, skipping all lookups in it.
Directory '/node_modules' does not exist, skipping all lookups in it.
======== Module name 'worker_threads' was not resolved. ========
======== Resolving module './patch' from '/Users/sherrychang/node_modules/undici-types/websocket.d.ts'. ========
Resolution for module './patch' was found in cache from location '/Users/sherrychang/node_modules/undici-types'.
======== Module name './patch' was successfully resolved to '/Users/sherrychang/node_modules/undici-types/patch.d.ts' with Package ID 'undici-types/patch.d.ts@6.20.0'. ========
======== Resolving module './dispatcher' from '/Users/sherrychang/node_modules/undici-types/websocket.d.ts'. ========
Resolution for module './dispatcher' was found in cache from location '/Users/sherrychang/node_modules/undici-types'.
======== Module name './dispatcher' was successfully resolved to '/Users/sherrychang/node_modules/undici-types/dispatcher.d.ts' with Package ID 'undici-types/dispatcher.d.ts@6.20.0'. ========
======== Resolving module './fetch' from '/Users/sherrychang/node_modules/undici-types/websocket.d.ts'. ========
Resolution for module './fetch' was found in cache from location '/Users/sherrychang/node_modules/undici-types'.
======== Module name './fetch' was successfully resolved to '/Users/sherrychang/node_modules/undici-types/fetch.d.ts' with Package ID 'undici-types/fetch.d.ts@6.20.0'. ========
File '/Users/sherrychang/node_modules/undici-types/package.json' exists according to earlier cached lookups.
======== Resolving type reference directive 'node', containing file '/Users/sherrychang/node_modules/undici-types/patch.d.ts'. ========
Resolution for type reference directive 'node' was found in cache from location '/Users/sherrychang/node_modules/undici-types'.
======== Type reference directive 'node' was successfully resolved to '/Users/sherrychang/node_modules/@types/node/ts5.6/index.d.ts' with Package ID '@types/node/ts5.6/index.d.ts@22.13.9', primary: true. ========
File '/Users/sherrychang/node_modules/undici-types/package.json' exists according to earlier cached lookups.
======== Resolving type reference directive 'node', containing file '/Users/sherrychang/node_modules/undici-types/filereader.d.ts'. ========
Resolution for type reference directive 'node' was found in cache from location '/Users/sherrychang/node_modules/undici-types'.
======== Type reference directive 'node' was successfully resolved to '/Users/sherrychang/node_modules/@types/node/ts5.6/index.d.ts' with Package ID '@types/node/ts5.6/index.d.ts@22.13.9', primary: true. ========
======== Resolving module 'buffer' from '/Users/sherrychang/node_modules/undici-types/filereader.d.ts'. ========
Resolution for module 'buffer' was found in cache from location '/Users/sherrychang/node_modules/undici-types'.
======== Module name 'buffer' was not resolved. ========
======== Resolving module './patch' from '/Users/sherrychang/node_modules/undici-types/filereader.d.ts'. ========
Resolution for module './patch' was found in cache from location '/Users/sherrychang/node_modules/undici-types'.
======== Module name './patch' was successfully resolved to '/Users/sherrychang/node_modules/undici-types/patch.d.ts' with Package ID 'undici-types/patch.d.ts@6.20.0'. ========
File '/Users/sherrychang/node_modules/undici-types/package.json' exists according to earlier cached lookups.
======== Resolving module 'net' from '/Users/sherrychang/node_modules/undici-types/diagnostics-channel.d.ts'. ========
Resolution for module 'net' was found in cache from location '/Users/sherrychang/node_modules/undici-types'.
======== Module name 'net' was not resolved. ========
======== Resolving module 'url' from '/Users/sherrychang/node_modules/undici-types/diagnostics-channel.d.ts'. ========
Resolution for module 'url' was found in cache from location '/Users/sherrychang/node_modules/undici-types'.
======== Module name 'url' was not resolved. ========
======== Resolving module './connector' from '/Users/sherrychang/node_modules/undici-types/diagnostics-channel.d.ts'. ========
Resolution for module './connector' was found in cache from location '/Users/sherrychang/node_modules/undici-types'.
======== Module name './connector' was successfully resolved to '/Users/sherrychang/node_modules/undici-types/connector.d.ts' with Package ID 'undici-types/connector.d.ts@6.20.0'. ========
======== Resolving module './dispatcher' from '/Users/sherrychang/node_modules/undici-types/diagnostics-channel.d.ts'. ========
Resolution for module './dispatcher' was found in cache from location '/Users/sherrychang/node_modules/undici-types'.
======== Module name './dispatcher' was successfully resolved to '/Users/sherrychang/node_modules/undici-types/dispatcher.d.ts' with Package ID 'undici-types/dispatcher.d.ts@6.20.0'. ========
File '/Users/sherrychang/node_modules/undici-types/package.json' exists according to earlier cached lookups.
======== Resolving type reference directive 'node', containing file '/Users/sherrychang/node_modules/undici-types/content-type.d.ts'. ========
Resolution for type reference directive 'node' was found in cache from location '/Users/sherrychang/node_modules/undici-types'.
======== Type reference directive 'node' was successfully resolved to '/Users/sherrychang/node_modules/@types/node/ts5.6/index.d.ts' with Package ID '@types/node/ts5.6/index.d.ts@22.13.9', primary: true. ========
File '/Users/sherrychang/node_modules/undici-types/package.json' exists according to earlier cached lookups.
======== Resolving module './fetch' from '/Users/sherrychang/node_modules/undici-types/cache.d.ts'. ========
Resolution for module './fetch' was found in cache from location '/Users/sherrychang/node_modules/undici-types'.
======== Module name './fetch' was successfully resolved to '/Users/sherrychang/node_modules/undici-types/fetch.d.ts' with Package ID 'undici-types/fetch.d.ts@6.20.0'. ========
File '/Users/sherrychang/node_modules/@types/node/package.json' exists according to earlier cached lookups.
Module 'assert' was resolved as locally declared ambient module in file '/Users/sherrychang/node_modules/@types/node/assert.d.ts'.
File '/Users/sherrychang/node_modules/@types/node/assert/package.json' does not exist.
File '/Users/sherrychang/node_modules/@types/node/package.json' exists according to earlier cached lookups.
======== Resolving module 'node:assert' from '/Users/sherrychang/node_modules/@types/node/assert/strict.d.ts'. ========
Explicitly specified module resolution kind: 'Bundler'.
Resolving in CJS mode with conditions 'import', 'types'.
File '/Users/sherrychang/node_modules/@types/node/assert/package.json' does not exist according to earlier cached lookups.
File '/Users/sherrychang/node_modules/@types/node/package.json' exists according to earlier cached lookups.
Skipping module 'node:assert' that looks like an absolute URI, target file types: TypeScript, JavaScript, Declaration, JSON.
======== Module name 'node:assert' was not resolved. ========
File '/Users/sherrychang/node_modules/@types/node/package.json' exists according to earlier cached lookups.
Module 'async_hooks' was resolved as locally declared ambient module in file '/Users/sherrychang/node_modules/@types/node/async_hooks.d.ts'.
File '/Users/sherrychang/node_modules/@types/node/package.json' exists according to earlier cached lookups.
Module 'buffer' was resolved as locally declared ambient module in file '/Users/sherrychang/node_modules/@types/node/buffer.d.ts'.
Module 'buffer' was resolved as locally declared ambient module in file '/Users/sherrychang/node_modules/@types/node/buffer.d.ts'.
Module 'buffer' was resolved as locally declared ambient module in file '/Users/sherrychang/node_modules/@types/node/buffer.d.ts'.
Module 'buffer' was resolved as locally declared ambient module in file '/Users/sherrychang/node_modules/@types/node/buffer.d.ts'.
Module 'buffer' was resolved as locally declared ambient module in file '/Users/sherrychang/node_modules/@types/node/buffer.d.ts'.
======== Resolving module 'node:crypto' from '/Users/sherrychang/node_modules/@types/node/buffer.d.ts'. ========
Explicitly specified module resolution kind: 'Bundler'.
Resolving in CJS mode with conditions 'import', 'types'.
File '/Users/sherrychang/node_modules/@types/node/package.json' exists according to earlier cached lookups.
Skipping module 'node:crypto' that looks like an absolute URI, target file types: TypeScript, JavaScript, Declaration, JSON.
======== Module name 'node:crypto' was not resolved. ========
======== Resolving module 'node:stream/web' from '/Users/sherrychang/node_modules/@types/node/buffer.d.ts'. ========
Explicitly specified module resolution kind: 'Bundler'.
Resolving in CJS mode with conditions 'import', 'types'.
File '/Users/sherrychang/node_modules/@types/node/package.json' exists according to earlier cached lookups.
Skipping module 'node:stream/web' that looks like an absolute URI, target file types: TypeScript, JavaScript, Declaration, JSON.
======== Module name 'node:stream/web' was not resolved. ========
File '/Users/sherrychang/node_modules/@types/node/package.json' exists according to earlier cached lookups.
Module 'child_process' was resolved as locally declared ambient module in file '/Users/sherrychang/node_modules/@types/node/child_process.d.ts'.
======== Resolving module 'node:fs' from '/Users/sherrychang/node_modules/@types/node/child_process.d.ts'. ========
Explicitly specified module resolution kind: 'Bundler'.
Resolving in CJS mode with conditions 'import', 'types'.
File '/Users/sherrychang/node_modules/@types/node/package.json' exists according to earlier cached lookups.
Skipping module 'node:fs' that looks like an absolute URI, target file types: TypeScript, JavaScript, Declaration, JSON.
======== Module name 'node:fs' was not resolved. ========
======== Resolving module 'node:events' from '/Users/sherrychang/node_modules/@types/node/child_process.d.ts'. ========
Explicitly specified module resolution kind: 'Bundler'.
Resolving in CJS mode with conditions 'import', 'types'.
File '/Users/sherrychang/node_modules/@types/node/package.json' exists according to earlier cached lookups.
Skipping module 'node:events' that looks like an absolute URI, target file types: TypeScript, JavaScript, Declaration, JSON.
======== Module name 'node:events' was not resolved. ========
======== Resolving module 'node:dgram' from '/Users/sherrychang/node_modules/@types/node/child_process.d.ts'. ========
Explicitly specified module resolution kind: 'Bundler'.
Resolving in CJS mode with conditions 'import', 'types'.
File '/Users/sherrychang/node_modules/@types/node/package.json' exists according to earlier cached lookups.
Skipping module 'node:dgram' that looks like an absolute URI, target file types: TypeScript, JavaScript, Declaration, JSON.
======== Module name 'node:dgram' was not resolved. ========
======== Resolving module 'node:net' from '/Users/sherrychang/node_modules/@types/node/child_process.d.ts'. ========
Explicitly specified module resolution kind: 'Bundler'.
Resolving in CJS mode with conditions 'import', 'types'.
File '/Users/sherrychang/node_modules/@types/node/package.json' exists according to earlier cached lookups.
Skipping module 'node:net' that looks like an absolute URI, target file types: TypeScript, JavaScript, Declaration, JSON.
======== Module name 'node:net' was not resolved. ========
======== Resolving module 'node:stream' from '/Users/sherrychang/node_modules/@types/node/child_process.d.ts'. ========
Explicitly specified module resolution kind: 'Bundler'.
Resolving in CJS mode with conditions 'import', 'types'.
File '/Users/sherrychang/node_modules/@types/node/package.json' exists according to earlier cached lookups.
Skipping module 'node:stream' that looks like an absolute URI, target file types: TypeScript, JavaScript, Declaration, JSON.
======== Module name 'node:stream' was not resolved. ========
======== Resolving module 'node:url' from '/Users/sherrychang/node_modules/@types/node/child_process.d.ts'. ========
Explicitly specified module resolution kind: 'Bundler'.
Resolving in CJS mode with conditions 'import', 'types'.
File '/Users/sherrychang/node_modules/@types/node/package.json' exists according to earlier cached lookups.
Skipping module 'node:url' that looks like an absolute URI, target file types: TypeScript, JavaScript, Declaration, JSON.
======== Module name 'node:url' was not resolved. ========
File '/Users/sherrychang/node_modules/@types/node/package.json' exists according to earlier cached lookups.
Module 'cluster' was resolved as locally declared ambient module in file '/Users/sherrychang/node_modules/@types/node/cluster.d.ts'.
Module 'cluster' was resolved as locally declared ambient module in file '/Users/sherrychang/node_modules/@types/node/cluster.d.ts'.
======== Resolving module 'node:child_process' from '/Users/sherrychang/node_modules/@types/node/cluster.d.ts'. ========
Explicitly specified module resolution kind: 'Bundler'.
Resolving in CJS mode with conditions 'import', 'types'.
File '/Users/sherrychang/node_modules/@types/node/package.json' exists according to earlier cached lookups.
Skipping module 'node:child_process' that looks like an absolute URI, target file types: TypeScript, JavaScript, Declaration, JSON.
======== Module name 'node:child_process' was not resolved. ========
======== Resolving module 'node:events' from '/Users/sherrychang/node_modules/@types/node/cluster.d.ts'. ========
Explicitly specified module resolution kind: 'Bundler'.
Resolving in CJS mode with conditions 'require', 'types'.
File '/Users/sherrychang/node_modules/@types/node/package.json' exists according to earlier cached lookups.
Skipping module 'node:events' that looks like an absolute URI, target file types: TypeScript, JavaScript, Declaration, JSON.
======== Module name 'node:events' was not resolved. ========
======== Resolving module 'node:net' from '/Users/sherrychang/node_modules/@types/node/cluster.d.ts'. ========
Resolution for module 'node:net' was found in cache from location '/Users/sherrychang/node_modules/@types/node'.
======== Module name 'node:net' was not resolved. ========
File '/Users/sherrychang/node_modules/@types/node/package.json' exists according to earlier cached lookups.
Module 'node:console' was resolved as locally declared ambient module in file '/Users/sherrychang/node_modules/@types/node/console.d.ts'.
======== Resolving module 'node:util' from '/Users/sherrychang/node_modules/@types/node/console.d.ts'. ========
Explicitly specified module resolution kind: 'Bundler'.
Resolving in CJS mode with conditions 'import', 'types'.
File '/Users/sherrychang/node_modules/@types/node/package.json' exists according to earlier cached lookups.
Skipping module 'node:util' that looks like an absolute URI, target file types: TypeScript, JavaScript, Declaration, JSON.
======== Module name 'node:util' was not resolved. ========
File '/Users/sherrychang/node_modules/@types/node/package.json' exists according to earlier cached lookups.
Module 'constants' was resolved as locally declared ambient module in file '/Users/sherrychang/node_modules/@types/node/constants.d.ts'.
======== Resolving module 'node:os' from '/Users/sherrychang/node_modules/@types/node/constants.d.ts'. ========
Explicitly specified module resolution kind: 'Bundler'.
Resolving in CJS mode with conditions 'import', 'types'.
File '/Users/sherrychang/node_modules/@types/node/package.json' exists according to earlier cached lookups.
Skipping module 'node:os' that looks like an absolute URI, target file types: TypeScript, JavaScript, Declaration, JSON.
======== Module name 'node:os' was not resolved. ========
======== Resolving module 'node:crypto' from '/Users/sherrychang/node_modules/@types/node/constants.d.ts'. ========
Resolution for module 'node:crypto' was found in cache from location '/Users/sherrychang/node_modules/@types/node'.
======== Module name 'node:crypto' was not resolved. ========
======== Resolving module 'node:fs' from '/Users/sherrychang/node_modules/@types/node/constants.d.ts'. ========
Resolution for module 'node:fs' was found in cache from location '/Users/sherrychang/node_modules/@types/node'.
======== Module name 'node:fs' was not resolved. ========
File '/Users/sherrychang/node_modules/@types/node/package.json' exists according to earlier cached lookups.
Module 'crypto' was resolved as locally declared ambient module in file '/Users/sherrychang/node_modules/@types/node/crypto.d.ts'.
======== Resolving module 'node:stream' from '/Users/sherrychang/node_modules/@types/node/crypto.d.ts'. ========
Resolution for module 'node:stream' was found in cache from location '/Users/sherrychang/node_modules/@types/node'.
======== Module name 'node:stream' was not resolved. ========
======== Resolving module 'node:tls' from '/Users/sherrychang/node_modules/@types/node/crypto.d.ts'. ========
Explicitly specified module resolution kind: 'Bundler'.
Resolving in CJS mode with conditions 'import', 'types'.
File '/Users/sherrychang/node_modules/@types/node/package.json' exists according to earlier cached lookups.
Skipping module 'node:tls' that looks like an absolute URI, target file types: TypeScript, JavaScript, Declaration, JSON.
======== Module name 'node:tls' was not resolved. ========
File '/Users/sherrychang/node_modules/@types/node/package.json' exists according to earlier cached lookups.
Module 'dgram' was resolved as locally declared ambient module in file '/Users/sherrychang/node_modules/@types/node/dgram.d.ts'.
======== Resolving module 'node:net' from '/Users/sherrychang/node_modules/@types/node/dgram.d.ts'. ========
Resolution for module 'node:net' was found in cache from location '/Users/sherrychang/node_modules/@types/node'.
======== Module name 'node:net' was not resolved. ========
======== Resolving module 'node:dns' from '/Users/sherrychang/node_modules/@types/node/dgram.d.ts'. ========
Explicitly specified module resolution kind: 'Bundler'.
Resolving in CJS mode with conditions 'import', 'types'.
File '/Users/sherrychang/node_modules/@types/node/package.json' exists according to earlier cached lookups.
Skipping module 'node:dns' that looks like an absolute URI, target file types: TypeScript, JavaScript, Declaration, JSON.
======== Module name 'node:dns' was not resolved. ========
======== Resolving module 'node:events' from '/Users/sherrychang/node_modules/@types/node/dgram.d.ts'. ========
Resolution for module 'node:events' was found in cache from location '/Users/sherrychang/node_modules/@types/node'.
======== Module name 'node:events' was not resolved. ========
File '/Users/sherrychang/node_modules/@types/node/package.json' exists according to earlier cached lookups.
Module 'diagnostics_channel' was resolved as locally declared ambient module in file '/Users/sherrychang/node_modules/@types/node/diagnostics_channel.d.ts'.
======== Resolving module 'node:async_hooks' from '/Users/sherrychang/node_modules/@types/node/diagnostics_channel.d.ts'. ========
Explicitly specified module resolution kind: 'Bundler'.
Resolving in CJS mode with conditions 'import', 'types'.
File '/Users/sherrychang/node_modules/@types/node/package.json' exists according to earlier cached lookups.
Skipping module 'node:async_hooks' that looks like an absolute URI, target file types: TypeScript, JavaScript, Declaration, JSON.
======== Module name 'node:async_hooks' was not resolved. ========
File '/Users/sherrychang/node_modules/@types/node/package.json' exists according to earlier cached lookups.
Module 'dns' was resolved as locally declared ambient module in file '/Users/sherrychang/node_modules/@types/node/dns.d.ts'.
======== Resolving module 'node:dns/promises' from '/Users/sherrychang/node_modules/@types/node/dns.d.ts'. ========
Explicitly specified module resolution kind: 'Bundler'.
Resolving in CJS mode with conditions 'import', 'types'.
File '/Users/sherrychang/node_modules/@types/node/package.json' exists according to earlier cached lookups.
Skipping module 'node:dns/promises' that looks like an absolute URI, target file types: TypeScript, JavaScript, Declaration, JSON.
======== Module name 'node:dns/promises' was not resolved. ========
File '/Users/sherrychang/node_modules/@types/node/dns/package.json' does not exist.
File '/Users/sherrychang/node_modules/@types/node/package.json' exists according to earlier cached lookups.
Module 'dns/promises' was resolved as locally declared ambient module in file '/Users/sherrychang/node_modules/@types/node/dns/promises.d.ts'.
======== Resolving module 'node:dns' from '/Users/sherrychang/node_modules/@types/node/dns/promises.d.ts'. ========
Explicitly specified module resolution kind: 'Bundler'.
Resolving in CJS mode with conditions 'import', 'types'.
File '/Users/sherrychang/node_modules/@types/node/dns/package.json' does not exist according to earlier cached lookups.
File '/Users/sherrychang/node_modules/@types/node/package.json' exists according to earlier cached lookups.
Skipping module 'node:dns' that looks like an absolute URI, target file types: TypeScript, JavaScript, Declaration, JSON.
======== Module name 'node:dns' was not resolved. ========
File '/Users/sherrychang/node_modules/@types/node/package.json' exists according to earlier cached lookups.
Module 'domain' was resolved as locally declared ambient module in file '/Users/sherrychang/node_modules/@types/node/domain.d.ts'.
======== Resolving module 'node:events' from '/Users/sherrychang/node_modules/@types/node/domain.d.ts'. ========
Resolution for module 'node:events' was found in cache from location '/Users/sherrychang/node_modules/@types/node'.
======== Module name 'node:events' was not resolved. ========
File '/Users/sherrychang/node_modules/@types/node/package.json' exists according to earlier cached lookups.
======== Resolving module 'events' from '/Users/sherrychang/node_modules/@types/node/dom-events.d.ts'. ========
Explicitly specified module resolution kind: 'Bundler'.
Resolving in CJS mode with conditions 'import', 'types'.
File '/Users/sherrychang/node_modules/@types/node/package.json' exists according to earlier cached lookups.
Loading module 'events' from 'node_modules' folder, target file types: TypeScript, JavaScript, Declaration, JSON.
Searching all ancestor node_modules directories for preferred extensions: TypeScript, Declaration.
Directory '/Users/sherrychang/node_modules/@types/node/node_modules' does not exist, skipping all lookups in it.
Directory '/Users/sherrychang/node_modules/@types/node_modules' does not exist, skipping all lookups in it.
File '/Users/sherrychang/node_modules/events.ts' does not exist.
File '/Users/sherrychang/node_modules/events.tsx' does not exist.
File '/Users/sherrychang/node_modules/events.d.ts' does not exist.
File '/Users/sherrychang/node_modules/@types/events.d.ts' does not exist.
Directory '/Users/node_modules' does not exist, skipping all lookups in it.
Directory '/node_modules' does not exist, skipping all lookups in it.
Searching all ancestor node_modules directories for fallback extensions: JavaScript, JSON.
Directory '/Users/sherrychang/node_modules/@types/node/node_modules' does not exist, skipping all lookups in it.
Directory '/Users/sherrychang/node_modules/@types/node_modules' does not exist, skipping all lookups in it.
File '/Users/sherrychang/node_modules/events.js' does not exist.
File '/Users/sherrychang/node_modules/events.jsx' does not exist.
Directory '/Users/node_modules' does not exist, skipping all lookups in it.
Directory '/node_modules' does not exist, skipping all lookups in it.
======== Module name 'events' was not resolved. ========
File '/Users/sherrychang/node_modules/@types/node/package.json' exists according to earlier cached lookups.
Module 'node:events' was resolved as locally declared ambient module in file '/Users/sherrychang/node_modules/@types/node/events.d.ts'.
Module 'events' was resolved as locally declared ambient module in file '/Users/sherrychang/node_modules/@types/node/events.d.ts'.
======== Resolving module 'node:async_hooks' from '/Users/sherrychang/node_modules/@types/node/events.d.ts'. ========
Resolution for module 'node:async_hooks' was found in cache from location '/Users/sherrychang/node_modules/@types/node'.
======== Module name 'node:async_hooks' was not resolved. ========
File '/Users/sherrychang/node_modules/@types/node/package.json' exists according to earlier cached lookups.
Module 'fs' was resolved as locally declared ambient module in file '/Users/sherrychang/node_modules/@types/node/fs.d.ts'.
======== Resolving module 'node:stream' from '/Users/sherrychang/node_modules/@types/node/fs.d.ts'. ========
Resolution for module 'node:stream' was found in cache from location '/Users/sherrychang/node_modules/@types/node'.
======== Module name 'node:stream' was not resolved. ========
======== Resolving module 'node:events' from '/Users/sherrychang/node_modules/@types/node/fs.d.ts'. ========
Resolution for module 'node:events' was found in cache from location '/Users/sherrychang/node_modules/@types/node'.
======== Module name 'node:events' was not resolved. ========
======== Resolving module 'node:url' from '/Users/sherrychang/node_modules/@types/node/fs.d.ts'. ========
Resolution for module 'node:url' was found in cache from location '/Users/sherrychang/node_modules/@types/node'.
======== Module name 'node:url' was not resolved. ========
======== Resolving module 'node:fs/promises' from '/Users/sherrychang/node_modules/@types/node/fs.d.ts'. ========
Explicitly specified module resolution kind: 'Bundler'.
Resolving in CJS mode with conditions 'import', 'types'.
File '/Users/sherrychang/node_modules/@types/node/package.json' exists according to earlier cached lookups.
Skipping module 'node:fs/promises' that looks like an absolute URI, target file types: TypeScript, JavaScript, Declaration, JSON.
======== Module name 'node:fs/promises' was not resolved. ========
File '/Users/sherrychang/node_modules/@types/node/fs/package.json' does not exist.
File '/Users/sherrychang/node_modules/@types/node/package.json' exists according to earlier cached lookups.
Module 'fs/promises' was resolved as locally declared ambient module in file '/Users/sherrychang/node_modules/@types/node/fs/promises.d.ts'.
======== Resolving module 'node:events' from '/Users/sherrychang/node_modules/@types/node/fs/promises.d.ts'. ========
Explicitly specified module resolution kind: 'Bundler'.
Resolving in CJS mode with conditions 'import', 'types'.
File '/Users/sherrychang/node_modules/@types/node/fs/package.json' does not exist according to earlier cached lookups.
File '/Users/sherrychang/node_modules/@types/node/package.json' exists according to earlier cached lookups.
Skipping module 'node:events' that looks like an absolute URI, target file types: TypeScript, JavaScript, Declaration, JSON.
======== Module name 'node:events' was not resolved. ========
======== Resolving module 'node:stream' from '/Users/sherrychang/node_modules/@types/node/fs/promises.d.ts'. ========
Explicitly specified module resolution kind: 'Bundler'.
Resolving in CJS mode with conditions 'import', 'types'.
File '/Users/sherrychang/node_modules/@types/node/fs/package.json' does not exist according to earlier cached lookups.
File '/Users/sherrychang/node_modules/@types/node/package.json' exists according to earlier cached lookups.
Skipping module 'node:stream' that looks like an absolute URI, target file types: TypeScript, JavaScript, Declaration, JSON.
======== Module name 'node:stream' was not resolved. ========
======== Resolving module 'node:stream/web' from '/Users/sherrychang/node_modules/@types/node/fs/promises.d.ts'. ========
Explicitly specified module resolution kind: 'Bundler'.
Resolving in CJS mode with conditions 'import', 'types'.
File '/Users/sherrychang/node_modules/@types/node/fs/package.json' does not exist according to earlier cached lookups.
File '/Users/sherrychang/node_modules/@types/node/package.json' exists according to earlier cached lookups.
Skipping module 'node:stream/web' that looks like an absolute URI, target file types: TypeScript, JavaScript, Declaration, JSON.
======== Module name 'node:stream/web' was not resolved. ========
======== Resolving module 'node:fs' from '/Users/sherrychang/node_modules/@types/node/fs/promises.d.ts'. ========
Explicitly specified module resolution kind: 'Bundler'.
Resolving in CJS mode with conditions 'import', 'types'.
File '/Users/sherrychang/node_modules/@types/node/fs/package.json' does not exist according to earlier cached lookups.
File '/Users/sherrychang/node_modules/@types/node/package.json' exists according to earlier cached lookups.
Skipping module 'node:fs' that looks like an absolute URI, target file types: TypeScript, JavaScript, Declaration, JSON.
======== Module name 'node:fs' was not resolved. ========
======== Resolving module 'node:readline' from '/Users/sherrychang/node_modules/@types/node/fs/promises.d.ts'. ========
Explicitly specified module resolution kind: 'Bundler'.
Resolving in CJS mode with conditions 'import', 'types'.
File '/Users/sherrychang/node_modules/@types/node/fs/package.json' does not exist according to earlier cached lookups.
File '/Users/sherrychang/node_modules/@types/node/package.json' exists according to earlier cached lookups.
Skipping module 'node:readline' that looks like an absolute URI, target file types: TypeScript, JavaScript, Declaration, JSON.
======== Module name 'node:readline' was not resolved. ========
File '/Users/sherrychang/node_modules/@types/node/package.json' exists according to earlier cached lookups.
Module 'http' was resolved as locally declared ambient module in file '/Users/sherrychang/node_modules/@types/node/http.d.ts'.
======== Resolving module 'node:stream' from '/Users/sherrychang/node_modules/@types/node/http.d.ts'. ========
Resolution for module 'node:stream' was found in cache from location '/Users/sherrychang/node_modules/@types/node'.
======== Module name 'node:stream' was not resolved. ========
======== Resolving module 'node:url' from '/Users/sherrychang/node_modules/@types/node/http.d.ts'. ========
Resolution for module 'node:url' was found in cache from location '/Users/sherrychang/node_modules/@types/node'.
======== Module name 'node:url' was not resolved. ========
======== Resolving module 'node:dns' from '/Users/sherrychang/node_modules/@types/node/http.d.ts'. ========
Resolution for module 'node:dns' was found in cache from location '/Users/sherrychang/node_modules/@types/node'.
======== Module name 'node:dns' was not resolved. ========
======== Resolving module 'node:events' from '/Users/sherrychang/node_modules/@types/node/http.d.ts'. ========
Resolution for module 'node:events' was found in cache from location '/Users/sherrychang/node_modules/@types/node'.
======== Module name 'node:events' was not resolved. ========
======== Resolving module 'node:net' from '/Users/sherrychang/node_modules/@types/node/http.d.ts'. ========
Resolution for module 'node:net' was found in cache from location '/Users/sherrychang/node_modules/@types/node'.
======== Module name 'node:net' was not resolved. ========
======== Resolving module 'undici-types' from '/Users/sherrychang/node_modules/@types/node/http.d.ts'. ========
Resolution for module 'undici-types' was found in cache from location '/Users/sherrychang/node_modules/@types/node'.
======== Module name 'undici-types' was successfully resolved to '/Users/sherrychang/node_modules/undici-types/index.d.ts' with Package ID 'undici-types/index.d.ts@6.20.0'. ========
File '/Users/sherrychang/node_modules/@types/node/package.json' exists according to earlier cached lookups.
Module 'http2' was resolved as locally declared ambient module in file '/Users/sherrychang/node_modules/@types/node/http2.d.ts'.
======== Resolving module 'node:events' from '/Users/sherrychang/node_modules/@types/node/http2.d.ts'. ========
Resolution for module 'node:events' was found in cache from location '/Users/sherrychang/node_modules/@types/node'.
======== Module name 'node:events' was not resolved. ========
======== Resolving module 'node:fs' from '/Users/sherrychang/node_modules/@types/node/http2.d.ts'. ========
Resolution for module 'node:fs' was found in cache from location '/Users/sherrychang/node_modules/@types/node'.
======== Module name 'node:fs' was not resolved. ========
======== Resolving module 'node:net' from '/Users/sherrychang/node_modules/@types/node/http2.d.ts'. ========
Resolution for module 'node:net' was found in cache from location '/Users/sherrychang/node_modules/@types/node'.
======== Module name 'node:net' was not resolved. ========
======== Resolving module 'node:stream' from '/Users/sherrychang/node_modules/@types/node/http2.d.ts'. ========
Resolution for module 'node:stream' was found in cache from location '/Users/sherrychang/node_modules/@types/node'.
======== Module name 'node:stream' was not resolved. ========
======== Resolving module 'node:tls' from '/Users/sherrychang/node_modules/@types/node/http2.d.ts'. ========
Resolution for module 'node:tls' was found in cache from location '/Users/sherrychang/node_modules/@types/node'.
======== Module name 'node:tls' was not resolved. ========
======== Resolving module 'node:url' from '/Users/sherrychang/node_modules/@types/node/http2.d.ts'. ========
Resolution for module 'node:url' was found in cache from location '/Users/sherrychang/node_modules/@types/node'.
======== Module name 'node:url' was not resolved. ========
======== Resolving module 'node:http' from '/Users/sherrychang/node_modules/@types/node/http2.d.ts'. ========
Explicitly specified module resolution kind: 'Bundler'.
Resolving in CJS mode with conditions 'import', 'types'.
File '/Users/sherrychang/node_modules/@types/node/package.json' exists according to earlier cached lookups.
Skipping module 'node:http' that looks like an absolute URI, target file types: TypeScript, JavaScript, Declaration, JSON.
======== Module name 'node:http' was not resolved. ========
File '/Users/sherrychang/node_modules/@types/node/package.json' exists according to earlier cached lookups.
Module 'https' was resolved as locally declared ambient module in file '/Users/sherrychang/node_modules/@types/node/https.d.ts'.
======== Resolving module 'node:stream' from '/Users/sherrychang/node_modules/@types/node/https.d.ts'. ========
Resolution for module 'node:stream' was found in cache from location '/Users/sherrychang/node_modules/@types/node'.
======== Module name 'node:stream' was not resolved. ========
======== Resolving module 'node:tls' from '/Users/sherrychang/node_modules/@types/node/https.d.ts'. ========
Resolution for module 'node:tls' was found in cache from location '/Users/sherrychang/node_modules/@types/node'.
======== Module name 'node:tls' was not resolved. ========
======== Resolving module 'node:http' from '/Users/sherrychang/node_modules/@types/node/https.d.ts'. ========
Resolution for module 'node:http' was found in cache from location '/Users/sherrychang/node_modules/@types/node'.
======== Module name 'node:http' was not resolved. ========
======== Resolving module 'node:url' from '/Users/sherrychang/node_modules/@types/node/https.d.ts'. ========
Resolution for module 'node:url' was found in cache from location '/Users/sherrychang/node_modules/@types/node'.
======== Module name 'node:url' was not resolved. ========
File '/Users/sherrychang/node_modules/@types/node/package.json' exists according to earlier cached lookups.
Module 'inspector' was resolved as locally declared ambient module in file '/Users/sherrychang/node_modules/@types/node/inspector.d.ts'.
Module 'inspector' was resolved as locally declared ambient module in file '/Users/sherrychang/node_modules/@types/node/inspector.d.ts'.
Module 'inspector/promises' was resolved as locally declared ambient module in file '/Users/sherrychang/node_modules/@types/node/inspector.d.ts'.
======== Resolving module 'node:events' from '/Users/sherrychang/node_modules/@types/node/inspector.d.ts'. ========
Resolution for module 'node:events' was found in cache from location '/Users/sherrychang/node_modules/@types/node'.
======== Module name 'node:events' was not resolved. ========
File '/Users/sherrychang/node_modules/@types/node/package.json' exists according to earlier cached lookups.
Module 'module' was resolved as locally declared ambient module in file '/Users/sherrychang/node_modules/@types/node/module.d.ts'.
======== Resolving module 'node:url' from '/Users/sherrychang/node_modules/@types/node/module.d.ts'. ========
Resolution for module 'node:url' was found in cache from location '/Users/sherrychang/node_modules/@types/node'.
======== Module name 'node:url' was not resolved. ========
File '/Users/sherrychang/node_modules/@types/node/package.json' exists according to earlier cached lookups.
Module 'net' was resolved as locally declared ambient module in file '/Users/sherrychang/node_modules/@types/node/net.d.ts'.
======== Resolving module 'node:stream' from '/Users/sherrychang/node_modules/@types/node/net.d.ts'. ========
Resolution for module 'node:stream' was found in cache from location '/Users/sherrychang/node_modules/@types/node'.
======== Module name 'node:stream' was not resolved. ========
======== Resolving module 'node:events' from '/Users/sherrychang/node_modules/@types/node/net.d.ts'. ========
Resolution for module 'node:events' was found in cache from location '/Users/sherrychang/node_modules/@types/node'.
======== Module name 'node:events' was not resolved. ========
======== Resolving module 'node:dns' from '/Users/sherrychang/node_modules/@types/node/net.d.ts'. ========
Resolution for module 'node:dns' was found in cache from location '/Users/sherrychang/node_modules/@types/node'.
======== Module name 'node:dns' was not resolved. ========
File '/Users/sherrychang/node_modules/@types/node/package.json' exists according to earlier cached lookups.
Module 'os' was resolved as locally declared ambient module in file '/Users/sherrychang/node_modules/@types/node/os.d.ts'.
File '/Users/sherrychang/node_modules/@types/node/package.json' exists according to earlier cached lookups.
Module 'path' was resolved as locally declared ambient module in file '/Users/sherrychang/node_modules/@types/node/path.d.ts'.
Module 'path' was resolved as locally declared ambient module in file '/Users/sherrychang/node_modules/@types/node/path.d.ts'.
Module 'path' was resolved as locally declared ambient module in file '/Users/sherrychang/node_modules/@types/node/path.d.ts'.
Module 'path/posix' was resolved as locally declared ambient module in file '/Users/sherrychang/node_modules/@types/node/path.d.ts'.
Module 'path/win32' was resolved as locally declared ambient module in file '/Users/sherrychang/node_modules/@types/node/path.d.ts'.
File '/Users/sherrychang/node_modules/@types/node/package.json' exists according to earlier cached lookups.
Module 'perf_hooks' was resolved as locally declared ambient module in file '/Users/sherrychang/node_modules/@types/node/perf_hooks.d.ts'.
Module 'perf_hooks' was resolved as locally declared ambient module in file '/Users/sherrychang/node_modules/@types/node/perf_hooks.d.ts'.
======== Resolving module 'node:async_hooks' from '/Users/sherrychang/node_modules/@types/node/perf_hooks.d.ts'. ========
Resolution for module 'node:async_hooks' was found in cache from location '/Users/sherrychang/node_modules/@types/node'.
======== Module name 'node:async_hooks' was not resolved. ========
File '/Users/sherrychang/node_modules/@types/node/package.json' exists according to earlier cached lookups.
Module 'process' was resolved as locally declared ambient module in file '/Users/sherrychang/node_modules/@types/node/process.d.ts'.
Module 'process' was resolved as locally declared ambient module in file '/Users/sherrychang/node_modules/@types/node/process.d.ts'.
Module 'node:process' was resolved as locally declared ambient module in file '/Users/sherrychang/node_modules/@types/node/process.d.ts'.
======== Resolving module 'node:tty' from '/Users/sherrychang/node_modules/@types/node/process.d.ts'. ========
Explicitly specified module resolution kind: 'Bundler'.
Resolving in CJS mode with conditions 'import', 'types'.
File '/Users/sherrychang/node_modules/@types/node/package.json' exists according to earlier cached lookups.
Skipping module 'node:tty' that looks like an absolute URI, target file types: TypeScript, JavaScript, Declaration, JSON.
======== Module name 'node:tty' was not resolved. ========
======== Resolving module 'node:worker_threads' from '/Users/sherrychang/node_modules/@types/node/process.d.ts'. ========
Explicitly specified module resolution kind: 'Bundler'.
Resolving in CJS mode with conditions 'import', 'types'.
File '/Users/sherrychang/node_modules/@types/node/package.json' exists according to earlier cached lookups.
Skipping module 'node:worker_threads' that looks like an absolute URI, target file types: TypeScript, JavaScript, Declaration, JSON.
======== Module name 'node:worker_threads' was not resolved. ========
======== Resolving module 'assert' from '/Users/sherrychang/node_modules/@types/node/process.d.ts'. ========
Explicitly specified module resolution kind: 'Bundler'.
Resolving in CJS mode with conditions 'import', 'types'.
File '/Users/sherrychang/node_modules/@types/node/package.json' exists according to earlier cached lookups.
Loading module 'assert' from 'node_modules' folder, target file types: TypeScript, JavaScript, Declaration, JSON.
Searching all ancestor node_modules directories for preferred extensions: TypeScript, Declaration.
Directory '/Users/sherrychang/node_modules/@types/node/node_modules' does not exist, skipping all lookups in it.
Directory '/Users/sherrychang/node_modules/@types/node_modules' does not exist, skipping all lookups in it.
File '/Users/sherrychang/node_modules/assert.ts' does not exist.
File '/Users/sherrychang/node_modules/assert.tsx' does not exist.
File '/Users/sherrychang/node_modules/assert.d.ts' does not exist.
File '/Users/sherrychang/node_modules/@types/assert.d.ts' does not exist.
Directory '/Users/node_modules' does not exist, skipping all lookups in it.
Directory '/node_modules' does not exist, skipping all lookups in it.
Searching all ancestor node_modules directories for fallback extensions: JavaScript, JSON.
Directory '/Users/sherrychang/node_modules/@types/node/node_modules' does not exist, skipping all lookups in it.
Directory '/Users/sherrychang/node_modules/@types/node_modules' does not exist, skipping all lookups in it.
File '/Users/sherrychang/node_modules/assert.js' does not exist.
File '/Users/sherrychang/node_modules/assert.jsx' does not exist.
Directory '/Users/node_modules' does not exist, skipping all lookups in it.
Directory '/node_modules' does not exist, skipping all lookups in it.
======== Module name 'assert' was not resolved. ========
======== Resolving module 'node:assert' from '/Users/sherrychang/node_modules/@types/node/process.d.ts'. ========
Explicitly specified module resolution kind: 'Bundler'.
Resolving in CJS mode with conditions 'import', 'types'.
File '/Users/sherrychang/node_modules/@types/node/package.json' exists according to earlier cached lookups.
Skipping module 'node:assert' that looks like an absolute URI, target file types: TypeScript, JavaScript, Declaration, JSON.
======== Module name 'node:assert' was not resolved. ========
======== Resolving module 'assert/strict' from '/Users/sherrychang/node_modules/@types/node/process.d.ts'. ========
Explicitly specified module resolution kind: 'Bundler'.
Resolving in CJS mode with conditions 'import', 'types'.
File '/Users/sherrychang/node_modules/@types/node/package.json' exists according to earlier cached lookups.
Loading module 'assert/strict' from 'node_modules' folder, target file types: TypeScript, JavaScript, Declaration, JSON.
Searching all ancestor node_modules directories for preferred extensions: TypeScript, Declaration.
Directory '/Users/sherrychang/node_modules/@types/node/node_modules' does not exist, skipping all lookups in it.
Directory '/Users/sherrychang/node_modules/@types/node_modules' does not exist, skipping all lookups in it.
Directory '/Users/node_modules' does not exist, skipping all lookups in it.
Directory '/node_modules' does not exist, skipping all lookups in it.
Searching all ancestor node_modules directories for fallback extensions: JavaScript, JSON.
Directory '/Users/sherrychang/node_modules/@types/node/node_modules' does not exist, skipping all lookups in it.
Directory '/Users/sherrychang/node_modules/@types/node_modules' does not exist, skipping all lookups in it.
Directory '/Users/node_modules' does not exist, skipping all lookups in it.
Directory '/node_modules' does not exist, skipping all lookups in it.
======== Module name 'assert/strict' was not resolved. ========
======== Resolving module 'node:assert/strict' from '/Users/sherrychang/node_modules/@types/node/process.d.ts'. ========
Explicitly specified module resolution kind: 'Bundler'.
Resolving in CJS mode with conditions 'import', 'types'.
File '/Users/sherrychang/node_modules/@types/node/package.json' exists according to earlier cached lookups.
Skipping module 'node:assert/strict' that looks like an absolute URI, target file types: TypeScript, JavaScript, Declaration, JSON.
======== Module name 'node:assert/strict' was not resolved. ========
======== Resolving module 'async_hooks' from '/Users/sherrychang/node_modules/@types/node/process.d.ts'. ========
Explicitly specified module resolution kind: 'Bundler'.
Resolving in CJS mode with conditions 'import', 'types'.
File '/Users/sherrychang/node_modules/@types/node/package.json' exists according to earlier cached lookups.
Loading module 'async_hooks' from 'node_modules' folder, target file types: TypeScript, JavaScript, Declaration, JSON.
Searching all ancestor node_modules directories for preferred extensions: TypeScript, Declaration.
Directory '/Users/sherrychang/node_modules/@types/node/node_modules' does not exist, skipping all lookups in it.
Directory '/Users/sherrychang/node_modules/@types/node_modules' does not exist, skipping all lookups in it.
File '/Users/sherrychang/node_modules/async_hooks.ts' does not exist.
File '/Users/sherrychang/node_modules/async_hooks.tsx' does not exist.
File '/Users/sherrychang/node_modules/async_hooks.d.ts' does not exist.
File '/Users/sherrychang/node_modules/@types/async_hooks.d.ts' does not exist.
Directory '/Users/node_modules' does not exist, skipping all lookups in it.
Directory '/node_modules' does not exist, skipping all lookups in it.
Searching all ancestor node_modules directories for fallback extensions: JavaScript, JSON.
Directory '/Users/sherrychang/node_modules/@types/node/node_modules' does not exist, skipping all lookups in it.
Directory '/Users/sherrychang/node_modules/@types/node_modules' does not exist, skipping all lookups in it.
File '/Users/sherrychang/node_modules/async_hooks.js' does not exist.
File '/Users/sherrychang/node_modules/async_hooks.jsx' does not exist.
Directory '/Users/node_modules' does not exist, skipping all lookups in it.
Directory '/node_modules' does not exist, skipping all lookups in it.
======== Module name 'async_hooks' was not resolved. ========
======== Resolving module 'node:async_hooks' from '/Users/sherrychang/node_modules/@types/node/process.d.ts'. ========
Resolution for module 'node:async_hooks' was found in cache from location '/Users/sherrychang/node_modules/@types/node'.
======== Module name 'node:async_hooks' was not resolved. ========
======== Resolving module 'buffer' from '/Users/sherrychang/node_modules/@types/node/process.d.ts'. ========
Explicitly specified module resolution kind: 'Bundler'.
Resolving in CJS mode with conditions 'import', 'types'.
File '/Users/sherrychang/node_modules/@types/node/package.json' exists according to earlier cached lookups.
Loading module 'buffer' from 'node_modules' folder, target file types: TypeScript, JavaScript, Declaration, JSON.
Searching all ancestor node_modules directories for preferred extensions: TypeScript, Declaration.
Directory '/Users/sherrychang/node_modules/@types/node/node_modules' does not exist, skipping all lookups in it.
Directory '/Users/sherrychang/node_modules/@types/node_modules' does not exist, skipping all lookups in it.
File '/Users/sherrychang/node_modules/buffer.ts' does not exist.
File '/Users/sherrychang/node_modules/buffer.tsx' does not exist.
File '/Users/sherrychang/node_modules/buffer.d.ts' does not exist.
File '/Users/sherrychang/node_modules/@types/buffer.d.ts' does not exist.
Directory '/Users/node_modules' does not exist, skipping all lookups in it.
Directory '/node_modules' does not exist, skipping all lookups in it.
Searching all ancestor node_modules directories for fallback extensions: JavaScript, JSON.
Directory '/Users/sherrychang/node_modules/@types/node/node_modules' does not exist, skipping all lookups in it.
Directory '/Users/sherrychang/node_modules/@types/node_modules' does not exist, skipping all lookups in it.
File '/Users/sherrychang/node_modules/buffer.js' does not exist.
File '/Users/sherrychang/node_modules/buffer.jsx' does not exist.
Directory '/Users/node_modules' does not exist, skipping all lookups in it.
Directory '/node_modules' does not exist, skipping all lookups in it.
======== Module name 'buffer' was not resolved. ========
======== Resolving module 'node:buffer' from '/Users/sherrychang/node_modules/@types/node/process.d.ts'. ========
Explicitly specified module resolution kind: 'Bundler'.
Resolving in CJS mode with conditions 'import', 'types'.
File '/Users/sherrychang/node_modules/@types/node/package.json' exists according to earlier cached lookups.
Skipping module 'node:buffer' that looks like an absolute URI, target file types: TypeScript, JavaScript, Declaration, JSON.
======== Module name 'node:buffer' was not resolved. ========
======== Resolving module 'child_process' from '/Users/sherrychang/node_modules/@types/node/process.d.ts'. ========
Explicitly specified module resolution kind: 'Bundler'.
Resolving in CJS mode with conditions 'import', 'types'.
File '/Users/sherrychang/node_modules/@types/node/package.json' exists according to earlier cached lookups.
Loading module 'child_process' from 'node_modules' folder, target file types: TypeScript, JavaScript, Declaration, JSON.
Searching all ancestor node_modules directories for preferred extensions: TypeScript, Declaration.
Directory '/Users/sherrychang/node_modules/@types/node/node_modules' does not exist, skipping all lookups in it.
Directory '/Users/sherrychang/node_modules/@types/node_modules' does not exist, skipping all lookups in it.
File '/Users/sherrychang/node_modules/child_process.ts' does not exist.
File '/Users/sherrychang/node_modules/child_process.tsx' does not exist.
File '/Users/sherrychang/node_modules/child_process.d.ts' does not exist.
File '/Users/sherrychang/node_modules/@types/child_process.d.ts' does not exist.
Directory '/Users/node_modules' does not exist, skipping all lookups in it.
Directory '/node_modules' does not exist, skipping all lookups in it.
Searching all ancestor node_modules directories for fallback extensions: JavaScript, JSON.
Directory '/Users/sherrychang/node_modules/@types/node/node_modules' does not exist, skipping all lookups in it.
Directory '/Users/sherrychang/node_modules/@types/node_modules' does not exist, skipping all lookups in it.
File '/Users/sherrychang/node_modules/child_process.js' does not exist.
File '/Users/sherrychang/node_modules/child_process.jsx' does not exist.
Directory '/Users/node_modules' does not exist, skipping all lookups in it.
Directory '/node_modules' does not exist, skipping all lookups in it.
======== Module name 'child_process' was not resolved. ========
======== Resolving module 'node:child_process' from '/Users/sherrychang/node_modules/@types/node/process.d.ts'. ========
Resolution for module 'node:child_process' was found in cache from location '/Users/sherrychang/node_modules/@types/node'.
======== Module name 'node:child_process' was not resolved. ========
======== Resolving module 'cluster' from '/Users/sherrychang/node_modules/@types/node/process.d.ts'. ========
Explicitly specified module resolution kind: 'Bundler'.
Resolving in CJS mode with conditions 'import', 'types'.
File '/Users/sherrychang/node_modules/@types/node/package.json' exists according to earlier cached lookups.
Loading module 'cluster' from 'node_modules' folder, target file types: TypeScript, JavaScript, Declaration, JSON.
Searching all ancestor node_modules directories for preferred extensions: TypeScript, Declaration.
Directory '/Users/sherrychang/node_modules/@types/node/node_modules' does not exist, skipping all lookups in it.
Directory '/Users/sherrychang/node_modules/@types/node_modules' does not exist, skipping all lookups in it.
File '/Users/sherrychang/node_modules/cluster.ts' does not exist.
File '/Users/sherrychang/node_modules/cluster.tsx' does not exist.
File '/Users/sherrychang/node_modules/cluster.d.ts' does not exist.
File '/Users/sherrychang/node_modules/@types/cluster.d.ts' does not exist.
Directory '/Users/node_modules' does not exist, skipping all lookups in it.
Directory '/node_modules' does not exist, skipping all lookups in it.
Searching all ancestor node_modules directories for fallback extensions: JavaScript, JSON.
Directory '/Users/sherrychang/node_modules/@types/node/node_modules' does not exist, skipping all lookups in it.
Directory '/Users/sherrychang/node_modules/@types/node_modules' does not exist, skipping all lookups in it.
File '/Users/sherrychang/node_modules/cluster.js' does not exist.
File '/Users/sherrychang/node_modules/cluster.jsx' does not exist.
Directory '/Users/node_modules' does not exist, skipping all lookups in it.
Directory '/node_modules' does not exist, skipping all lookups in it.
======== Module name 'cluster' was not resolved. ========
======== Resolving module 'node:cluster' from '/Users/sherrychang/node_modules/@types/node/process.d.ts'. ========
Explicitly specified module resolution kind: 'Bundler'.
Resolving in CJS mode with conditions 'import', 'types'.
File '/Users/sherrychang/node_modules/@types/node/package.json' exists according to earlier cached lookups.
Skipping module 'node:cluster' that looks like an absolute URI, target file types: TypeScript, JavaScript, Declaration, JSON.
======== Module name 'node:cluster' was not resolved. ========
======== Resolving module 'console' from '/Users/sherrychang/node_modules/@types/node/process.d.ts'. ========
Explicitly specified module resolution kind: 'Bundler'.
Resolving in CJS mode with conditions 'import', 'types'.
File '/Users/sherrychang/node_modules/@types/node/package.json' exists according to earlier cached lookups.
Loading module 'console' from 'node_modules' folder, target file types: TypeScript, JavaScript, Declaration, JSON.
Searching all ancestor node_modules directories for preferred extensions: TypeScript, Declaration.
Directory '/Users/sherrychang/node_modules/@types/node/node_modules' does not exist, skipping all lookups in it.
Directory '/Users/sherrychang/node_modules/@types/node_modules' does not exist, skipping all lookups in it.
File '/Users/sherrychang/node_modules/console.ts' does not exist.
File '/Users/sherrychang/node_modules/console.tsx' does not exist.
File '/Users/sherrychang/node_modules/console.d.ts' does not exist.
File '/Users/sherrychang/node_modules/@types/console.d.ts' does not exist.
Directory '/Users/node_modules' does not exist, skipping all lookups in it.
Directory '/node_modules' does not exist, skipping all lookups in it.
Searching all ancestor node_modules directories for fallback extensions: JavaScript, JSON.
Directory '/Users/sherrychang/node_modules/@types/node/node_modules' does not exist, skipping all lookups in it.
Directory '/Users/sherrychang/node_modules/@types/node_modules' does not exist, skipping all lookups in it.
File '/Users/sherrychang/node_modules/console.js' does not exist.
File '/Users/sherrychang/node_modules/console.jsx' does not exist.
Directory '/Users/node_modules' does not exist, skipping all lookups in it.
Directory '/node_modules' does not exist, skipping all lookups in it.
======== Module name 'console' was not resolved. ========
======== Resolving module 'node:console' from '/Users/sherrychang/node_modules/@types/node/process.d.ts'. ========
Explicitly specified module resolution kind: 'Bundler'.
Resolving in CJS mode with conditions 'import', 'types'.
File '/Users/sherrychang/node_modules/@types/node/package.json' exists according to earlier cached lookups.
Skipping module 'node:console' that looks like an absolute URI, target file types: TypeScript, JavaScript, Declaration, JSON.
======== Module name 'node:console' was not resolved. ========
======== Resolving module 'constants' from '/Users/sherrychang/node_modules/@types/node/process.d.ts'. ========
Explicitly specified module resolution kind: 'Bundler'.
Resolving in CJS mode with conditions 'import', 'types'.
File '/Users/sherrychang/node_modules/@types/node/package.json' exists according to earlier cached lookups.
Loading module 'constants' from 'node_modules' folder, target file types: TypeScript, JavaScript, Declaration, JSON.
Searching all ancestor node_modules directories for preferred extensions: TypeScript, Declaration.
Directory '/Users/sherrychang/node_modules/@types/node/node_modules' does not exist, skipping all lookups in it.
Directory '/Users/sherrychang/node_modules/@types/node_modules' does not exist, skipping all lookups in it.
File '/Users/sherrychang/node_modules/constants.ts' does not exist.
File '/Users/sherrychang/node_modules/constants.tsx' does not exist.
File '/Users/sherrychang/node_modules/constants.d.ts' does not exist.
File '/Users/sherrychang/node_modules/@types/constants.d.ts' does not exist.
Directory '/Users/node_modules' does not exist, skipping all lookups in it.
Directory '/node_modules' does not exist, skipping all lookups in it.
Searching all ancestor node_modules directories for fallback extensions: JavaScript, JSON.
Directory '/Users/sherrychang/node_modules/@types/node/node_modules' does not exist, skipping all lookups in it.
Directory '/Users/sherrychang/node_modules/@types/node_modules' does not exist, skipping all lookups in it.
File '/Users/sherrychang/node_modules/constants.js' does not exist.
File '/Users/sherrychang/node_modules/constants.jsx' does not exist.
Directory '/Users/node_modules' does not exist, skipping all lookups in it.
Directory '/node_modules' does not exist, skipping all lookups in it.
======== Module name 'constants' was not resolved. ========
======== Resolving module 'node:constants' from '/Users/sherrychang/node_modules/@types/node/process.d.ts'. ========
Explicitly specified module resolution kind: 'Bundler'.
Resolving in CJS mode with conditions 'import', 'types'.
File '/Users/sherrychang/node_modules/@types/node/package.json' exists according to earlier cached lookups.
Skipping module 'node:constants' that looks like an absolute URI, target file types: TypeScript, JavaScript, Declaration, JSON.
======== Module name 'node:constants' was not resolved. ========
======== Resolving module 'crypto' from '/Users/sherrychang/node_modules/@types/node/process.d.ts'. ========
Explicitly specified module resolution kind: 'Bundler'.
Resolving in CJS mode with conditions 'import', 'types'.
File '/Users/sherrychang/node_modules/@types/node/package.json' exists according to earlier cached lookups.
Loading module 'crypto' from 'node_modules' folder, target file types: TypeScript, JavaScript, Declaration, JSON.
Searching all ancestor node_modules directories for preferred extensions: TypeScript, Declaration.
Directory '/Users/sherrychang/node_modules/@types/node/node_modules' does not exist, skipping all lookups in it.
Directory '/Users/sherrychang/node_modules/@types/node_modules' does not exist, skipping all lookups in it.
File '/Users/sherrychang/node_modules/crypto.ts' does not exist.
File '/Users/sherrychang/node_modules/crypto.tsx' does not exist.
File '/Users/sherrychang/node_modules/crypto.d.ts' does not exist.
File '/Users/sherrychang/node_modules/@types/crypto.d.ts' does not exist.
Directory '/Users/node_modules' does not exist, skipping all lookups in it.
Directory '/node_modules' does not exist, skipping all lookups in it.
Searching all ancestor node_modules directories for fallback extensions: JavaScript, JSON.
Directory '/Users/sherrychang/node_modules/@types/node/node_modules' does not exist, skipping all lookups in it.
Directory '/Users/sherrychang/node_modules/@types/node_modules' does not exist, skipping all lookups in it.
File '/Users/sherrychang/node_modules/crypto.js' does not exist.
File '/Users/sherrychang/node_modules/crypto.jsx' does not exist.
Directory '/Users/node_modules' does not exist, skipping all lookups in it.
Directory '/node_modules' does not exist, skipping all lookups in it.
======== Module name 'crypto' was not resolved. ========
======== Resolving module 'node:crypto' from '/Users/sherrychang/node_modules/@types/node/process.d.ts'. ========
Resolution for module 'node:crypto' was found in cache from location '/Users/sherrychang/node_modules/@types/node'.
======== Module name 'node:crypto' was not resolved. ========
======== Resolving module 'dgram' from '/Users/sherrychang/node_modules/@types/node/process.d.ts'. ========
Explicitly specified module resolution kind: 'Bundler'.
Resolving in CJS mode with conditions 'import', 'types'.
File '/Users/sherrychang/node_modules/@types/node/package.json' exists according to earlier cached lookups.
Loading module 'dgram' from 'node_modules' folder, target file types: TypeScript, JavaScript, Declaration, JSON.
Searching all ancestor node_modules directories for preferred extensions: TypeScript, Declaration.
Directory '/Users/sherrychang/node_modules/@types/node/node_modules' does not exist, skipping all lookups in it.
Directory '/Users/sherrychang/node_modules/@types/node_modules' does not exist, skipping all lookups in it.
File '/Users/sherrychang/node_modules/dgram.ts' does not exist.
File '/Users/sherrychang/node_modules/dgram.tsx' does not exist.
File '/Users/sherrychang/node_modules/dgram.d.ts' does not exist.
File '/Users/sherrychang/node_modules/@types/dgram.d.ts' does not exist.
Directory '/Users/node_modules' does not exist, skipping all lookups in it.
Directory '/node_modules' does not exist, skipping all lookups in it.
Searching all ancestor node_modules directories for fallback extensions: JavaScript, JSON.
Directory '/Users/sherrychang/node_modules/@types/node/node_modules' does not exist, skipping all lookups in it.
Directory '/Users/sherrychang/node_modules/@types/node_modules' does not exist, skipping all lookups in it.
File '/Users/sherrychang/node_modules/dgram.js' does not exist.
File '/Users/sherrychang/node_modules/dgram.jsx' does not exist.
Directory '/Users/node_modules' does not exist, skipping all lookups in it.
Directory '/node_modules' does not exist, skipping all lookups in it.
======== Module name 'dgram' was not resolved. ========
======== Resolving module 'node:dgram' from '/Users/sherrychang/node_modules/@types/node/process.d.ts'. ========
Resolution for module 'node:dgram' was found in cache from location '/Users/sherrychang/node_modules/@types/node'.
======== Module name 'node:dgram' was not resolved. ========
======== Resolving module 'diagnostics_channel' from '/Users/sherrychang/node_modules/@types/node/process.d.ts'. ========
Explicitly specified module resolution kind: 'Bundler'.
Resolving in CJS mode with conditions 'import', 'types'.
File '/Users/sherrychang/node_modules/@types/node/package.json' exists according to earlier cached lookups.
Loading module 'diagnostics_channel' from 'node_modules' folder, target file types: TypeScript, JavaScript, Declaration, JSON.
Searching all ancestor node_modules directories for preferred extensions: TypeScript, Declaration.
Directory '/Users/sherrychang/node_modules/@types/node/node_modules' does not exist, skipping all lookups in it.
Directory '/Users/sherrychang/node_modules/@types/node_modules' does not exist, skipping all lookups in it.
File '/Users/sherrychang/node_modules/diagnostics_channel.ts' does not exist.
File '/Users/sherrychang/node_modules/diagnostics_channel.tsx' does not exist.
File '/Users/sherrychang/node_modules/diagnostics_channel.d.ts' does not exist.
File '/Users/sherrychang/node_modules/@types/diagnostics_channel.d.ts' does not exist.
Directory '/Users/node_modules' does not exist, skipping all lookups in it.
Directory '/node_modules' does not exist, skipping all lookups in it.
Searching all ancestor node_modules directories for fallback extensions: JavaScript, JSON.
Directory '/Users/sherrychang/node_modules/@types/node/node_modules' does not exist, skipping all lookups in it.
Directory '/Users/sherrychang/node_modules/@types/node_modules' does not exist, skipping all lookups in it.
File '/Users/sherrychang/node_modules/diagnostics_channel.js' does not exist.
File '/Users/sherrychang/node_modules/diagnostics_channel.jsx' does not exist.
Directory '/Users/node_modules' does not exist, skipping all lookups in it.
Directory '/node_modules' does not exist, skipping all lookups in it.
======== Module name 'diagnostics_channel' was not resolved. ========
======== Resolving module 'node:diagnostics_channel' from '/Users/sherrychang/node_modules/@types/node/process.d.ts'. ========
Explicitly specified module resolution kind: 'Bundler'.
Resolving in CJS mode with conditions 'import', 'types'.
File '/Users/sherrychang/node_modules/@types/node/package.json' exists according to earlier cached lookups.
Skipping module 'node:diagnostics_channel' that looks like an absolute URI, target file types: TypeScript, JavaScript, Declaration, JSON.
======== Module name 'node:diagnostics_channel' was not resolved. ========
======== Resolving module 'dns' from '/Users/sherrychang/node_modules/@types/node/process.d.ts'. ========
Explicitly specified module resolution kind: 'Bundler'.
Resolving in CJS mode with conditions 'import', 'types'.
File '/Users/sherrychang/node_modules/@types/node/package.json' exists according to earlier cached lookups.
Loading module 'dns' from 'node_modules' folder, target file types: TypeScript, JavaScript, Declaration, JSON.
Searching all ancestor node_modules directories for preferred extensions: TypeScript, Declaration.
Directory '/Users/sherrychang/node_modules/@types/node/node_modules' does not exist, skipping all lookups in it.
Directory '/Users/sherrychang/node_modules/@types/node_modules' does not exist, skipping all lookups in it.
File '/Users/sherrychang/node_modules/dns.ts' does not exist.
File '/Users/sherrychang/node_modules/dns.tsx' does not exist.
File '/Users/sherrychang/node_modules/dns.d.ts' does not exist.
File '/Users/sherrychang/node_modules/@types/dns.d.ts' does not exist.
Directory '/Users/node_modules' does not exist, skipping all lookups in it.
Directory '/node_modules' does not exist, skipping all lookups in it.
Searching all ancestor node_modules directories for fallback extensions: JavaScript, JSON.
Directory '/Users/sherrychang/node_modules/@types/node/node_modules' does not exist, skipping all lookups in it.
Directory '/Users/sherrychang/node_modules/@types/node_modules' does not exist, skipping all lookups in it.
File '/Users/sherrychang/node_modules/dns.js' does not exist.
File '/Users/sherrychang/node_modules/dns.jsx' does not exist.
Directory '/Users/node_modules' does not exist, skipping all lookups in it.
Directory '/node_modules' does not exist, skipping all lookups in it.
======== Module name 'dns' was not resolved. ========
======== Resolving module 'node:dns' from '/Users/sherrychang/node_modules/@types/node/process.d.ts'. ========
Resolution for module 'node:dns' was found in cache from location '/Users/sherrychang/node_modules/@types/node'.
======== Module name 'node:dns' was not resolved. ========
======== Resolving module 'dns/promises' from '/Users/sherrychang/node_modules/@types/node/process.d.ts'. ========
Explicitly specified module resolution kind: 'Bundler'.
Resolving in CJS mode with conditions 'import', 'types'.
File '/Users/sherrychang/node_modules/@types/node/package.json' exists according to earlier cached lookups.
Loading module 'dns/promises' from 'node_modules' folder, target file types: TypeScript, JavaScript, Declaration, JSON.
Searching all ancestor node_modules directories for preferred extensions: TypeScript, Declaration.
Directory '/Users/sherrychang/node_modules/@types/node/node_modules' does not exist, skipping all lookups in it.
Directory '/Users/sherrychang/node_modules/@types/node_modules' does not exist, skipping all lookups in it.
Directory '/Users/node_modules' does not exist, skipping all lookups in it.
Directory '/node_modules' does not exist, skipping all lookups in it.
Searching all ancestor node_modules directories for fallback extensions: JavaScript, JSON.
Directory '/Users/sherrychang/node_modules/@types/node/node_modules' does not exist, skipping all lookups in it.
Directory '/Users/sherrychang/node_modules/@types/node_modules' does not exist, skipping all lookups in it.
Directory '/Users/node_modules' does not exist, skipping all lookups in it.
Directory '/node_modules' does not exist, skipping all lookups in it.
======== Module name 'dns/promises' was not resolved. ========
======== Resolving module 'node:dns/promises' from '/Users/sherrychang/node_modules/@types/node/process.d.ts'. ========
Resolution for module 'node:dns/promises' was found in cache from location '/Users/sherrychang/node_modules/@types/node'.
======== Module name 'node:dns/promises' was not resolved. ========
======== Resolving module 'domain' from '/Users/sherrychang/node_modules/@types/node/process.d.ts'. ========
Explicitly specified module resolution kind: 'Bundler'.
Resolving in CJS mode with conditions 'import', 'types'.
File '/Users/sherrychang/node_modules/@types/node/package.json' exists according to earlier cached lookups.
Loading module 'domain' from 'node_modules' folder, target file types: TypeScript, JavaScript, Declaration, JSON.
Searching all ancestor node_modules directories for preferred extensions: TypeScript, Declaration.
Directory '/Users/sherrychang/node_modules/@types/node/node_modules' does not exist, skipping all lookups in it.
Directory '/Users/sherrychang/node_modules/@types/node_modules' does not exist, skipping all lookups in it.
File '/Users/sherrychang/node_modules/domain.ts' does not exist.
File '/Users/sherrychang/node_modules/domain.tsx' does not exist.
File '/Users/sherrychang/node_modules/domain.d.ts' does not exist.
File '/Users/sherrychang/node_modules/@types/domain.d.ts' does not exist.
Directory '/Users/node_modules' does not exist, skipping all lookups in it.
Directory '/node_modules' does not exist, skipping all lookups in it.
Searching all ancestor node_modules directories for fallback extensions: JavaScript, JSON.
Directory '/Users/sherrychang/node_modules/@types/node/node_modules' does not exist, skipping all lookups in it.
Directory '/Users/sherrychang/node_modules/@types/node_modules' does not exist, skipping all lookups in it.
File '/Users/sherrychang/node_modules/domain.js' does not exist.
File '/Users/sherrychang/node_modules/domain.jsx' does not exist.
Directory '/Users/node_modules' does not exist, skipping all lookups in it.
Directory '/node_modules' does not exist, skipping all lookups in it.
======== Module name 'domain' was not resolved. ========
======== Resolving module 'node:domain' from '/Users/sherrychang/node_modules/@types/node/process.d.ts'. ========
Explicitly specified module resolution kind: 'Bundler'.
Resolving in CJS mode with conditions 'import', 'types'.
File '/Users/sherrychang/node_modules/@types/node/package.json' exists according to earlier cached lookups.
Skipping module 'node:domain' that looks like an absolute URI, target file types: TypeScript, JavaScript, Declaration, JSON.
======== Module name 'node:domain' was not resolved. ========
======== Resolving module 'events' from '/Users/sherrychang/node_modules/@types/node/process.d.ts'. ========
Resolution for module 'events' was found in cache from location '/Users/sherrychang/node_modules/@types/node'.
======== Module name 'events' was not resolved. ========
======== Resolving module 'node:events' from '/Users/sherrychang/node_modules/@types/node/process.d.ts'. ========
Resolution for module 'node:events' was found in cache from location '/Users/sherrychang/node_modules/@types/node'.
======== Module name 'node:events' was not resolved. ========
======== Resolving module 'fs' from '/Users/sherrychang/node_modules/@types/node/process.d.ts'. ========
Explicitly specified module resolution kind: 'Bundler'.
Resolving in CJS mode with conditions 'import', 'types'.
File '/Users/sherrychang/node_modules/@types/node/package.json' exists according to earlier cached lookups.
Loading module 'fs' from 'node_modules' folder, target file types: TypeScript, JavaScript, Declaration, JSON.
Searching all ancestor node_modules directories for preferred extensions: TypeScript, Declaration.
Directory '/Users/sherrychang/node_modules/@types/node/node_modules' does not exist, skipping all lookups in it.
Directory '/Users/sherrychang/node_modules/@types/node_modules' does not exist, skipping all lookups in it.
File '/Users/sherrychang/node_modules/fs.ts' does not exist.
File '/Users/sherrychang/node_modules/fs.tsx' does not exist.
File '/Users/sherrychang/node_modules/fs.d.ts' does not exist.
File '/Users/sherrychang/node_modules/@types/fs.d.ts' does not exist.
Directory '/Users/node_modules' does not exist, skipping all lookups in it.
Directory '/node_modules' does not exist, skipping all lookups in it.
Searching all ancestor node_modules directories for fallback extensions: JavaScript, JSON.
Directory '/Users/sherrychang/node_modules/@types/node/node_modules' does not exist, skipping all lookups in it.
Directory '/Users/sherrychang/node_modules/@types/node_modules' does not exist, skipping all lookups in it.
File '/Users/sherrychang/node_modules/fs.js' does not exist.
File '/Users/sherrychang/node_modules/fs.jsx' does not exist.
Directory '/Users/node_modules' does not exist, skipping all lookups in it.
Directory '/node_modules' does not exist, skipping all lookups in it.
======== Module name 'fs' was not resolved. ========
======== Resolving module 'node:fs' from '/Users/sherrychang/node_modules/@types/node/process.d.ts'. ========
Resolution for module 'node:fs' was found in cache from location '/Users/sherrychang/node_modules/@types/node'.
======== Module name 'node:fs' was not resolved. ========
======== Resolving module 'fs/promises' from '/Users/sherrychang/node_modules/@types/node/process.d.ts'. ========
Explicitly specified module resolution kind: 'Bundler'.
Resolving in CJS mode with conditions 'import', 'types'.
File '/Users/sherrychang/node_modules/@types/node/package.json' exists according to earlier cached lookups.
Loading module 'fs/promises' from 'node_modules' folder, target file types: TypeScript, JavaScript, Declaration, JSON.
Searching all ancestor node_modules directories for preferred extensions: TypeScript, Declaration.
Directory '/Users/sherrychang/node_modules/@types/node/node_modules' does not exist, skipping all lookups in it.
Directory '/Users/sherrychang/node_modules/@types/node_modules' does not exist, skipping all lookups in it.
Directory '/Users/node_modules' does not exist, skipping all lookups in it.
Directory '/node_modules' does not exist, skipping all lookups in it.
Searching all ancestor node_modules directories for fallback extensions: JavaScript, JSON.
Directory '/Users/sherrychang/node_modules/@types/node/node_modules' does not exist, skipping all lookups in it.
Directory '/Users/sherrychang/node_modules/@types/node_modules' does not exist, skipping all lookups in it.
Directory '/Users/node_modules' does not exist, skipping all lookups in it.
Directory '/node_modules' does not exist, skipping all lookups in it.
======== Module name 'fs/promises' was not resolved. ========
======== Resolving module 'node:fs/promises' from '/Users/sherrychang/node_modules/@types/node/process.d.ts'. ========
Resolution for module 'node:fs/promises' was found in cache from location '/Users/sherrychang/node_modules/@types/node'.
======== Module name 'node:fs/promises' was not resolved. ========
======== Resolving module 'http' from '/Users/sherrychang/node_modules/@types/node/process.d.ts'. ========
Explicitly specified module resolution kind: 'Bundler'.
Resolving in CJS mode with conditions 'import', 'types'.
File '/Users/sherrychang/node_modules/@types/node/package.json' exists according to earlier cached lookups.
Loading module 'http' from 'node_modules' folder, target file types: TypeScript, JavaScript, Declaration, JSON.
Searching all ancestor node_modules directories for preferred extensions: TypeScript, Declaration.
Directory '/Users/sherrychang/node_modules/@types/node/node_modules' does not exist, skipping all lookups in it.
Directory '/Users/sherrychang/node_modules/@types/node_modules' does not exist, skipping all lookups in it.
File '/Users/sherrychang/node_modules/http.ts' does not exist.
File '/Users/sherrychang/node_modules/http.tsx' does not exist.
File '/Users/sherrychang/node_modules/http.d.ts' does not exist.
File '/Users/sherrychang/node_modules/@types/http.d.ts' does not exist.
Directory '/Users/node_modules' does not exist, skipping all lookups in it.
Directory '/node_modules' does not exist, skipping all lookups in it.
Searching all ancestor node_modules directories for fallback extensions: JavaScript, JSON.
Directory '/Users/sherrychang/node_modules/@types/node/node_modules' does not exist, skipping all lookups in it.
Directory '/Users/sherrychang/node_modules/@types/node_modules' does not exist, skipping all lookups in it.
File '/Users/sherrychang/node_modules/http.js' does not exist.
File '/Users/sherrychang/node_modules/http.jsx' does not exist.
Directory '/Users/node_modules' does not exist, skipping all lookups in it.
Directory '/node_modules' does not exist, skipping all lookups in it.
======== Module name 'http' was not resolved. ========
======== Resolving module 'node:http' from '/Users/sherrychang/node_modules/@types/node/process.d.ts'. ========
Resolution for module 'node:http' was found in cache from location '/Users/sherrychang/node_modules/@types/node'.
======== Module name 'node:http' was not resolved. ========
======== Resolving module 'http2' from '/Users/sherrychang/node_modules/@types/node/process.d.ts'. ========
Explicitly specified module resolution kind: 'Bundler'.
Resolving in CJS mode with conditions 'import', 'types'.
File '/Users/sherrychang/node_modules/@types/node/package.json' exists according to earlier cached lookups.
Loading module 'http2' from 'node_modules' folder, target file types: TypeScript, JavaScript, Declaration, JSON.
Searching all ancestor node_modules directories for preferred extensions: TypeScript, Declaration.
Directory '/Users/sherrychang/node_modules/@types/node/node_modules' does not exist, skipping all lookups in it.
Directory '/Users/sherrychang/node_modules/@types/node_modules' does not exist, skipping all lookups in it.
File '/Users/sherrychang/node_modules/http2.ts' does not exist.
File '/Users/sherrychang/node_modules/http2.tsx' does not exist.
File '/Users/sherrychang/node_modules/http2.d.ts' does not exist.
File '/Users/sherrychang/node_modules/@types/http2.d.ts' does not exist.
Directory '/Users/node_modules' does not exist, skipping all lookups in it.
Directory '/node_modules' does not exist, skipping all lookups in it.
Searching all ancestor node_modules directories for fallback extensions: JavaScript, JSON.
Directory '/Users/sherrychang/node_modules/@types/node/node_modules' does not exist, skipping all lookups in it.
Directory '/Users/sherrychang/node_modules/@types/node_modules' does not exist, skipping all lookups in it.
File '/Users/sherrychang/node_modules/http2.js' does not exist.
File '/Users/sherrychang/node_modules/http2.jsx' does not exist.
Directory '/Users/node_modules' does not exist, skipping all lookups in it.
Directory '/node_modules' does not exist, skipping all lookups in it.
======== Module name 'http2' was not resolved. ========
======== Resolving module 'node:http2' from '/Users/sherrychang/node_modules/@types/node/process.d.ts'. ========
Explicitly specified module resolution kind: 'Bundler'.
Resolving in CJS mode with conditions 'import', 'types'.
File '/Users/sherrychang/node_modules/@types/node/package.json' exists according to earlier cached lookups.
Skipping module 'node:http2' that looks like an absolute URI, target file types: TypeScript, JavaScript, Declaration, JSON.
======== Module name 'node:http2' was not resolved. ========
======== Resolving module 'https' from '/Users/sherrychang/node_modules/@types/node/process.d.ts'. ========
Explicitly specified module resolution kind: 'Bundler'.
Resolving in CJS mode with conditions 'import', 'types'.
File '/Users/sherrychang/node_modules/@types/node/package.json' exists according to earlier cached lookups.
Loading module 'https' from 'node_modules' folder, target file types: TypeScript, JavaScript, Declaration, JSON.
Searching all ancestor node_modules directories for preferred extensions: TypeScript, Declaration.
Directory '/Users/sherrychang/node_modules/@types/node/node_modules' does not exist, skipping all lookups in it.
Directory '/Users/sherrychang/node_modules/@types/node_modules' does not exist, skipping all lookups in it.
File '/Users/sherrychang/node_modules/https.ts' does not exist.
File '/Users/sherrychang/node_modules/https.tsx' does not exist.
File '/Users/sherrychang/node_modules/https.d.ts' does not exist.
File '/Users/sherrychang/node_modules/@types/https.d.ts' does not exist.
Directory '/Users/node_modules' does not exist, skipping all lookups in it.
Directory '/node_modules' does not exist, skipping all lookups in it.
Searching all ancestor node_modules directories for fallback extensions: JavaScript, JSON.
Directory '/Users/sherrychang/node_modules/@types/node/node_modules' does not exist, skipping all lookups in it.
Directory '/Users/sherrychang/node_modules/@types/node_modules' does not exist, skipping all lookups in it.
File '/Users/sherrychang/node_modules/https.js' does not exist.
File '/Users/sherrychang/node_modules/https.jsx' does not exist.
Directory '/Users/node_modules' does not exist, skipping all lookups in it.
Directory '/node_modules' does not exist, skipping all lookups in it.
======== Module name 'https' was not resolved. ========
======== Resolving module 'node:https' from '/Users/sherrychang/node_modules/@types/node/process.d.ts'. ========
Explicitly specified module resolution kind: 'Bundler'.
Resolving in CJS mode with conditions 'import', 'types'.
File '/Users/sherrychang/node_modules/@types/node/package.json' exists according to earlier cached lookups.
Skipping module 'node:https' that looks like an absolute URI, target file types: TypeScript, JavaScript, Declaration, JSON.
======== Module name 'node:https' was not resolved. ========
======== Resolving module 'inspector' from '/Users/sherrychang/node_modules/@types/node/process.d.ts'. ========
Explicitly specified module resolution kind: 'Bundler'.
Resolving in CJS mode with conditions 'import', 'types'.
File '/Users/sherrychang/node_modules/@types/node/package.json' exists according to earlier cached lookups.
Loading module 'inspector' from 'node_modules' folder, target file types: TypeScript, JavaScript, Declaration, JSON.
Searching all ancestor node_modules directories for preferred extensions: TypeScript, Declaration.
Directory '/Users/sherrychang/node_modules/@types/node/node_modules' does not exist, skipping all lookups in it.
Directory '/Users/sherrychang/node_modules/@types/node_modules' does not exist, skipping all lookups in it.
File '/Users/sherrychang/node_modules/inspector.ts' does not exist.
File '/Users/sherrychang/node_modules/inspector.tsx' does not exist.
File '/Users/sherrychang/node_modules/inspector.d.ts' does not exist.
File '/Users/sherrychang/node_modules/@types/inspector.d.ts' does not exist.
Directory '/Users/node_modules' does not exist, skipping all lookups in it.
Directory '/node_modules' does not exist, skipping all lookups in it.
Searching all ancestor node_modules directories for fallback extensions: JavaScript, JSON.
Directory '/Users/sherrychang/node_modules/@types/node/node_modules' does not exist, skipping all lookups in it.
Directory '/Users/sherrychang/node_modules/@types/node_modules' does not exist, skipping all lookups in it.
File '/Users/sherrychang/node_modules/inspector.js' does not exist.
File '/Users/sherrychang/node_modules/inspector.jsx' does not exist.
Directory '/Users/node_modules' does not exist, skipping all lookups in it.
Directory '/node_modules' does not exist, skipping all lookups in it.
======== Module name 'inspector' was not resolved. ========
======== Resolving module 'node:inspector' from '/Users/sherrychang/node_modules/@types/node/process.d.ts'. ========
Explicitly specified module resolution kind: 'Bundler'.
Resolving in CJS mode with conditions 'import', 'types'.
File '/Users/sherrychang/node_modules/@types/node/package.json' exists according to earlier cached lookups.
Skipping module 'node:inspector' that looks like an absolute URI, target file types: TypeScript, JavaScript, Declaration, JSON.
======== Module name 'node:inspector' was not resolved. ========
======== Resolving module 'inspector/promises' from '/Users/sherrychang/node_modules/@types/node/process.d.ts'. ========
Explicitly specified module resolution kind: 'Bundler'.
Resolving in CJS mode with conditions 'import', 'types'.
File '/Users/sherrychang/node_modules/@types/node/package.json' exists according to earlier cached lookups.
Loading module 'inspector/promises' from 'node_modules' folder, target file types: TypeScript, JavaScript, Declaration, JSON.
Searching all ancestor node_modules directories for preferred extensions: TypeScript, Declaration.
Directory '/Users/sherrychang/node_modules/@types/node/node_modules' does not exist, skipping all lookups in it.
Directory '/Users/sherrychang/node_modules/@types/node_modules' does not exist, skipping all lookups in it.
Directory '/Users/node_modules' does not exist, skipping all lookups in it.
Directory '/node_modules' does not exist, skipping all lookups in it.
Searching all ancestor node_modules directories for fallback extensions: JavaScript, JSON.
Directory '/Users/sherrychang/node_modules/@types/node/node_modules' does not exist, skipping all lookups in it.
Directory '/Users/sherrychang/node_modules/@types/node_modules' does not exist, skipping all lookups in it.
Directory '/Users/node_modules' does not exist, skipping all lookups in it.
Directory '/node_modules' does not exist, skipping all lookups in it.
======== Module name 'inspector/promises' was not resolved. ========
======== Resolving module 'node:inspector/promises' from '/Users/sherrychang/node_modules/@types/node/process.d.ts'. ========
Explicitly specified module resolution kind: 'Bundler'.
Resolving in CJS mode with conditions 'import', 'types'.
File '/Users/sherrychang/node_modules/@types/node/package.json' exists according to earlier cached lookups.
Skipping module 'node:inspector/promises' that looks like an absolute URI, target file types: TypeScript, JavaScript, Declaration, JSON.
======== Module name 'node:inspector/promises' was not resolved. ========
======== Resolving module 'module' from '/Users/sherrychang/node_modules/@types/node/process.d.ts'. ========
Explicitly specified module resolution kind: 'Bundler'.
Resolving in CJS mode with conditions 'import', 'types'.
File '/Users/sherrychang/node_modules/@types/node/package.json' exists according to earlier cached lookups.
Loading module 'module' from 'node_modules' folder, target file types: TypeScript, JavaScript, Declaration, JSON.
Searching all ancestor node_modules directories for preferred extensions: TypeScript, Declaration.
Directory '/Users/sherrychang/node_modules/@types/node/node_modules' does not exist, skipping all lookups in it.
Directory '/Users/sherrychang/node_modules/@types/node_modules' does not exist, skipping all lookups in it.
File '/Users/sherrychang/node_modules/module.ts' does not exist.
File '/Users/sherrychang/node_modules/module.tsx' does not exist.
File '/Users/sherrychang/node_modules/module.d.ts' does not exist.
File '/Users/sherrychang/node_modules/@types/module.d.ts' does not exist.
Directory '/Users/node_modules' does not exist, skipping all lookups in it.
Directory '/node_modules' does not exist, skipping all lookups in it.
Searching all ancestor node_modules directories for fallback extensions: JavaScript, JSON.
Directory '/Users/sherrychang/node_modules/@types/node/node_modules' does not exist, skipping all lookups in it.
Directory '/Users/sherrychang/node_modules/@types/node_modules' does not exist, skipping all lookups in it.
File '/Users/sherrychang/node_modules/module.js' does not exist.
File '/Users/sherrychang/node_modules/module.jsx' does not exist.
Directory '/Users/node_modules' does not exist, skipping all lookups in it.
Directory '/node_modules' does not exist, skipping all lookups in it.
======== Module name 'module' was not resolved. ========
======== Resolving module 'node:module' from '/Users/sherrychang/node_modules/@types/node/process.d.ts'. ========
Explicitly specified module resolution kind: 'Bundler'.
Resolving in CJS mode with conditions 'import', 'types'.
File '/Users/sherrychang/node_modules/@types/node/package.json' exists according to earlier cached lookups.
Skipping module 'node:module' that looks like an absolute URI, target file types: TypeScript, JavaScript, Declaration, JSON.
======== Module name 'node:module' was not resolved. ========
======== Resolving module 'net' from '/Users/sherrychang/node_modules/@types/node/process.d.ts'. ========
Explicitly specified module resolution kind: 'Bundler'.
Resolving in CJS mode with conditions 'import', 'types'.
File '/Users/sherrychang/node_modules/@types/node/package.json' exists according to earlier cached lookups.
Loading module 'net' from 'node_modules' folder, target file types: TypeScript, JavaScript, Declaration, JSON.
Searching all ancestor node_modules directories for preferred extensions: TypeScript, Declaration.
Directory '/Users/sherrychang/node_modules/@types/node/node_modules' does not exist, skipping all lookups in it.
Directory '/Users/sherrychang/node_modules/@types/node_modules' does not exist, skipping all lookups in it.
File '/Users/sherrychang/node_modules/net.ts' does not exist.
File '/Users/sherrychang/node_modules/net.tsx' does not exist.
File '/Users/sherrychang/node_modules/net.d.ts' does not exist.
File '/Users/sherrychang/node_modules/@types/net.d.ts' does not exist.
Directory '/Users/node_modules' does not exist, skipping all lookups in it.
Directory '/node_modules' does not exist, skipping all lookups in it.
Searching all ancestor node_modules directories for fallback extensions: JavaScript, JSON.
Directory '/Users/sherrychang/node_modules/@types/node/node_modules' does not exist, skipping all lookups in it.
Directory '/Users/sherrychang/node_modules/@types/node_modules' does not exist, skipping all lookups in it.
File '/Users/sherrychang/node_modules/net.js' does not exist.
File '/Users/sherrychang/node_modules/net.jsx' does not exist.
Directory '/Users/node_modules' does not exist, skipping all lookups in it.
Directory '/node_modules' does not exist, skipping all lookups in it.
======== Module name 'net' was not resolved. ========
======== Resolving module 'node:net' from '/Users/sherrychang/node_modules/@types/node/process.d.ts'. ========
Resolution for module 'node:net' was found in cache from location '/Users/sherrychang/node_modules/@types/node'.
======== Module name 'node:net' was not resolved. ========
======== Resolving module 'os' from '/Users/sherrychang/node_modules/@types/node/process.d.ts'. ========
Explicitly specified module resolution kind: 'Bundler'.
Resolving in CJS mode with conditions 'import', 'types'.
File '/Users/sherrychang/node_modules/@types/node/package.json' exists according to earlier cached lookups.
Loading module 'os' from 'node_modules' folder, target file types: TypeScript, JavaScript, Declaration, JSON.
Searching all ancestor node_modules directories for preferred extensions: TypeScript, Declaration.
Directory '/Users/sherrychang/node_modules/@types/node/node_modules' does not exist, skipping all lookups in it.
Directory '/Users/sherrychang/node_modules/@types/node_modules' does not exist, skipping all lookups in it.
File '/Users/sherrychang/node_modules/os.ts' does not exist.
File '/Users/sherrychang/node_modules/os.tsx' does not exist.
File '/Users/sherrychang/node_modules/os.d.ts' does not exist.
File '/Users/sherrychang/node_modules/@types/os.d.ts' does not exist.
Directory '/Users/node_modules' does not exist, skipping all lookups in it.
Directory '/node_modules' does not exist, skipping all lookups in it.
Searching all ancestor node_modules directories for fallback extensions: JavaScript, JSON.
Directory '/Users/sherrychang/node_modules/@types/node/node_modules' does not exist, skipping all lookups in it.
Directory '/Users/sherrychang/node_modules/@types/node_modules' does not exist, skipping all lookups in it.
File '/Users/sherrychang/node_modules/os.js' does not exist.
File '/Users/sherrychang/node_modules/os.jsx' does not exist.
Directory '/Users/node_modules' does not exist, skipping all lookups in it.
Directory '/node_modules' does not exist, skipping all lookups in it.
======== Module name 'os' was not resolved. ========
======== Resolving module 'node:os' from '/Users/sherrychang/node_modules/@types/node/process.d.ts'. ========
Resolution for module 'node:os' was found in cache from location '/Users/sherrychang/node_modules/@types/node'.
======== Module name 'node:os' was not resolved. ========
======== Resolving module 'path' from '/Users/sherrychang/node_modules/@types/node/process.d.ts'. ========
Explicitly specified module resolution kind: 'Bundler'.
Resolving in CJS mode with conditions 'import', 'types'.
File '/Users/sherrychang/node_modules/@types/node/package.json' exists according to earlier cached lookups.
Loading module 'path' from 'node_modules' folder, target file types: TypeScript, JavaScript, Declaration, JSON.
Searching all ancestor node_modules directories for preferred extensions: TypeScript, Declaration.
Directory '/Users/sherrychang/node_modules/@types/node/node_modules' does not exist, skipping all lookups in it.
Directory '/Users/sherrychang/node_modules/@types/node_modules' does not exist, skipping all lookups in it.
File '/Users/sherrychang/node_modules/path.ts' does not exist.
File '/Users/sherrychang/node_modules/path.tsx' does not exist.
File '/Users/sherrychang/node_modules/path.d.ts' does not exist.
File '/Users/sherrychang/node_modules/@types/path.d.ts' does not exist.
Directory '/Users/node_modules' does not exist, skipping all lookups in it.
Directory '/node_modules' does not exist, skipping all lookups in it.
Searching all ancestor node_modules directories for fallback extensions: JavaScript, JSON.
Directory '/Users/sherrychang/node_modules/@types/node/node_modules' does not exist, skipping all lookups in it.
Directory '/Users/sherrychang/node_modules/@types/node_modules' does not exist, skipping all lookups in it.
File '/Users/sherrychang/node_modules/path.js' does not exist.
File '/Users/sherrychang/node_modules/path.jsx' does not exist.
Directory '/Users/node_modules' does not exist, skipping all lookups in it.
Directory '/node_modules' does not exist, skipping all lookups in it.
======== Module name 'path' was not resolved. ========
======== Resolving module 'node:path' from '/Users/sherrychang/node_modules/@types/node/process.d.ts'. ========
Explicitly specified module resolution kind: 'Bundler'.
Resolving in CJS mode with conditions 'import', 'types'.
File '/Users/sherrychang/node_modules/@types/node/package.json' exists according to earlier cached lookups.
Skipping module 'node:path' that looks like an absolute URI, target file types: TypeScript, JavaScript, Declaration, JSON.
======== Module name 'node:path' was not resolved. ========
======== Resolving module 'path/posix' from '/Users/sherrychang/node_modules/@types/node/process.d.ts'. ========
Explicitly specified module resolution kind: 'Bundler'.
Resolving in CJS mode with conditions 'import', 'types'.
File '/Users/sherrychang/node_modules/@types/node/package.json' exists according to earlier cached lookups.
Loading module 'path/posix' from 'node_modules' folder, target file types: TypeScript, JavaScript, Declaration, JSON.
Searching all ancestor node_modules directories for preferred extensions: TypeScript, Declaration.
Directory '/Users/sherrychang/node_modules/@types/node/node_modules' does not exist, skipping all lookups in it.
Directory '/Users/sherrychang/node_modules/@types/node_modules' does not exist, skipping all lookups in it.
Directory '/Users/node_modules' does not exist, skipping all lookups in it.
Directory '/node_modules' does not exist, skipping all lookups in it.
Searching all ancestor node_modules directories for fallback extensions: JavaScript, JSON.
Directory '/Users/sherrychang/node_modules/@types/node/node_modules' does not exist, skipping all lookups in it.
Directory '/Users/sherrychang/node_modules/@types/node_modules' does not exist, skipping all lookups in it.
Directory '/Users/node_modules' does not exist, skipping all lookups in it.
Directory '/node_modules' does not exist, skipping all lookups in it.
======== Module name 'path/posix' was not resolved. ========
======== Resolving module 'node:path/posix' from '/Users/sherrychang/node_modules/@types/node/process.d.ts'. ========
Explicitly specified module resolution kind: 'Bundler'.
Resolving in CJS mode with conditions 'import', 'types'.
File '/Users/sherrychang/node_modules/@types/node/package.json' exists according to earlier cached lookups.
Skipping module 'node:path/posix' that looks like an absolute URI, target file types: TypeScript, JavaScript, Declaration, JSON.
======== Module name 'node:path/posix' was not resolved. ========
======== Resolving module 'path/win32' from '/Users/sherrychang/node_modules/@types/node/process.d.ts'. ========
Explicitly specified module resolution kind: 'Bundler'.
Resolving in CJS mode with conditions 'import', 'types'.
File '/Users/sherrychang/node_modules/@types/node/package.json' exists according to earlier cached lookups.
Loading module 'path/win32' from 'node_modules' folder, target file types: TypeScript, JavaScript, Declaration, JSON.
Searching all ancestor node_modules directories for preferred extensions: TypeScript, Declaration.
Directory '/Users/sherrychang/node_modules/@types/node/node_modules' does not exist, skipping all lookups in it.
Directory '/Users/sherrychang/node_modules/@types/node_modules' does not exist, skipping all lookups in it.
Directory '/Users/node_modules' does not exist, skipping all lookups in it.
Directory '/node_modules' does not exist, skipping all lookups in it.
Searching all ancestor node_modules directories for fallback extensions: JavaScript, JSON.
Directory '/Users/sherrychang/node_modules/@types/node/node_modules' does not exist, skipping all lookups in it.
Directory '/Users/sherrychang/node_modules/@types/node_modules' does not exist, skipping all lookups in it.
Directory '/Users/node_modules' does not exist, skipping all lookups in it.
Directory '/node_modules' does not exist, skipping all lookups in it.
======== Module name 'path/win32' was not resolved. ========
======== Resolving module 'node:path/win32' from '/Users/sherrychang/node_modules/@types/node/process.d.ts'. ========
Explicitly specified module resolution kind: 'Bundler'.
Resolving in CJS mode with conditions 'import', 'types'.
File '/Users/sherrychang/node_modules/@types/node/package.json' exists according to earlier cached lookups.
Skipping module 'node:path/win32' that looks like an absolute URI, target file types: TypeScript, JavaScript, Declaration, JSON.
======== Module name 'node:path/win32' was not resolved. ========
======== Resolving module 'perf_hooks' from '/Users/sherrychang/node_modules/@types/node/process.d.ts'. ========
Explicitly specified module resolution kind: 'Bundler'.
Resolving in CJS mode with conditions 'import', 'types'.
File '/Users/sherrychang/node_modules/@types/node/package.json' exists according to earlier cached lookups.
Loading module 'perf_hooks' from 'node_modules' folder, target file types: TypeScript, JavaScript, Declaration, JSON.
Searching all ancestor node_modules directories for preferred extensions: TypeScript, Declaration.
Directory '/Users/sherrychang/node_modules/@types/node/node_modules' does not exist, skipping all lookups in it.
Directory '/Users/sherrychang/node_modules/@types/node_modules' does not exist, skipping all lookups in it.
File '/Users/sherrychang/node_modules/perf_hooks.ts' does not exist.
File '/Users/sherrychang/node_modules/perf_hooks.tsx' does not exist.
File '/Users/sherrychang/node_modules/perf_hooks.d.ts' does not exist.
File '/Users/sherrychang/node_modules/@types/perf_hooks.d.ts' does not exist.
Directory '/Users/node_modules' does not exist, skipping all lookups in it.
Directory '/node_modules' does not exist, skipping all lookups in it.
Searching all ancestor node_modules directories for fallback extensions: JavaScript, JSON.
Directory '/Users/sherrychang/node_modules/@types/node/node_modules' does not exist, skipping all lookups in it.
Directory '/Users/sherrychang/node_modules/@types/node_modules' does not exist, skipping all lookups in it.
File '/Users/sherrychang/node_modules/perf_hooks.js' does not exist.
File '/Users/sherrychang/node_modules/perf_hooks.jsx' does not exist.
Directory '/Users/node_modules' does not exist, skipping all lookups in it.
Directory '/node_modules' does not exist, skipping all lookups in it.
======== Module name 'perf_hooks' was not resolved. ========
======== Resolving module 'node:perf_hooks' from '/Users/sherrychang/node_modules/@types/node/process.d.ts'. ========
Explicitly specified module resolution kind: 'Bundler'.
Resolving in CJS mode with conditions 'import', 'types'.
File '/Users/sherrychang/node_modules/@types/node/package.json' exists according to earlier cached lookups.
Skipping module 'node:perf_hooks' that looks like an absolute URI, target file types: TypeScript, JavaScript, Declaration, JSON.
======== Module name 'node:perf_hooks' was not resolved. ========
======== Resolving module 'punycode' from '/Users/sherrychang/node_modules/@types/node/process.d.ts'. ========
Explicitly specified module resolution kind: 'Bundler'.
Resolving in CJS mode with conditions 'import', 'types'.
File '/Users/sherrychang/node_modules/@types/node/package.json' exists according to earlier cached lookups.
Loading module 'punycode' from 'node_modules' folder, target file types: TypeScript, JavaScript, Declaration, JSON.
Searching all ancestor node_modules directories for preferred extensions: TypeScript, Declaration.
Directory '/Users/sherrychang/node_modules/@types/node/node_modules' does not exist, skipping all lookups in it.
Directory '/Users/sherrychang/node_modules/@types/node_modules' does not exist, skipping all lookups in it.
Found 'package.json' at '/Users/sherrychang/node_modules/punycode/package.json'.
File '/Users/sherrychang/node_modules/punycode.ts' does not exist.
File '/Users/sherrychang/node_modules/punycode.tsx' does not exist.
File '/Users/sherrychang/node_modules/punycode.d.ts' does not exist.
'package.json' does not have a 'typesVersions' field.
'package.json' does not have a 'typings' field.
'package.json' does not have a 'types' field.
'package.json' has 'main' field 'punycode.js' that references '/Users/sherrychang/node_modules/punycode/punycode.js'.
File name '/Users/sherrychang/node_modules/punycode/punycode.js' has a '.js' extension - stripping it.
File '/Users/sherrychang/node_modules/punycode/punycode.ts' does not exist.
File '/Users/sherrychang/node_modules/punycode/punycode.tsx' does not exist.
File '/Users/sherrychang/node_modules/punycode/punycode.d.ts' does not exist.
Loading module as file / folder, candidate module location '/Users/sherrychang/node_modules/punycode/punycode.js', target file types: TypeScript, Declaration.
File name '/Users/sherrychang/node_modules/punycode/punycode.js' has a '.js' extension - stripping it.
File '/Users/sherrychang/node_modules/punycode/punycode.ts' does not exist.
File '/Users/sherrychang/node_modules/punycode/punycode.tsx' does not exist.
File '/Users/sherrychang/node_modules/punycode/punycode.d.ts' does not exist.
File '/Users/sherrychang/node_modules/punycode/punycode.js.ts' does not exist.
File '/Users/sherrychang/node_modules/punycode/punycode.js.tsx' does not exist.
File '/Users/sherrychang/node_modules/punycode/punycode.js.d.ts' does not exist.
Directory '/Users/sherrychang/node_modules/punycode/punycode.js' does not exist, skipping all lookups in it.
File '/Users/sherrychang/node_modules/punycode/index.ts' does not exist.
File '/Users/sherrychang/node_modules/punycode/index.tsx' does not exist.
File '/Users/sherrychang/node_modules/punycode/index.d.ts' does not exist.
File '/Users/sherrychang/node_modules/@types/punycode.d.ts' does not exist.
Directory '/Users/node_modules' does not exist, skipping all lookups in it.
Directory '/node_modules' does not exist, skipping all lookups in it.
Searching all ancestor node_modules directories for fallback extensions: JavaScript, JSON.
Directory '/Users/sherrychang/node_modules/@types/node/node_modules' does not exist, skipping all lookups in it.
Directory '/Users/sherrychang/node_modules/@types/node_modules' does not exist, skipping all lookups in it.
File '/Users/sherrychang/node_modules/punycode/package.json' exists according to earlier cached lookups.
File '/Users/sherrychang/node_modules/punycode.js' does not exist.
File '/Users/sherrychang/node_modules/punycode.jsx' does not exist.
'package.json' has 'main' field 'punycode.js' that references '/Users/sherrychang/node_modules/punycode/punycode.js'.
File name '/Users/sherrychang/node_modules/punycode/punycode.js' has a '.js' extension - stripping it.
File '/Users/sherrychang/node_modules/punycode/punycode.js' exists - use it as a name resolution result.
'package.json' does not have a 'peerDependencies' field.
Resolution of non-relative name failed; trying with modern Node resolution features disabled to see if npm library needs configuration update.
File '/Users/sherrychang/node_modules/@types/node/package.json' exists according to earlier cached lookups.
Loading module 'punycode' from 'node_modules' folder, target file types: TypeScript, Declaration.
Searching all ancestor node_modules directories for preferred extensions: TypeScript, Declaration.
Directory '/Users/sherrychang/node_modules/@types/node/node_modules' does not exist, skipping all lookups in it.
Directory '/Users/sherrychang/node_modules/@types/node_modules' does not exist, skipping all lookups in it.
File '/Users/sherrychang/node_modules/punycode/package.json' exists according to earlier cached lookups.
File '/Users/sherrychang/node_modules/punycode.ts' does not exist.
File '/Users/sherrychang/node_modules/punycode.tsx' does not exist.
File '/Users/sherrychang/node_modules/punycode.d.ts' does not exist.
'package.json' does not have a 'typings' field.
'package.json' does not have a 'types' field.
'package.json' has 'main' field 'punycode.js' that references '/Users/sherrychang/node_modules/punycode/punycode.js'.
File name '/Users/sherrychang/node_modules/punycode/punycode.js' has a '.js' extension - stripping it.
File '/Users/sherrychang/node_modules/punycode/punycode.ts' does not exist.
File '/Users/sherrychang/node_modules/punycode/punycode.tsx' does not exist.
File '/Users/sherrychang/node_modules/punycode/punycode.d.ts' does not exist.
Loading module as file / folder, candidate module location '/Users/sherrychang/node_modules/punycode/punycode.js', target file types: TypeScript, Declaration.
File name '/Users/sherrychang/node_modules/punycode/punycode.js' has a '.js' extension - stripping it.
File '/Users/sherrychang/node_modules/punycode/punycode.ts' does not exist.
File '/Users/sherrychang/node_modules/punycode/punycode.tsx' does not exist.
File '/Users/sherrychang/node_modules/punycode/punycode.d.ts' does not exist.
File '/Users/sherrychang/node_modules/punycode/punycode.js.ts' does not exist.
File '/Users/sherrychang/node_modules/punycode/punycode.js.tsx' does not exist.
File '/Users/sherrychang/node_modules/punycode/punycode.js.d.ts' does not exist.
Directory '/Users/sherrychang/node_modules/punycode/punycode.js' does not exist, skipping all lookups in it.
File '/Users/sherrychang/node_modules/punycode/index.ts' does not exist.
File '/Users/sherrychang/node_modules/punycode/index.tsx' does not exist.
File '/Users/sherrychang/node_modules/punycode/index.d.ts' does not exist.
File '/Users/sherrychang/node_modules/@types/punycode.d.ts' does not exist.
Directory '/Users/node_modules' does not exist, skipping all lookups in it.
Directory '/node_modules' does not exist, skipping all lookups in it.
Resolving real path for '/Users/sherrychang/node_modules/punycode/punycode.js', result '/Users/sherrychang/node_modules/punycode/punycode.js'.
======== Module name 'punycode' was successfully resolved to '/Users/sherrychang/node_modules/punycode/punycode.js' with Package ID 'punycode/punycode.js@2.3.1'. ========
======== Resolving module 'node:punycode' from '/Users/sherrychang/node_modules/@types/node/process.d.ts'. ========
Explicitly specified module resolution kind: 'Bundler'.
Resolving in CJS mode with conditions 'import', 'types'.
File '/Users/sherrychang/node_modules/@types/node/package.json' exists according to earlier cached lookups.
Skipping module 'node:punycode' that looks like an absolute URI, target file types: TypeScript, JavaScript, Declaration, JSON.
======== Module name 'node:punycode' was not resolved. ========
======== Resolving module 'querystring' from '/Users/sherrychang/node_modules/@types/node/process.d.ts'. ========
Explicitly specified module resolution kind: 'Bundler'.
Resolving in CJS mode with conditions 'import', 'types'.
File '/Users/sherrychang/node_modules/@types/node/package.json' exists according to earlier cached lookups.
Loading module 'querystring' from 'node_modules' folder, target file types: TypeScript, JavaScript, Declaration, JSON.
Searching all ancestor node_modules directories for preferred extensions: TypeScript, Declaration.
Directory '/Users/sherrychang/node_modules/@types/node/node_modules' does not exist, skipping all lookups in it.
Directory '/Users/sherrychang/node_modules/@types/node_modules' does not exist, skipping all lookups in it.
File '/Users/sherrychang/node_modules/querystring.ts' does not exist.
File '/Users/sherrychang/node_modules/querystring.tsx' does not exist.
File '/Users/sherrychang/node_modules/querystring.d.ts' does not exist.
File '/Users/sherrychang/node_modules/@types/querystring.d.ts' does not exist.
Directory '/Users/node_modules' does not exist, skipping all lookups in it.
Directory '/node_modules' does not exist, skipping all lookups in it.
Searching all ancestor node_modules directories for fallback extensions: JavaScript, JSON.
Directory '/Users/sherrychang/node_modules/@types/node/node_modules' does not exist, skipping all lookups in it.
Directory '/Users/sherrychang/node_modules/@types/node_modules' does not exist, skipping all lookups in it.
File '/Users/sherrychang/node_modules/querystring.js' does not exist.
File '/Users/sherrychang/node_modules/querystring.jsx' does not exist.
Directory '/Users/node_modules' does not exist, skipping all lookups in it.
Directory '/node_modules' does not exist, skipping all lookups in it.
======== Module name 'querystring' was not resolved. ========
======== Resolving module 'node:querystring' from '/Users/sherrychang/node_modules/@types/node/process.d.ts'. ========
Explicitly specified module resolution kind: 'Bundler'.
Resolving in CJS mode with conditions 'import', 'types'.
File '/Users/sherrychang/node_modules/@types/node/package.json' exists according to earlier cached lookups.
Skipping module 'node:querystring' that looks like an absolute URI, target file types: TypeScript, JavaScript, Declaration, JSON.
======== Module name 'node:querystring' was not resolved. ========
======== Resolving module 'readline' from '/Users/sherrychang/node_modules/@types/node/process.d.ts'. ========
Explicitly specified module resolution kind: 'Bundler'.
Resolving in CJS mode with conditions 'import', 'types'.
File '/Users/sherrychang/node_modules/@types/node/package.json' exists according to earlier cached lookups.
Loading module 'readline' from 'node_modules' folder, target file types: TypeScript, JavaScript, Declaration, JSON.
Searching all ancestor node_modules directories for preferred extensions: TypeScript, Declaration.
Directory '/Users/sherrychang/node_modules/@types/node/node_modules' does not exist, skipping all lookups in it.
Directory '/Users/sherrychang/node_modules/@types/node_modules' does not exist, skipping all lookups in it.
File '/Users/sherrychang/node_modules/readline.ts' does not exist.
File '/Users/sherrychang/node_modules/readline.tsx' does not exist.
File '/Users/sherrychang/node_modules/readline.d.ts' does not exist.
File '/Users/sherrychang/node_modules/@types/readline.d.ts' does not exist.
Directory '/Users/node_modules' does not exist, skipping all lookups in it.
Directory '/node_modules' does not exist, skipping all lookups in it.
Searching all ancestor node_modules directories for fallback extensions: JavaScript, JSON.
Directory '/Users/sherrychang/node_modules/@types/node/node_modules' does not exist, skipping all lookups in it.
Directory '/Users/sherrychang/node_modules/@types/node_modules' does not exist, skipping all lookups in it.
File '/Users/sherrychang/node_modules/readline.js' does not exist.
File '/Users/sherrychang/node_modules/readline.jsx' does not exist.
Directory '/Users/node_modules' does not exist, skipping all lookups in it.
Directory '/node_modules' does not exist, skipping all lookups in it.
======== Module name 'readline' was not resolved. ========
======== Resolving module 'node:readline' from '/Users/sherrychang/node_modules/@types/node/process.d.ts'. ========
Explicitly specified module resolution kind: 'Bundler'.
Resolving in CJS mode with conditions 'import', 'types'.
File '/Users/sherrychang/node_modules/@types/node/package.json' exists according to earlier cached lookups.
Skipping module 'node:readline' that looks like an absolute URI, target file types: TypeScript, JavaScript, Declaration, JSON.
======== Module name 'node:readline' was not resolved. ========
======== Resolving module 'readline/promises' from '/Users/sherrychang/node_modules/@types/node/process.d.ts'. ========
Explicitly specified module resolution kind: 'Bundler'.
Resolving in CJS mode with conditions 'import', 'types'.
File '/Users/sherrychang/node_modules/@types/node/package.json' exists according to earlier cached lookups.
Loading module 'readline/promises' from 'node_modules' folder, target file types: TypeScript, JavaScript, Declaration, JSON.
Searching all ancestor node_modules directories for preferred extensions: TypeScript, Declaration.
Directory '/Users/sherrychang/node_modules/@types/node/node_modules' does not exist, skipping all lookups in it.
Directory '/Users/sherrychang/node_modules/@types/node_modules' does not exist, skipping all lookups in it.
Directory '/Users/node_modules' does not exist, skipping all lookups in it.
Directory '/node_modules' does not exist, skipping all lookups in it.
Searching all ancestor node_modules directories for fallback extensions: JavaScript, JSON.
Directory '/Users/sherrychang/node_modules/@types/node/node_modules' does not exist, skipping all lookups in it.
Directory '/Users/sherrychang/node_modules/@types/node_modules' does not exist, skipping all lookups in it.
Directory '/Users/node_modules' does not exist, skipping all lookups in it.
Directory '/node_modules' does not exist, skipping all lookups in it.
======== Module name 'readline/promises' was not resolved. ========
======== Resolving module 'node:readline/promises' from '/Users/sherrychang/node_modules/@types/node/process.d.ts'. ========
Explicitly specified module resolution kind: 'Bundler'.
Resolving in CJS mode with conditions 'import', 'types'.
File '/Users/sherrychang/node_modules/@types/node/package.json' exists according to earlier cached lookups.
Skipping module 'node:readline/promises' that looks like an absolute URI, target file types: TypeScript, JavaScript, Declaration, JSON.
======== Module name 'node:readline/promises' was not resolved. ========
======== Resolving module 'repl' from '/Users/sherrychang/node_modules/@types/node/process.d.ts'. ========
Explicitly specified module resolution kind: 'Bundler'.
Resolving in CJS mode with conditions 'import', 'types'.
File '/Users/sherrychang/node_modules/@types/node/package.json' exists according to earlier cached lookups.
Loading module 'repl' from 'node_modules' folder, target file types: TypeScript, JavaScript, Declaration, JSON.
Searching all ancestor node_modules directories for preferred extensions: TypeScript, Declaration.
Directory '/Users/sherrychang/node_modules/@types/node/node_modules' does not exist, skipping all lookups in it.
Directory '/Users/sherrychang/node_modules/@types/node_modules' does not exist, skipping all lookups in it.
File '/Users/sherrychang/node_modules/repl.ts' does not exist.
File '/Users/sherrychang/node_modules/repl.tsx' does not exist.
File '/Users/sherrychang/node_modules/repl.d.ts' does not exist.
File '/Users/sherrychang/node_modules/@types/repl.d.ts' does not exist.
Directory '/Users/node_modules' does not exist, skipping all lookups in it.
Directory '/node_modules' does not exist, skipping all lookups in it.
Searching all ancestor node_modules directories for fallback extensions: JavaScript, JSON.
Directory '/Users/sherrychang/node_modules/@types/node/node_modules' does not exist, skipping all lookups in it.
Directory '/Users/sherrychang/node_modules/@types/node_modules' does not exist, skipping all lookups in it.
File '/Users/sherrychang/node_modules/repl.js' does not exist.
File '/Users/sherrychang/node_modules/repl.jsx' does not exist.
Directory '/Users/node_modules' does not exist, skipping all lookups in it.
Directory '/node_modules' does not exist, skipping all lookups in it.
======== Module name 'repl' was not resolved. ========
======== Resolving module 'node:repl' from '/Users/sherrychang/node_modules/@types/node/process.d.ts'. ========
Explicitly specified module resolution kind: 'Bundler'.
Resolving in CJS mode with conditions 'import', 'types'.
File '/Users/sherrychang/node_modules/@types/node/package.json' exists according to earlier cached lookups.
Skipping module 'node:repl' that looks like an absolute URI, target file types: TypeScript, JavaScript, Declaration, JSON.
======== Module name 'node:repl' was not resolved. ========
======== Resolving module 'node:sea' from '/Users/sherrychang/node_modules/@types/node/process.d.ts'. ========
Explicitly specified module resolution kind: 'Bundler'.
Resolving in CJS mode with conditions 'import', 'types'.
File '/Users/sherrychang/node_modules/@types/node/package.json' exists according to earlier cached lookups.
Skipping module 'node:sea' that looks like an absolute URI, target file types: TypeScript, JavaScript, Declaration, JSON.
======== Module name 'node:sea' was not resolved. ========
======== Resolving module 'node:sqlite' from '/Users/sherrychang/node_modules/@types/node/process.d.ts'. ========
Explicitly specified module resolution kind: 'Bundler'.
Resolving in CJS mode with conditions 'import', 'types'.
File '/Users/sherrychang/node_modules/@types/node/package.json' exists according to earlier cached lookups.
Skipping module 'node:sqlite' that looks like an absolute URI, target file types: TypeScript, JavaScript, Declaration, JSON.
======== Module name 'node:sqlite' was not resolved. ========
======== Resolving module 'stream' from '/Users/sherrychang/node_modules/@types/node/process.d.ts'. ========
Explicitly specified module resolution kind: 'Bundler'.
Resolving in CJS mode with conditions 'import', 'types'.
File '/Users/sherrychang/node_modules/@types/node/package.json' exists according to earlier cached lookups.
Loading module 'stream' from 'node_modules' folder, target file types: TypeScript, JavaScript, Declaration, JSON.
Searching all ancestor node_modules directories for preferred extensions: TypeScript, Declaration.
Directory '/Users/sherrychang/node_modules/@types/node/node_modules' does not exist, skipping all lookups in it.
Directory '/Users/sherrychang/node_modules/@types/node_modules' does not exist, skipping all lookups in it.
File '/Users/sherrychang/node_modules/stream.ts' does not exist.
File '/Users/sherrychang/node_modules/stream.tsx' does not exist.
File '/Users/sherrychang/node_modules/stream.d.ts' does not exist.
File '/Users/sherrychang/node_modules/@types/stream.d.ts' does not exist.
Directory '/Users/node_modules' does not exist, skipping all lookups in it.
Directory '/node_modules' does not exist, skipping all lookups in it.
Searching all ancestor node_modules directories for fallback extensions: JavaScript, JSON.
Directory '/Users/sherrychang/node_modules/@types/node/node_modules' does not exist, skipping all lookups in it.
Directory '/Users/sherrychang/node_modules/@types/node_modules' does not exist, skipping all lookups in it.
File '/Users/sherrychang/node_modules/stream.js' does not exist.
File '/Users/sherrychang/node_modules/stream.jsx' does not exist.
Directory '/Users/node_modules' does not exist, skipping all lookups in it.
Directory '/node_modules' does not exist, skipping all lookups in it.
======== Module name 'stream' was not resolved. ========
======== Resolving module 'node:stream' from '/Users/sherrychang/node_modules/@types/node/process.d.ts'. ========
Resolution for module 'node:stream' was found in cache from location '/Users/sherrychang/node_modules/@types/node'.
======== Module name 'node:stream' was not resolved. ========
======== Resolving module 'stream/consumers' from '/Users/sherrychang/node_modules/@types/node/process.d.ts'. ========
Explicitly specified module resolution kind: 'Bundler'.
Resolving in CJS mode with conditions 'import', 'types'.
File '/Users/sherrychang/node_modules/@types/node/package.json' exists according to earlier cached lookups.
Loading module 'stream/consumers' from 'node_modules' folder, target file types: TypeScript, JavaScript, Declaration, JSON.
Searching all ancestor node_modules directories for preferred extensions: TypeScript, Declaration.
Directory '/Users/sherrychang/node_modules/@types/node/node_modules' does not exist, skipping all lookups in it.
Directory '/Users/sherrychang/node_modules/@types/node_modules' does not exist, skipping all lookups in it.
Directory '/Users/node_modules' does not exist, skipping all lookups in it.
Directory '/node_modules' does not exist, skipping all lookups in it.
Searching all ancestor node_modules directories for fallback extensions: JavaScript, JSON.
Directory '/Users/sherrychang/node_modules/@types/node/node_modules' does not exist, skipping all lookups in it.
Directory '/Users/sherrychang/node_modules/@types/node_modules' does not exist, skipping all lookups in it.
Directory '/Users/node_modules' does not exist, skipping all lookups in it.
Directory '/node_modules' does not exist, skipping all lookups in it.
======== Module name 'stream/consumers' was not resolved. ========
======== Resolving module 'node:stream/consumers' from '/Users/sherrychang/node_modules/@types/node/process.d.ts'. ========
Explicitly specified module resolution kind: 'Bundler'.
Resolving in CJS mode with conditions 'import', 'types'.
File '/Users/sherrychang/node_modules/@types/node/package.json' exists according to earlier cached lookups.
Skipping module 'node:stream/consumers' that looks like an absolute URI, target file types: TypeScript, JavaScript, Declaration, JSON.
======== Module name 'node:stream/consumers' was not resolved. ========
======== Resolving module 'stream/promises' from '/Users/sherrychang/node_modules/@types/node/process.d.ts'. ========
Explicitly specified module resolution kind: 'Bundler'.
Resolving in CJS mode with conditions 'import', 'types'.
File '/Users/sherrychang/node_modules/@types/node/package.json' exists according to earlier cached lookups.
Loading module 'stream/promises' from 'node_modules' folder, target file types: TypeScript, JavaScript, Declaration, JSON.
Searching all ancestor node_modules directories for preferred extensions: TypeScript, Declaration.
Directory '/Users/sherrychang/node_modules/@types/node/node_modules' does not exist, skipping all lookups in it.
Directory '/Users/sherrychang/node_modules/@types/node_modules' does not exist, skipping all lookups in it.
Directory '/Users/node_modules' does not exist, skipping all lookups in it.
Directory '/node_modules' does not exist, skipping all lookups in it.
Searching all ancestor node_modules directories for fallback extensions: JavaScript, JSON.
Directory '/Users/sherrychang/node_modules/@types/node/node_modules' does not exist, skipping all lookups in it.
Directory '/Users/sherrychang/node_modules/@types/node_modules' does not exist, skipping all lookups in it.
Directory '/Users/node_modules' does not exist, skipping all lookups in it.
Directory '/node_modules' does not exist, skipping all lookups in it.
======== Module name 'stream/promises' was not resolved. ========
======== Resolving module 'node:stream/promises' from '/Users/sherrychang/node_modules/@types/node/process.d.ts'. ========
Explicitly specified module resolution kind: 'Bundler'.
Resolving in CJS mode with conditions 'import', 'types'.
File '/Users/sherrychang/node_modules/@types/node/package.json' exists according to earlier cached lookups.
Skipping module 'node:stream/promises' that looks like an absolute URI, target file types: TypeScript, JavaScript, Declaration, JSON.
======== Module name 'node:stream/promises' was not resolved. ========
======== Resolving module 'stream/web' from '/Users/sherrychang/node_modules/@types/node/process.d.ts'. ========
Explicitly specified module resolution kind: 'Bundler'.
Resolving in CJS mode with conditions 'import', 'types'.
File '/Users/sherrychang/node_modules/@types/node/package.json' exists according to earlier cached lookups.
Loading module 'stream/web' from 'node_modules' folder, target file types: TypeScript, JavaScript, Declaration, JSON.
Searching all ancestor node_modules directories for preferred extensions: TypeScript, Declaration.
Directory '/Users/sherrychang/node_modules/@types/node/node_modules' does not exist, skipping all lookups in it.
Directory '/Users/sherrychang/node_modules/@types/node_modules' does not exist, skipping all lookups in it.
Directory '/Users/node_modules' does not exist, skipping all lookups in it.
Directory '/node_modules' does not exist, skipping all lookups in it.
Searching all ancestor node_modules directories for fallback extensions: JavaScript, JSON.
Directory '/Users/sherrychang/node_modules/@types/node/node_modules' does not exist, skipping all lookups in it.
Directory '/Users/sherrychang/node_modules/@types/node_modules' does not exist, skipping all lookups in it.
Directory '/Users/node_modules' does not exist, skipping all lookups in it.
Directory '/node_modules' does not exist, skipping all lookups in it.
======== Module name 'stream/web' was not resolved. ========
======== Resolving module 'node:stream/web' from '/Users/sherrychang/node_modules/@types/node/process.d.ts'. ========
Resolution for module 'node:stream/web' was found in cache from location '/Users/sherrychang/node_modules/@types/node'.
======== Module name 'node:stream/web' was not resolved. ========
======== Resolving module 'string_decoder' from '/Users/sherrychang/node_modules/@types/node/process.d.ts'. ========
Explicitly specified module resolution kind: 'Bundler'.
Resolving in CJS mode with conditions 'import', 'types'.
File '/Users/sherrychang/node_modules/@types/node/package.json' exists according to earlier cached lookups.
Loading module 'string_decoder' from 'node_modules' folder, target file types: TypeScript, JavaScript, Declaration, JSON.
Searching all ancestor node_modules directories for preferred extensions: TypeScript, Declaration.
Directory '/Users/sherrychang/node_modules/@types/node/node_modules' does not exist, skipping all lookups in it.
Directory '/Users/sherrychang/node_modules/@types/node_modules' does not exist, skipping all lookups in it.
File '/Users/sherrychang/node_modules/string_decoder.ts' does not exist.
File '/Users/sherrychang/node_modules/string_decoder.tsx' does not exist.
File '/Users/sherrychang/node_modules/string_decoder.d.ts' does not exist.
File '/Users/sherrychang/node_modules/@types/string_decoder.d.ts' does not exist.
Directory '/Users/node_modules' does not exist, skipping all lookups in it.
Directory '/node_modules' does not exist, skipping all lookups in it.
Searching all ancestor node_modules directories for fallback extensions: JavaScript, JSON.
Directory '/Users/sherrychang/node_modules/@types/node/node_modules' does not exist, skipping all lookups in it.
Directory '/Users/sherrychang/node_modules/@types/node_modules' does not exist, skipping all lookups in it.
File '/Users/sherrychang/node_modules/string_decoder.js' does not exist.
File '/Users/sherrychang/node_modules/string_decoder.jsx' does not exist.
Directory '/Users/node_modules' does not exist, skipping all lookups in it.
Directory '/node_modules' does not exist, skipping all lookups in it.
======== Module name 'string_decoder' was not resolved. ========
======== Resolving module 'node:string_decoder' from '/Users/sherrychang/node_modules/@types/node/process.d.ts'. ========
Explicitly specified module resolution kind: 'Bundler'.
Resolving in CJS mode with conditions 'import', 'types'.
File '/Users/sherrychang/node_modules/@types/node/package.json' exists according to earlier cached lookups.
Skipping module 'node:string_decoder' that looks like an absolute URI, target file types: TypeScript, JavaScript, Declaration, JSON.
======== Module name 'node:string_decoder' was not resolved. ========
======== Resolving module 'node:test' from '/Users/sherrychang/node_modules/@types/node/process.d.ts'. ========
Explicitly specified module resolution kind: 'Bundler'.
Resolving in CJS mode with conditions 'import', 'types'.
File '/Users/sherrychang/node_modules/@types/node/package.json' exists according to earlier cached lookups.
Skipping module 'node:test' that looks like an absolute URI, target file types: TypeScript, JavaScript, Declaration, JSON.
======== Module name 'node:test' was not resolved. ========
======== Resolving module 'node:test/reporters' from '/Users/sherrychang/node_modules/@types/node/process.d.ts'. ========
Explicitly specified module resolution kind: 'Bundler'.
Resolving in CJS mode with conditions 'import', 'types'.
File '/Users/sherrychang/node_modules/@types/node/package.json' exists according to earlier cached lookups.
Skipping module 'node:test/reporters' that looks like an absolute URI, target file types: TypeScript, JavaScript, Declaration, JSON.
======== Module name 'node:test/reporters' was not resolved. ========
======== Resolving module 'timers' from '/Users/sherrychang/node_modules/@types/node/process.d.ts'. ========
Explicitly specified module resolution kind: 'Bundler'.
Resolving in CJS mode with conditions 'import', 'types'.
File '/Users/sherrychang/node_modules/@types/node/package.json' exists according to earlier cached lookups.
Loading module 'timers' from 'node_modules' folder, target file types: TypeScript, JavaScript, Declaration, JSON.
Searching all ancestor node_modules directories for preferred extensions: TypeScript, Declaration.
Directory '/Users/sherrychang/node_modules/@types/node/node_modules' does not exist, skipping all lookups in it.
Directory '/Users/sherrychang/node_modules/@types/node_modules' does not exist, skipping all lookups in it.
File '/Users/sherrychang/node_modules/timers.ts' does not exist.
File '/Users/sherrychang/node_modules/timers.tsx' does not exist.
File '/Users/sherrychang/node_modules/timers.d.ts' does not exist.
File '/Users/sherrychang/node_modules/@types/timers.d.ts' does not exist.
Directory '/Users/node_modules' does not exist, skipping all lookups in it.
Directory '/node_modules' does not exist, skipping all lookups in it.
Searching all ancestor node_modules directories for fallback extensions: JavaScript, JSON.
Directory '/Users/sherrychang/node_modules/@types/node/node_modules' does not exist, skipping all lookups in it.
Directory '/Users/sherrychang/node_modules/@types/node_modules' does not exist, skipping all lookups in it.
File '/Users/sherrychang/node_modules/timers.js' does not exist.
File '/Users/sherrychang/node_modules/timers.jsx' does not exist.
Directory '/Users/node_modules' does not exist, skipping all lookups in it.
Directory '/node_modules' does not exist, skipping all lookups in it.
======== Module name 'timers' was not resolved. ========
======== Resolving module 'node:timers' from '/Users/sherrychang/node_modules/@types/node/process.d.ts'. ========
Explicitly specified module resolution kind: 'Bundler'.
Resolving in CJS mode with conditions 'import', 'types'.
File '/Users/sherrychang/node_modules/@types/node/package.json' exists according to earlier cached lookups.
Skipping module 'node:timers' that looks like an absolute URI, target file types: TypeScript, JavaScript, Declaration, JSON.
======== Module name 'node:timers' was not resolved. ========
======== Resolving module 'timers/promises' from '/Users/sherrychang/node_modules/@types/node/process.d.ts'. ========
Explicitly specified module resolution kind: 'Bundler'.
Resolving in CJS mode with conditions 'import', 'types'.
File '/Users/sherrychang/node_modules/@types/node/package.json' exists according to earlier cached lookups.
Loading module 'timers/promises' from 'node_modules' folder, target file types: TypeScript, JavaScript, Declaration, JSON.
Searching all ancestor node_modules directories for preferred extensions: TypeScript, Declaration.
Directory '/Users/sherrychang/node_modules/@types/node/node_modules' does not exist, skipping all lookups in it.
Directory '/Users/sherrychang/node_modules/@types/node_modules' does not exist, skipping all lookups in it.
Directory '/Users/node_modules' does not exist, skipping all lookups in it.
Directory '/node_modules' does not exist, skipping all lookups in it.
Searching all ancestor node_modules directories for fallback extensions: JavaScript, JSON.
Directory '/Users/sherrychang/node_modules/@types/node/node_modules' does not exist, skipping all lookups in it.
Directory '/Users/sherrychang/node_modules/@types/node_modules' does not exist, skipping all lookups in it.
Directory '/Users/node_modules' does not exist, skipping all lookups in it.
Directory '/node_modules' does not exist, skipping all lookups in it.
======== Module name 'timers/promises' was not resolved. ========
======== Resolving module 'node:timers/promises' from '/Users/sherrychang/node_modules/@types/node/process.d.ts'. ========
Explicitly specified module resolution kind: 'Bundler'.
Resolving in CJS mode with conditions 'import', 'types'.
File '/Users/sherrychang/node_modules/@types/node/package.json' exists according to earlier cached lookups.
Skipping module 'node:timers/promises' that looks like an absolute URI, target file types: TypeScript, JavaScript, Declaration, JSON.
======== Module name 'node:timers/promises' was not resolved. ========
======== Resolving module 'tls' from '/Users/sherrychang/node_modules/@types/node/process.d.ts'. ========
Explicitly specified module resolution kind: 'Bundler'.
Resolving in CJS mode with conditions 'import', 'types'.
File '/Users/sherrychang/node_modules/@types/node/package.json' exists according to earlier cached lookups.
Loading module 'tls' from 'node_modules' folder, target file types: TypeScript, JavaScript, Declaration, JSON.
Searching all ancestor node_modules directories for preferred extensions: TypeScript, Declaration.
Directory '/Users/sherrychang/node_modules/@types/node/node_modules' does not exist, skipping all lookups in it.
Directory '/Users/sherrychang/node_modules/@types/node_modules' does not exist, skipping all lookups in it.
File '/Users/sherrychang/node_modules/tls.ts' does not exist.
File '/Users/sherrychang/node_modules/tls.tsx' does not exist.
File '/Users/sherrychang/node_modules/tls.d.ts' does not exist.
File '/Users/sherrychang/node_modules/@types/tls.d.ts' does not exist.
Directory '/Users/node_modules' does not exist, skipping all lookups in it.
Directory '/node_modules' does not exist, skipping all lookups in it.
Searching all ancestor node_modules directories for fallback extensions: JavaScript, JSON.
Directory '/Users/sherrychang/node_modules/@types/node/node_modules' does not exist, skipping all lookups in it.
Directory '/Users/sherrychang/node_modules/@types/node_modules' does not exist, skipping all lookups in it.
File '/Users/sherrychang/node_modules/tls.js' does not exist.
File '/Users/sherrychang/node_modules/tls.jsx' does not exist.
Directory '/Users/node_modules' does not exist, skipping all lookups in it.
Directory '/node_modules' does not exist, skipping all lookups in it.
======== Module name 'tls' was not resolved. ========
======== Resolving module 'node:tls' from '/Users/sherrychang/node_modules/@types/node/process.d.ts'. ========
Resolution for module 'node:tls' was found in cache from location '/Users/sherrychang/node_modules/@types/node'.
======== Module name 'node:tls' was not resolved. ========
======== Resolving module 'trace_events' from '/Users/sherrychang/node_modules/@types/node/process.d.ts'. ========
Explicitly specified module resolution kind: 'Bundler'.
Resolving in CJS mode with conditions 'import', 'types'.
File '/Users/sherrychang/node_modules/@types/node/package.json' exists according to earlier cached lookups.
Loading module 'trace_events' from 'node_modules' folder, target file types: TypeScript, JavaScript, Declaration, JSON.
Searching all ancestor node_modules directories for preferred extensions: TypeScript, Declaration.
Directory '/Users/sherrychang/node_modules/@types/node/node_modules' does not exist, skipping all lookups in it.
Directory '/Users/sherrychang/node_modules/@types/node_modules' does not exist, skipping all lookups in it.
File '/Users/sherrychang/node_modules/trace_events.ts' does not exist.
File '/Users/sherrychang/node_modules/trace_events.tsx' does not exist.
File '/Users/sherrychang/node_modules/trace_events.d.ts' does not exist.
File '/Users/sherrychang/node_modules/@types/trace_events.d.ts' does not exist.
Directory '/Users/node_modules' does not exist, skipping all lookups in it.
Directory '/node_modules' does not exist, skipping all lookups in it.
Searching all ancestor node_modules directories for fallback extensions: JavaScript, JSON.
Directory '/Users/sherrychang/node_modules/@types/node/node_modules' does not exist, skipping all lookups in it.
Directory '/Users/sherrychang/node_modules/@types/node_modules' does not exist, skipping all lookups in it.
File '/Users/sherrychang/node_modules/trace_events.js' does not exist.
File '/Users/sherrychang/node_modules/trace_events.jsx' does not exist.
Directory '/Users/node_modules' does not exist, skipping all lookups in it.
Directory '/node_modules' does not exist, skipping all lookups in it.
======== Module name 'trace_events' was not resolved. ========
======== Resolving module 'node:trace_events' from '/Users/sherrychang/node_modules/@types/node/process.d.ts'. ========
Explicitly specified module resolution kind: 'Bundler'.
Resolving in CJS mode with conditions 'import', 'types'.
File '/Users/sherrychang/node_modules/@types/node/package.json' exists according to earlier cached lookups.
Skipping module 'node:trace_events' that looks like an absolute URI, target file types: TypeScript, JavaScript, Declaration, JSON.
======== Module name 'node:trace_events' was not resolved. ========
======== Resolving module 'tty' from '/Users/sherrychang/node_modules/@types/node/process.d.ts'. ========
Explicitly specified module resolution kind: 'Bundler'.
Resolving in CJS mode with conditions 'import', 'types'.
File '/Users/sherrychang/node_modules/@types/node/package.json' exists according to earlier cached lookups.
Loading module 'tty' from 'node_modules' folder, target file types: TypeScript, JavaScript, Declaration, JSON.
Searching all ancestor node_modules directories for preferred extensions: TypeScript, Declaration.
Directory '/Users/sherrychang/node_modules/@types/node/node_modules' does not exist, skipping all lookups in it.
Directory '/Users/sherrychang/node_modules/@types/node_modules' does not exist, skipping all lookups in it.
File '/Users/sherrychang/node_modules/tty.ts' does not exist.
File '/Users/sherrychang/node_modules/tty.tsx' does not exist.
File '/Users/sherrychang/node_modules/tty.d.ts' does not exist.
File '/Users/sherrychang/node_modules/@types/tty.d.ts' does not exist.
Directory '/Users/node_modules' does not exist, skipping all lookups in it.
Directory '/node_modules' does not exist, skipping all lookups in it.
Searching all ancestor node_modules directories for fallback extensions: JavaScript, JSON.
Directory '/Users/sherrychang/node_modules/@types/node/node_modules' does not exist, skipping all lookups in it.
Directory '/Users/sherrychang/node_modules/@types/node_modules' does not exist, skipping all lookups in it.
File '/Users/sherrychang/node_modules/tty.js' does not exist.
File '/Users/sherrychang/node_modules/tty.jsx' does not exist.
Directory '/Users/node_modules' does not exist, skipping all lookups in it.
Directory '/node_modules' does not exist, skipping all lookups in it.
======== Module name 'tty' was not resolved. ========
======== Resolving module 'url' from '/Users/sherrychang/node_modules/@types/node/process.d.ts'. ========
Explicitly specified module resolution kind: 'Bundler'.
Resolving in CJS mode with conditions 'import', 'types'.
File '/Users/sherrychang/node_modules/@types/node/package.json' exists according to earlier cached lookups.
Loading module 'url' from 'node_modules' folder, target file types: TypeScript, JavaScript, Declaration, JSON.
Searching all ancestor node_modules directories for preferred extensions: TypeScript, Declaration.
Directory '/Users/sherrychang/node_modules/@types/node/node_modules' does not exist, skipping all lookups in it.
Directory '/Users/sherrychang/node_modules/@types/node_modules' does not exist, skipping all lookups in it.
File '/Users/sherrychang/node_modules/url.ts' does not exist.
File '/Users/sherrychang/node_modules/url.tsx' does not exist.
File '/Users/sherrychang/node_modules/url.d.ts' does not exist.
File '/Users/sherrychang/node_modules/@types/url.d.ts' does not exist.
Directory '/Users/node_modules' does not exist, skipping all lookups in it.
Directory '/node_modules' does not exist, skipping all lookups in it.
Searching all ancestor node_modules directories for fallback extensions: JavaScript, JSON.
Directory '/Users/sherrychang/node_modules/@types/node/node_modules' does not exist, skipping all lookups in it.
Directory '/Users/sherrychang/node_modules/@types/node_modules' does not exist, skipping all lookups in it.
File '/Users/sherrychang/node_modules/url.js' does not exist.
File '/Users/sherrychang/node_modules/url.jsx' does not exist.
Directory '/Users/node_modules' does not exist, skipping all lookups in it.
Directory '/node_modules' does not exist, skipping all lookups in it.
======== Module name 'url' was not resolved. ========
======== Resolving module 'node:url' from '/Users/sherrychang/node_modules/@types/node/process.d.ts'. ========
Resolution for module 'node:url' was found in cache from location '/Users/sherrychang/node_modules/@types/node'.
======== Module name 'node:url' was not resolved. ========
======== Resolving module 'util' from '/Users/sherrychang/node_modules/@types/node/process.d.ts'. ========
Explicitly specified module resolution kind: 'Bundler'.
Resolving in CJS mode with conditions 'import', 'types'.
File '/Users/sherrychang/node_modules/@types/node/package.json' exists according to earlier cached lookups.
Loading module 'util' from 'node_modules' folder, target file types: TypeScript, JavaScript, Declaration, JSON.
Searching all ancestor node_modules directories for preferred extensions: TypeScript, Declaration.
Directory '/Users/sherrychang/node_modules/@types/node/node_modules' does not exist, skipping all lookups in it.
Directory '/Users/sherrychang/node_modules/@types/node_modules' does not exist, skipping all lookups in it.
File '/Users/sherrychang/node_modules/util.ts' does not exist.
File '/Users/sherrychang/node_modules/util.tsx' does not exist.
File '/Users/sherrychang/node_modules/util.d.ts' does not exist.
File '/Users/sherrychang/node_modules/@types/util.d.ts' does not exist.
Directory '/Users/node_modules' does not exist, skipping all lookups in it.
Directory '/node_modules' does not exist, skipping all lookups in it.
Searching all ancestor node_modules directories for fallback extensions: JavaScript, JSON.
Directory '/Users/sherrychang/node_modules/@types/node/node_modules' does not exist, skipping all lookups in it.
Directory '/Users/sherrychang/node_modules/@types/node_modules' does not exist, skipping all lookups in it.
File '/Users/sherrychang/node_modules/util.js' does not exist.
File '/Users/sherrychang/node_modules/util.jsx' does not exist.
Directory '/Users/node_modules' does not exist, skipping all lookups in it.
Directory '/node_modules' does not exist, skipping all lookups in it.
======== Module name 'util' was not resolved. ========
======== Resolving module 'node:util' from '/Users/sherrychang/node_modules/@types/node/process.d.ts'. ========
Resolution for module 'node:util' was found in cache from location '/Users/sherrychang/node_modules/@types/node'.
======== Module name 'node:util' was not resolved. ========
======== Resolving module 'util/types' from '/Users/sherrychang/node_modules/@types/node/process.d.ts'. ========
Explicitly specified module resolution kind: 'Bundler'.
Resolving in CJS mode with conditions 'import', 'types'.
File '/Users/sherrychang/node_modules/@types/node/package.json' exists according to earlier cached lookups.
Loading module 'util/types' from 'node_modules' folder, target file types: TypeScript, JavaScript, Declaration, JSON.
Searching all ancestor node_modules directories for preferred extensions: TypeScript, Declaration.
Directory '/Users/sherrychang/node_modules/@types/node/node_modules' does not exist, skipping all lookups in it.
Directory '/Users/sherrychang/node_modules/@types/node_modules' does not exist, skipping all lookups in it.
Directory '/Users/node_modules' does not exist, skipping all lookups in it.
Directory '/node_modules' does not exist, skipping all lookups in it.
Searching all ancestor node_modules directories for fallback extensions: JavaScript, JSON.
Directory '/Users/sherrychang/node_modules/@types/node/node_modules' does not exist, skipping all lookups in it.
Directory '/Users/sherrychang/node_modules/@types/node_modules' does not exist, skipping all lookups in it.
Directory '/Users/node_modules' does not exist, skipping all lookups in it.
Directory '/node_modules' does not exist, skipping all lookups in it.
======== Module name 'util/types' was not resolved. ========
======== Resolving module 'node:util/types' from '/Users/sherrychang/node_modules/@types/node/process.d.ts'. ========
Explicitly specified module resolution kind: 'Bundler'.
Resolving in CJS mode with conditions 'import', 'types'.
File '/Users/sherrychang/node_modules/@types/node/package.json' exists according to earlier cached lookups.
Skipping module 'node:util/types' that looks like an absolute URI, target file types: TypeScript, JavaScript, Declaration, JSON.
======== Module name 'node:util/types' was not resolved. ========
======== Resolving module 'v8' from '/Users/sherrychang/node_modules/@types/node/process.d.ts'. ========
Explicitly specified module resolution kind: 'Bundler'.
Resolving in CJS mode with conditions 'import', 'types'.
File '/Users/sherrychang/node_modules/@types/node/package.json' exists according to earlier cached lookups.
Loading module 'v8' from 'node_modules' folder, target file types: TypeScript, JavaScript, Declaration, JSON.
Searching all ancestor node_modules directories for preferred extensions: TypeScript, Declaration.
Directory '/Users/sherrychang/node_modules/@types/node/node_modules' does not exist, skipping all lookups in it.
Directory '/Users/sherrychang/node_modules/@types/node_modules' does not exist, skipping all lookups in it.
File '/Users/sherrychang/node_modules/v8.ts' does not exist.
File '/Users/sherrychang/node_modules/v8.tsx' does not exist.
File '/Users/sherrychang/node_modules/v8.d.ts' does not exist.
File '/Users/sherrychang/node_modules/@types/v8.d.ts' does not exist.
Directory '/Users/node_modules' does not exist, skipping all lookups in it.
Directory '/node_modules' does not exist, skipping all lookups in it.
Searching all ancestor node_modules directories for fallback extensions: JavaScript, JSON.
Directory '/Users/sherrychang/node_modules/@types/node/node_modules' does not exist, skipping all lookups in it.
Directory '/Users/sherrychang/node_modules/@types/node_modules' does not exist, skipping all lookups in it.
File '/Users/sherrychang/node_modules/v8.js' does not exist.
File '/Users/sherrychang/node_modules/v8.jsx' does not exist.
Directory '/Users/node_modules' does not exist, skipping all lookups in it.
Directory '/node_modules' does not exist, skipping all lookups in it.
======== Module name 'v8' was not resolved. ========
======== Resolving module 'node:v8' from '/Users/sherrychang/node_modules/@types/node/process.d.ts'. ========
Explicitly specified module resolution kind: 'Bundler'.
Resolving in CJS mode with conditions 'import', 'types'.
File '/Users/sherrychang/node_modules/@types/node/package.json' exists according to earlier cached lookups.
Skipping module 'node:v8' that looks like an absolute URI, target file types: TypeScript, JavaScript, Declaration, JSON.
======== Module name 'node:v8' was not resolved. ========
======== Resolving module 'vm' from '/Users/sherrychang/node_modules/@types/node/process.d.ts'. ========
Explicitly specified module resolution kind: 'Bundler'.
Resolving in CJS mode with conditions 'import', 'types'.
File '/Users/sherrychang/node_modules/@types/node/package.json' exists according to earlier cached lookups.
Loading module 'vm' from 'node_modules' folder, target file types: TypeScript, JavaScript, Declaration, JSON.
Searching all ancestor node_modules directories for preferred extensions: TypeScript, Declaration.
Directory '/Users/sherrychang/node_modules/@types/node/node_modules' does not exist, skipping all lookups in it.
Directory '/Users/sherrychang/node_modules/@types/node_modules' does not exist, skipping all lookups in it.
File '/Users/sherrychang/node_modules/vm.ts' does not exist.
File '/Users/sherrychang/node_modules/vm.tsx' does not exist.
File '/Users/sherrychang/node_modules/vm.d.ts' does not exist.
File '/Users/sherrychang/node_modules/@types/vm.d.ts' does not exist.
Directory '/Users/node_modules' does not exist, skipping all lookups in it.
Directory '/node_modules' does not exist, skipping all lookups in it.
Searching all ancestor node_modules directories for fallback extensions: JavaScript, JSON.
Directory '/Users/sherrychang/node_modules/@types/node/node_modules' does not exist, skipping all lookups in it.
Directory '/Users/sherrychang/node_modules/@types/node_modules' does not exist, skipping all lookups in it.
File '/Users/sherrychang/node_modules/vm.js' does not exist.
File '/Users/sherrychang/node_modules/vm.jsx' does not exist.
Directory '/Users/node_modules' does not exist, skipping all lookups in it.
Directory '/node_modules' does not exist, skipping all lookups in it.
======== Module name 'vm' was not resolved. ========
======== Resolving module 'node:vm' from '/Users/sherrychang/node_modules/@types/node/process.d.ts'. ========
Explicitly specified module resolution kind: 'Bundler'.
Resolving in CJS mode with conditions 'import', 'types'.
File '/Users/sherrychang/node_modules/@types/node/package.json' exists according to earlier cached lookups.
Skipping module 'node:vm' that looks like an absolute URI, target file types: TypeScript, JavaScript, Declaration, JSON.
======== Module name 'node:vm' was not resolved. ========
======== Resolving module 'wasi' from '/Users/sherrychang/node_modules/@types/node/process.d.ts'. ========
Explicitly specified module resolution kind: 'Bundler'.
Resolving in CJS mode with conditions 'import', 'types'.
File '/Users/sherrychang/node_modules/@types/node/package.json' exists according to earlier cached lookups.
Loading module 'wasi' from 'node_modules' folder, target file types: TypeScript, JavaScript, Declaration, JSON.
Searching all ancestor node_modules directories for preferred extensions: TypeScript, Declaration.
Directory '/Users/sherrychang/node_modules/@types/node/node_modules' does not exist, skipping all lookups in it.
Directory '/Users/sherrychang/node_modules/@types/node_modules' does not exist, skipping all lookups in it.
File '/Users/sherrychang/node_modules/wasi.ts' does not exist.
File '/Users/sherrychang/node_modules/wasi.tsx' does not exist.
File '/Users/sherrychang/node_modules/wasi.d.ts' does not exist.
File '/Users/sherrychang/node_modules/@types/wasi.d.ts' does not exist.
Directory '/Users/node_modules' does not exist, skipping all lookups in it.
Directory '/node_modules' does not exist, skipping all lookups in it.
Searching all ancestor node_modules directories for fallback extensions: JavaScript, JSON.
Directory '/Users/sherrychang/node_modules/@types/node/node_modules' does not exist, skipping all lookups in it.
Directory '/Users/sherrychang/node_modules/@types/node_modules' does not exist, skipping all lookups in it.
File '/Users/sherrychang/node_modules/wasi.js' does not exist.
File '/Users/sherrychang/node_modules/wasi.jsx' does not exist.
Directory '/Users/node_modules' does not exist, skipping all lookups in it.
Directory '/node_modules' does not exist, skipping all lookups in it.
======== Module name 'wasi' was not resolved. ========
======== Resolving module 'node:wasi' from '/Users/sherrychang/node_modules/@types/node/process.d.ts'. ========
Explicitly specified module resolution kind: 'Bundler'.
Resolving in CJS mode with conditions 'import', 'types'.
File '/Users/sherrychang/node_modules/@types/node/package.json' exists according to earlier cached lookups.
Skipping module 'node:wasi' that looks like an absolute URI, target file types: TypeScript, JavaScript, Declaration, JSON.
======== Module name 'node:wasi' was not resolved. ========
======== Resolving module 'worker_threads' from '/Users/sherrychang/node_modules/@types/node/process.d.ts'. ========
Resolution for module 'worker_threads' was found in cache from location '/Users/sherrychang/node_modules/@types/node'.
======== Module name 'worker_threads' was not resolved. ========
======== Resolving module 'zlib' from '/Users/sherrychang/node_modules/@types/node/process.d.ts'. ========
Explicitly specified module resolution kind: 'Bundler'.
Resolving in CJS mode with conditions 'import', 'types'.
File '/Users/sherrychang/node_modules/@types/node/package.json' exists according to earlier cached lookups.
Loading module 'zlib' from 'node_modules' folder, target file types: TypeScript, JavaScript, Declaration, JSON.
Searching all ancestor node_modules directories for preferred extensions: TypeScript, Declaration.
Directory '/Users/sherrychang/node_modules/@types/node/node_modules' does not exist, skipping all lookups in it.
Directory '/Users/sherrychang/node_modules/@types/node_modules' does not exist, skipping all lookups in it.
File '/Users/sherrychang/node_modules/zlib.ts' does not exist.
File '/Users/sherrychang/node_modules/zlib.tsx' does not exist.
File '/Users/sherrychang/node_modules/zlib.d.ts' does not exist.
File '/Users/sherrychang/node_modules/@types/zlib.d.ts' does not exist.
Directory '/Users/node_modules' does not exist, skipping all lookups in it.
Directory '/node_modules' does not exist, skipping all lookups in it.
Searching all ancestor node_modules directories for fallback extensions: JavaScript, JSON.
Directory '/Users/sherrychang/node_modules/@types/node/node_modules' does not exist, skipping all lookups in it.
Directory '/Users/sherrychang/node_modules/@types/node_modules' does not exist, skipping all lookups in it.
File '/Users/sherrychang/node_modules/zlib.js' does not exist.
File '/Users/sherrychang/node_modules/zlib.jsx' does not exist.
Directory '/Users/node_modules' does not exist, skipping all lookups in it.
Directory '/node_modules' does not exist, skipping all lookups in it.
======== Module name 'zlib' was not resolved. ========
======== Resolving module 'node:zlib' from '/Users/sherrychang/node_modules/@types/node/process.d.ts'. ========
Explicitly specified module resolution kind: 'Bundler'.
Resolving in CJS mode with conditions 'import', 'types'.
File '/Users/sherrychang/node_modules/@types/node/package.json' exists according to earlier cached lookups.
Skipping module 'node:zlib' that looks like an absolute URI, target file types: TypeScript, JavaScript, Declaration, JSON.
======== Module name 'node:zlib' was not resolved. ========
File '/Users/sherrychang/node_modules/@types/node/package.json' exists according to earlier cached lookups.
Module 'punycode' was resolved as locally declared ambient module in file '/Users/sherrychang/node_modules/@types/node/punycode.d.ts'.
File '/Users/sherrychang/node_modules/@types/node/package.json' exists according to earlier cached lookups.
Module 'querystring' was resolved as locally declared ambient module in file '/Users/sherrychang/node_modules/@types/node/querystring.d.ts'.
File '/Users/sherrychang/node_modules/@types/node/package.json' exists according to earlier cached lookups.
Module 'readline' was resolved as locally declared ambient module in file '/Users/sherrychang/node_modules/@types/node/readline.d.ts'.
======== Resolving module 'node:events' from '/Users/sherrychang/node_modules/@types/node/readline.d.ts'. ========
Resolution for module 'node:events' was found in cache from location '/Users/sherrychang/node_modules/@types/node'.
======== Module name 'node:events' was not resolved. ========
======== Resolving module 'node:readline/promises' from '/Users/sherrychang/node_modules/@types/node/readline.d.ts'. ========
Resolution for module 'node:readline/promises' was found in cache from location '/Users/sherrychang/node_modules/@types/node'.
======== Module name 'node:readline/promises' was not resolved. ========
File '/Users/sherrychang/node_modules/@types/node/readline/package.json' does not exist.
File '/Users/sherrychang/node_modules/@types/node/package.json' exists according to earlier cached lookups.
Module 'readline/promises' was resolved as locally declared ambient module in file '/Users/sherrychang/node_modules/@types/node/readline/promises.d.ts'.
======== Resolving module 'node:events' from '/Users/sherrychang/node_modules/@types/node/readline/promises.d.ts'. ========
Explicitly specified module resolution kind: 'Bundler'.
Resolving in CJS mode with conditions 'import', 'types'.
File '/Users/sherrychang/node_modules/@types/node/readline/package.json' does not exist according to earlier cached lookups.
File '/Users/sherrychang/node_modules/@types/node/package.json' exists according to earlier cached lookups.
Skipping module 'node:events' that looks like an absolute URI, target file types: TypeScript, JavaScript, Declaration, JSON.
======== Module name 'node:events' was not resolved. ========
======== Resolving module 'node:readline' from '/Users/sherrychang/node_modules/@types/node/readline/promises.d.ts'. ========
Explicitly specified module resolution kind: 'Bundler'.
Resolving in CJS mode with conditions 'import', 'types'.
File '/Users/sherrychang/node_modules/@types/node/readline/package.json' does not exist according to earlier cached lookups.
File '/Users/sherrychang/node_modules/@types/node/package.json' exists according to earlier cached lookups.
Skipping module 'node:readline' that looks like an absolute URI, target file types: TypeScript, JavaScript, Declaration, JSON.
======== Module name 'node:readline' was not resolved. ========
File '/Users/sherrychang/node_modules/@types/node/package.json' exists according to earlier cached lookups.
Module 'repl' was resolved as locally declared ambient module in file '/Users/sherrychang/node_modules/@types/node/repl.d.ts'.
======== Resolving module 'node:readline' from '/Users/sherrychang/node_modules/@types/node/repl.d.ts'. ========
Resolution for module 'node:readline' was found in cache from location '/Users/sherrychang/node_modules/@types/node'.
======== Module name 'node:readline' was not resolved. ========
======== Resolving module 'node:vm' from '/Users/sherrychang/node_modules/@types/node/repl.d.ts'. ========
Resolution for module 'node:vm' was found in cache from location '/Users/sherrychang/node_modules/@types/node'.
======== Module name 'node:vm' was not resolved. ========
======== Resolving module 'node:util' from '/Users/sherrychang/node_modules/@types/node/repl.d.ts'. ========
Resolution for module 'node:util' was found in cache from location '/Users/sherrychang/node_modules/@types/node'.
======== Module name 'node:util' was not resolved. ========
File '/Users/sherrychang/node_modules/@types/node/package.json' exists according to earlier cached lookups.
File '/Users/sherrychang/node_modules/@types/node/package.json' exists according to earlier cached lookups.
File '/Users/sherrychang/node_modules/@types/node/package.json' exists according to earlier cached lookups.
Module 'stream' was resolved as locally declared ambient module in file '/Users/sherrychang/node_modules/@types/node/stream.d.ts'.
======== Resolving module 'node:events' from '/Users/sherrychang/node_modules/@types/node/stream.d.ts'. ========
Resolution for module 'node:events' was found in cache from location '/Users/sherrychang/node_modules/@types/node'.
======== Module name 'node:events' was not resolved. ========
======== Resolving module 'node:buffer' from '/Users/sherrychang/node_modules/@types/node/stream.d.ts'. ========
Resolution for module 'node:buffer' was found in cache from location '/Users/sherrychang/node_modules/@types/node'.
======== Module name 'node:buffer' was not resolved. ========
======== Resolving module 'node:stream/promises' from '/Users/sherrychang/node_modules/@types/node/stream.d.ts'. ========
Resolution for module 'node:stream/promises' was found in cache from location '/Users/sherrychang/node_modules/@types/node'.
======== Module name 'node:stream/promises' was not resolved. ========
======== Resolving module 'node:stream/web' from '/Users/sherrychang/node_modules/@types/node/stream.d.ts'. ========
Resolution for module 'node:stream/web' was found in cache from location '/Users/sherrychang/node_modules/@types/node'.
======== Module name 'node:stream/web' was not resolved. ========
File '/Users/sherrychang/node_modules/@types/node/stream/package.json' does not exist.
File '/Users/sherrychang/node_modules/@types/node/package.json' exists according to earlier cached lookups.
Module 'stream/promises' was resolved as locally declared ambient module in file '/Users/sherrychang/node_modules/@types/node/stream/promises.d.ts'.
======== Resolving module 'node:stream' from '/Users/sherrychang/node_modules/@types/node/stream/promises.d.ts'. ========
Explicitly specified module resolution kind: 'Bundler'.
Resolving in CJS mode with conditions 'import', 'types'.
File '/Users/sherrychang/node_modules/@types/node/stream/package.json' does not exist according to earlier cached lookups.
File '/Users/sherrychang/node_modules/@types/node/package.json' exists according to earlier cached lookups.
Skipping module 'node:stream' that looks like an absolute URI, target file types: TypeScript, JavaScript, Declaration, JSON.
======== Module name 'node:stream' was not resolved. ========
File '/Users/sherrychang/node_modules/@types/node/stream/package.json' does not exist according to earlier cached lookups.
File '/Users/sherrychang/node_modules/@types/node/package.json' exists according to earlier cached lookups.
Module 'stream/consumers' was resolved as locally declared ambient module in file '/Users/sherrychang/node_modules/@types/node/stream/consumers.d.ts'.
======== Resolving module 'node:buffer' from '/Users/sherrychang/node_modules/@types/node/stream/consumers.d.ts'. ========
Explicitly specified module resolution kind: 'Bundler'.
Resolving in CJS mode with conditions 'import', 'types'.
File '/Users/sherrychang/node_modules/@types/node/stream/package.json' does not exist according to earlier cached lookups.
File '/Users/sherrychang/node_modules/@types/node/package.json' exists according to earlier cached lookups.
Skipping module 'node:buffer' that looks like an absolute URI, target file types: TypeScript, JavaScript, Declaration, JSON.
======== Module name 'node:buffer' was not resolved. ========
======== Resolving module 'node:stream' from '/Users/sherrychang/node_modules/@types/node/stream/consumers.d.ts'. ========
Resolution for module 'node:stream' was found in cache from location '/Users/sherrychang/node_modules/@types/node/stream'.
======== Module name 'node:stream' was not resolved. ========
File '/Users/sherrychang/node_modules/@types/node/stream/package.json' does not exist according to earlier cached lookups.
File '/Users/sherrychang/node_modules/@types/node/package.json' exists according to earlier cached lookups.
Module 'stream/web' was resolved as locally declared ambient module in file '/Users/sherrychang/node_modules/@types/node/stream/web.d.ts'.
Module 'stream/web' was resolved as locally declared ambient module in file '/Users/sherrychang/node_modules/@types/node/stream/web.d.ts'.
Module 'stream/web' was resolved as locally declared ambient module in file '/Users/sherrychang/node_modules/@types/node/stream/web.d.ts'.
Module 'stream/web' was resolved as locally declared ambient module in file '/Users/sherrychang/node_modules/@types/node/stream/web.d.ts'.
Module 'stream/web' was resolved as locally declared ambient module in file '/Users/sherrychang/node_modules/@types/node/stream/web.d.ts'.
Module 'stream/web' was resolved as locally declared ambient module in file '/Users/sherrychang/node_modules/@types/node/stream/web.d.ts'.
Module 'stream/web' was resolved as locally declared ambient module in file '/Users/sherrychang/node_modules/@types/node/stream/web.d.ts'.
Module 'stream/web' was resolved as locally declared ambient module in file '/Users/sherrychang/node_modules/@types/node/stream/web.d.ts'.
Module 'stream/web' was resolved as locally declared ambient module in file '/Users/sherrychang/node_modules/@types/node/stream/web.d.ts'.
Module 'stream/web' was resolved as locally declared ambient module in file '/Users/sherrychang/node_modules/@types/node/stream/web.d.ts'.
Module 'stream/web' was resolved as locally declared ambient module in file '/Users/sherrychang/node_modules/@types/node/stream/web.d.ts'.
Module 'stream/web' was resolved as locally declared ambient module in file '/Users/sherrychang/node_modules/@types/node/stream/web.d.ts'.
Module 'stream/web' was resolved as locally declared ambient module in file '/Users/sherrychang/node_modules/@types/node/stream/web.d.ts'.
Module 'stream/web' was resolved as locally declared ambient module in file '/Users/sherrychang/node_modules/@types/node/stream/web.d.ts'.
Module 'stream/web' was resolved as locally declared ambient module in file '/Users/sherrychang/node_modules/@types/node/stream/web.d.ts'.
Module 'stream/web' was resolved as locally declared ambient module in file '/Users/sherrychang/node_modules/@types/node/stream/web.d.ts'.
Module 'stream/web' was resolved as locally declared ambient module in file '/Users/sherrychang/node_modules/@types/node/stream/web.d.ts'.
Module 'stream/web' was resolved as locally declared ambient module in file '/Users/sherrychang/node_modules/@types/node/stream/web.d.ts'.
Module 'stream/web' was resolved as locally declared ambient module in file '/Users/sherrychang/node_modules/@types/node/stream/web.d.ts'.
Module 'stream/web' was resolved as locally declared ambient module in file '/Users/sherrychang/node_modules/@types/node/stream/web.d.ts'.
Module 'stream/web' was resolved as locally declared ambient module in file '/Users/sherrychang/node_modules/@types/node/stream/web.d.ts'.
Module 'stream/web' was resolved as locally declared ambient module in file '/Users/sherrychang/node_modules/@types/node/stream/web.d.ts'.
Module 'stream/web' was resolved as locally declared ambient module in file '/Users/sherrychang/node_modules/@types/node/stream/web.d.ts'.
Module 'stream/web' was resolved as locally declared ambient module in file '/Users/sherrychang/node_modules/@types/node/stream/web.d.ts'.
Module 'stream/web' was resolved as locally declared ambient module in file '/Users/sherrychang/node_modules/@types/node/stream/web.d.ts'.
Module 'stream/web' was resolved as locally declared ambient module in file '/Users/sherrychang/node_modules/@types/node/stream/web.d.ts'.
Module 'stream/web' was resolved as locally declared ambient module in file '/Users/sherrychang/node_modules/@types/node/stream/web.d.ts'.
Module 'stream/web' was resolved as locally declared ambient module in file '/Users/sherrychang/node_modules/@types/node/stream/web.d.ts'.
Module 'stream/web' was resolved as locally declared ambient module in file '/Users/sherrychang/node_modules/@types/node/stream/web.d.ts'.
Module 'stream/web' was resolved as locally declared ambient module in file '/Users/sherrychang/node_modules/@types/node/stream/web.d.ts'.
Module 'stream/web' was resolved as locally declared ambient module in file '/Users/sherrychang/node_modules/@types/node/stream/web.d.ts'.
Module 'stream/web' was resolved as locally declared ambient module in file '/Users/sherrychang/node_modules/@types/node/stream/web.d.ts'.
Module 'stream/web' was resolved as locally declared ambient module in file '/Users/sherrychang/node_modules/@types/node/stream/web.d.ts'.
Module 'stream/web' was resolved as locally declared ambient module in file '/Users/sherrychang/node_modules/@types/node/stream/web.d.ts'.
Module 'stream/web' was resolved as locally declared ambient module in file '/Users/sherrychang/node_modules/@types/node/stream/web.d.ts'.
File '/Users/sherrychang/node_modules/@types/node/package.json' exists according to earlier cached lookups.
Module 'string_decoder' was resolved as locally declared ambient module in file '/Users/sherrychang/node_modules/@types/node/string_decoder.d.ts'.
File '/Users/sherrychang/node_modules/@types/node/package.json' exists according to earlier cached lookups.
======== Resolving module 'node:stream' from '/Users/sherrychang/node_modules/@types/node/test.d.ts'. ========
Resolution for module 'node:stream' was found in cache from location '/Users/sherrychang/node_modules/@types/node'.
======== Module name 'node:stream' was not resolved. ========
======== Resolving module 'assert' from '/Users/sherrychang/node_modules/@types/node/test.d.ts'. ========
Resolution for module 'assert' was found in cache from location '/Users/sherrychang/node_modules/@types/node'.
======== Module name 'assert' was not resolved. ========
File '/Users/sherrychang/node_modules/@types/node/package.json' exists according to earlier cached lookups.
Module 'timers' was resolved as locally declared ambient module in file '/Users/sherrychang/node_modules/@types/node/timers.d.ts'.
======== Resolving module 'node:events' from '/Users/sherrychang/node_modules/@types/node/timers.d.ts'. ========
Resolution for module 'node:events' was found in cache from location '/Users/sherrychang/node_modules/@types/node'.
======== Module name 'node:events' was not resolved. ========
======== Resolving module 'node:timers/promises' from '/Users/sherrychang/node_modules/@types/node/timers.d.ts'. ========
Resolution for module 'node:timers/promises' was found in cache from location '/Users/sherrychang/node_modules/@types/node'.
======== Module name 'node:timers/promises' was not resolved. ========
File '/Users/sherrychang/node_modules/@types/node/timers/package.json' does not exist.
File '/Users/sherrychang/node_modules/@types/node/package.json' exists according to earlier cached lookups.
Module 'timers/promises' was resolved as locally declared ambient module in file '/Users/sherrychang/node_modules/@types/node/timers/promises.d.ts'.
======== Resolving module 'node:timers' from '/Users/sherrychang/node_modules/@types/node/timers/promises.d.ts'. ========
Explicitly specified module resolution kind: 'Bundler'.
Resolving in CJS mode with conditions 'import', 'types'.
File '/Users/sherrychang/node_modules/@types/node/timers/package.json' does not exist according to earlier cached lookups.
File '/Users/sherrychang/node_modules/@types/node/package.json' exists according to earlier cached lookups.
Skipping module 'node:timers' that looks like an absolute URI, target file types: TypeScript, JavaScript, Declaration, JSON.
======== Module name 'node:timers' was not resolved. ========
File '/Users/sherrychang/node_modules/@types/node/package.json' exists according to earlier cached lookups.
Module 'tls' was resolved as locally declared ambient module in file '/Users/sherrychang/node_modules/@types/node/tls.d.ts'.
======== Resolving module 'node:crypto' from '/Users/sherrychang/node_modules/@types/node/tls.d.ts'. ========
Resolution for module 'node:crypto' was found in cache from location '/Users/sherrychang/node_modules/@types/node'.
======== Module name 'node:crypto' was not resolved. ========
======== Resolving module 'node:net' from '/Users/sherrychang/node_modules/@types/node/tls.d.ts'. ========
Resolution for module 'node:net' was found in cache from location '/Users/sherrychang/node_modules/@types/node'.
======== Module name 'node:net' was not resolved. ========
======== Resolving module 'stream' from '/Users/sherrychang/node_modules/@types/node/tls.d.ts'. ========
Resolution for module 'stream' was found in cache from location '/Users/sherrychang/node_modules/@types/node'.
======== Module name 'stream' was not resolved. ========
File '/Users/sherrychang/node_modules/@types/node/package.json' exists according to earlier cached lookups.
Module 'trace_events' was resolved as locally declared ambient module in file '/Users/sherrychang/node_modules/@types/node/trace_events.d.ts'.
File '/Users/sherrychang/node_modules/@types/node/package.json' exists according to earlier cached lookups.
Module 'tty' was resolved as locally declared ambient module in file '/Users/sherrychang/node_modules/@types/node/tty.d.ts'.
======== Resolving module 'node:net' from '/Users/sherrychang/node_modules/@types/node/tty.d.ts'. ========
Resolution for module 'node:net' was found in cache from location '/Users/sherrychang/node_modules/@types/node'.
======== Module name 'node:net' was not resolved. ========
File '/Users/sherrychang/node_modules/@types/node/package.json' exists according to earlier cached lookups.
Module 'url' was resolved as locally declared ambient module in file '/Users/sherrychang/node_modules/@types/node/url.d.ts'.
Module 'url' was resolved as locally declared ambient module in file '/Users/sherrychang/node_modules/@types/node/url.d.ts'.
======== Resolving module 'node:buffer' from '/Users/sherrychang/node_modules/@types/node/url.d.ts'. ========
Resolution for module 'node:buffer' was found in cache from location '/Users/sherrychang/node_modules/@types/node'.
======== Module name 'node:buffer' was not resolved. ========
======== Resolving module 'node:http' from '/Users/sherrychang/node_modules/@types/node/url.d.ts'. ========
Resolution for module 'node:http' was found in cache from location '/Users/sherrychang/node_modules/@types/node'.
======== Module name 'node:http' was not resolved. ========
======== Resolving module 'node:querystring' from '/Users/sherrychang/node_modules/@types/node/url.d.ts'. ========
Resolution for module 'node:querystring' was found in cache from location '/Users/sherrychang/node_modules/@types/node'.
======== Module name 'node:querystring' was not resolved. ========
File '/Users/sherrychang/node_modules/@types/node/package.json' exists according to earlier cached lookups.
Module 'node:util/types' was resolved as locally declared ambient module in file '/Users/sherrychang/node_modules/@types/node/util.d.ts'.
Module 'util' was resolved as locally declared ambient module in file '/Users/sherrychang/node_modules/@types/node/util.d.ts'.
Module 'util' was resolved as locally declared ambient module in file '/Users/sherrychang/node_modules/@types/node/util.d.ts'.
Module 'util/types' was resolved as locally declared ambient module in file '/Users/sherrychang/node_modules/@types/node/util.d.ts'.
======== Resolving module 'node:crypto' from '/Users/sherrychang/node_modules/@types/node/util.d.ts'. ========
Resolution for module 'node:crypto' was found in cache from location '/Users/sherrychang/node_modules/@types/node'.
======== Module name 'node:crypto' was not resolved. ========
File '/Users/sherrychang/node_modules/@types/node/package.json' exists according to earlier cached lookups.
Module 'v8' was resolved as locally declared ambient module in file '/Users/sherrychang/node_modules/@types/node/v8.d.ts'.
======== Resolving module 'node:stream' from '/Users/sherrychang/node_modules/@types/node/v8.d.ts'. ========
Resolution for module 'node:stream' was found in cache from location '/Users/sherrychang/node_modules/@types/node'.
======== Module name 'node:stream' was not resolved. ========
File '/Users/sherrychang/node_modules/@types/node/package.json' exists according to earlier cached lookups.
Module 'vm' was resolved as locally declared ambient module in file '/Users/sherrychang/node_modules/@types/node/vm.d.ts'.
======== Resolving module 'node:module' from '/Users/sherrychang/node_modules/@types/node/vm.d.ts'. ========
Resolution for module 'node:module' was found in cache from location '/Users/sherrychang/node_modules/@types/node'.
======== Module name 'node:module' was not resolved. ========
File '/Users/sherrychang/node_modules/@types/node/package.json' exists according to earlier cached lookups.
Module 'wasi' was resolved as locally declared ambient module in file '/Users/sherrychang/node_modules/@types/node/wasi.d.ts'.
File '/Users/sherrychang/node_modules/@types/node/package.json' exists according to earlier cached lookups.
Module 'worker_threads' was resolved as locally declared ambient module in file '/Users/sherrychang/node_modules/@types/node/worker_threads.d.ts'.
Module 'worker_threads' was resolved as locally declared ambient module in file '/Users/sherrychang/node_modules/@types/node/worker_threads.d.ts'.
======== Resolving module 'node:buffer' from '/Users/sherrychang/node_modules/@types/node/worker_threads.d.ts'. ========
Resolution for module 'node:buffer' was found in cache from location '/Users/sherrychang/node_modules/@types/node'.
======== Module name 'node:buffer' was not resolved. ========
======== Resolving module 'node:vm' from '/Users/sherrychang/node_modules/@types/node/worker_threads.d.ts'. ========
Resolution for module 'node:vm' was found in cache from location '/Users/sherrychang/node_modules/@types/node'.
======== Module name 'node:vm' was not resolved. ========
======== Resolving module 'node:events' from '/Users/sherrychang/node_modules/@types/node/worker_threads.d.ts'. ========
Resolution for module 'node:events' was found in cache from location '/Users/sherrychang/node_modules/@types/node'.
======== Module name 'node:events' was not resolved. ========
======== Resolving module 'node:perf_hooks' from '/Users/sherrychang/node_modules/@types/node/worker_threads.d.ts'. ========
Resolution for module 'node:perf_hooks' was found in cache from location '/Users/sherrychang/node_modules/@types/node'.
======== Module name 'node:perf_hooks' was not resolved. ========
======== Resolving module 'node:fs/promises' from '/Users/sherrychang/node_modules/@types/node/worker_threads.d.ts'. ========
Resolution for module 'node:fs/promises' was found in cache from location '/Users/sherrychang/node_modules/@types/node'.
======== Module name 'node:fs/promises' was not resolved. ========
======== Resolving module 'node:stream' from '/Users/sherrychang/node_modules/@types/node/worker_threads.d.ts'. ========
Resolution for module 'node:stream' was found in cache from location '/Users/sherrychang/node_modules/@types/node'.
======== Module name 'node:stream' was not resolved. ========
======== Resolving module 'node:url' from '/Users/sherrychang/node_modules/@types/node/worker_threads.d.ts'. ========
Resolution for module 'node:url' was found in cache from location '/Users/sherrychang/node_modules/@types/node'.
======== Module name 'node:url' was not resolved. ========
======== Resolving module 'node:crypto' from '/Users/sherrychang/node_modules/@types/node/worker_threads.d.ts'. ========
Resolution for module 'node:crypto' was found in cache from location '/Users/sherrychang/node_modules/@types/node'.
======== Module name 'node:crypto' was not resolved. ========
File '/Users/sherrychang/node_modules/@types/node/package.json' exists according to earlier cached lookups.
Module 'zlib' was resolved as locally declared ambient module in file '/Users/sherrychang/node_modules/@types/node/zlib.d.ts'.
======== Resolving module 'node:stream' from '/Users/sherrychang/node_modules/@types/node/zlib.d.ts'. ========
Resolution for module 'node:stream' was found in cache from location '/Users/sherrychang/node_modules/@types/node'.
======== Module name 'node:stream' was not resolved. ========
======== Resolving module '@typescript/lib-es2020' from '/Users/sherrychang/Documents/viridis-extension/__lib_node_modules_lookup_lib.es2020.d.ts__.ts'. ========
Explicitly specified module resolution kind: 'Node10'.
Loading module '@typescript/lib-es2020' from 'node_modules' folder, target file types: TypeScript, Declaration.
Searching all ancestor node_modules directories for preferred extensions: TypeScript, Declaration.
Scoped package detected, looking in 'typescript__lib-es2020'
File '/Users/sherrychang/Documents/viridis-extension/node_modules/@types/typescript__lib-es2020.d.ts' does not exist.
Directory '/Users/sherrychang/Documents/node_modules' does not exist, skipping all lookups in it.
Scoped package detected, looking in 'typescript__lib-es2020'
Scoped package detected, looking in 'typescript__lib-es2020'
File '/Users/sherrychang/node_modules/@types/typescript__lib-es2020.d.ts' does not exist.
Directory '/Users/node_modules' does not exist, skipping all lookups in it.
Scoped package detected, looking in 'typescript__lib-es2020'
Directory '/node_modules' does not exist, skipping all lookups in it.
Scoped package detected, looking in 'typescript__lib-es2020'
Loading module '@typescript/lib-es2020' from 'node_modules' folder, target file types: JavaScript.
Searching all ancestor node_modules directories for fallback extensions: JavaScript.
Directory '/Users/sherrychang/Documents/node_modules' does not exist, skipping all lookups in it.
Directory '/Users/node_modules' does not exist, skipping all lookups in it.
Directory '/node_modules' does not exist, skipping all lookups in it.
======== Module name '@typescript/lib-es2020' was not resolved. ========
File '/Users/sherrychang/Documents/viridis-extension/node_modules/typescript/lib/package.json' does not exist.
Found 'package.json' at '/Users/sherrychang/Documents/viridis-extension/node_modules/typescript/package.json'.
======== Resolving module '@typescript/lib-es2019' from '/Users/sherrychang/Documents/viridis-extension/__lib_node_modules_lookup_lib.es2019.d.ts__.ts'. ========
Explicitly specified module resolution kind: 'Node10'.
Loading module '@typescript/lib-es2019' from 'node_modules' folder, target file types: TypeScript, Declaration.
Searching all ancestor node_modules directories for preferred extensions: TypeScript, Declaration.
Scoped package detected, looking in 'typescript__lib-es2019'
File '/Users/sherrychang/Documents/viridis-extension/node_modules/@types/typescript__lib-es2019.d.ts' does not exist.
Directory '/Users/sherrychang/Documents/node_modules' does not exist, skipping all lookups in it.
Scoped package detected, looking in 'typescript__lib-es2019'
Scoped package detected, looking in 'typescript__lib-es2019'
File '/Users/sherrychang/node_modules/@types/typescript__lib-es2019.d.ts' does not exist.
Directory '/Users/node_modules' does not exist, skipping all lookups in it.
Scoped package detected, looking in 'typescript__lib-es2019'
Directory '/node_modules' does not exist, skipping all lookups in it.
Scoped package detected, looking in 'typescript__lib-es2019'
Loading module '@typescript/lib-es2019' from 'node_modules' folder, target file types: JavaScript.
Searching all ancestor node_modules directories for fallback extensions: JavaScript.
Directory '/Users/sherrychang/Documents/node_modules' does not exist, skipping all lookups in it.
Directory '/Users/node_modules' does not exist, skipping all lookups in it.
Directory '/node_modules' does not exist, skipping all lookups in it.
======== Module name '@typescript/lib-es2019' was not resolved. ========
File '/Users/sherrychang/Documents/viridis-extension/node_modules/typescript/lib/package.json' does not exist according to earlier cached lookups.
File '/Users/sherrychang/Documents/viridis-extension/node_modules/typescript/package.json' exists according to earlier cached lookups.
======== Resolving module '@typescript/lib-es2018' from '/Users/sherrychang/Documents/viridis-extension/__lib_node_modules_lookup_lib.es2018.d.ts__.ts'. ========
Explicitly specified module resolution kind: 'Node10'.
Loading module '@typescript/lib-es2018' from 'node_modules' folder, target file types: TypeScript, Declaration.
Searching all ancestor node_modules directories for preferred extensions: TypeScript, Declaration.
Scoped package detected, looking in 'typescript__lib-es2018'
File '/Users/sherrychang/Documents/viridis-extension/node_modules/@types/typescript__lib-es2018.d.ts' does not exist.
Directory '/Users/sherrychang/Documents/node_modules' does not exist, skipping all lookups in it.
Scoped package detected, looking in 'typescript__lib-es2018'
Scoped package detected, looking in 'typescript__lib-es2018'
File '/Users/sherrychang/node_modules/@types/typescript__lib-es2018.d.ts' does not exist.
Directory '/Users/node_modules' does not exist, skipping all lookups in it.
Scoped package detected, looking in 'typescript__lib-es2018'
Directory '/node_modules' does not exist, skipping all lookups in it.
Scoped package detected, looking in 'typescript__lib-es2018'
Loading module '@typescript/lib-es2018' from 'node_modules' folder, target file types: JavaScript.
Searching all ancestor node_modules directories for fallback extensions: JavaScript.
Directory '/Users/sherrychang/Documents/node_modules' does not exist, skipping all lookups in it.
Directory '/Users/node_modules' does not exist, skipping all lookups in it.
Directory '/node_modules' does not exist, skipping all lookups in it.
======== Module name '@typescript/lib-es2018' was not resolved. ========
File '/Users/sherrychang/Documents/viridis-extension/node_modules/typescript/lib/package.json' does not exist according to earlier cached lookups.
File '/Users/sherrychang/Documents/viridis-extension/node_modules/typescript/package.json' exists according to earlier cached lookups.
======== Resolving module '@typescript/lib-es2017' from '/Users/sherrychang/Documents/viridis-extension/__lib_node_modules_lookup_lib.es2017.d.ts__.ts'. ========
Explicitly specified module resolution kind: 'Node10'.
Loading module '@typescript/lib-es2017' from 'node_modules' folder, target file types: TypeScript, Declaration.
Searching all ancestor node_modules directories for preferred extensions: TypeScript, Declaration.
Scoped package detected, looking in 'typescript__lib-es2017'
File '/Users/sherrychang/Documents/viridis-extension/node_modules/@types/typescript__lib-es2017.d.ts' does not exist.
Directory '/Users/sherrychang/Documents/node_modules' does not exist, skipping all lookups in it.
Scoped package detected, looking in 'typescript__lib-es2017'
Scoped package detected, looking in 'typescript__lib-es2017'
File '/Users/sherrychang/node_modules/@types/typescript__lib-es2017.d.ts' does not exist.
Directory '/Users/node_modules' does not exist, skipping all lookups in it.
Scoped package detected, looking in 'typescript__lib-es2017'
Directory '/node_modules' does not exist, skipping all lookups in it.
Scoped package detected, looking in 'typescript__lib-es2017'
Loading module '@typescript/lib-es2017' from 'node_modules' folder, target file types: JavaScript.
Searching all ancestor node_modules directories for fallback extensions: JavaScript.
Directory '/Users/sherrychang/Documents/node_modules' does not exist, skipping all lookups in it.
Directory '/Users/node_modules' does not exist, skipping all lookups in it.
Directory '/node_modules' does not exist, skipping all lookups in it.
======== Module name '@typescript/lib-es2017' was not resolved. ========
File '/Users/sherrychang/Documents/viridis-extension/node_modules/typescript/lib/package.json' does not exist according to earlier cached lookups.
File '/Users/sherrychang/Documents/viridis-extension/node_modules/typescript/package.json' exists according to earlier cached lookups.
======== Resolving module '@typescript/lib-es2016' from '/Users/sherrychang/Documents/viridis-extension/__lib_node_modules_lookup_lib.es2016.d.ts__.ts'. ========
Explicitly specified module resolution kind: 'Node10'.
Loading module '@typescript/lib-es2016' from 'node_modules' folder, target file types: TypeScript, Declaration.
Searching all ancestor node_modules directories for preferred extensions: TypeScript, Declaration.
Scoped package detected, looking in 'typescript__lib-es2016'
File '/Users/sherrychang/Documents/viridis-extension/node_modules/@types/typescript__lib-es2016.d.ts' does not exist.
Directory '/Users/sherrychang/Documents/node_modules' does not exist, skipping all lookups in it.
Scoped package detected, looking in 'typescript__lib-es2016'
Scoped package detected, looking in 'typescript__lib-es2016'
File '/Users/sherrychang/node_modules/@types/typescript__lib-es2016.d.ts' does not exist.
Directory '/Users/node_modules' does not exist, skipping all lookups in it.
Scoped package detected, looking in 'typescript__lib-es2016'
Directory '/node_modules' does not exist, skipping all lookups in it.
Scoped package detected, looking in 'typescript__lib-es2016'
Loading module '@typescript/lib-es2016' from 'node_modules' folder, target file types: JavaScript.
Searching all ancestor node_modules directories for fallback extensions: JavaScript.
Directory '/Users/sherrychang/Documents/node_modules' does not exist, skipping all lookups in it.
Directory '/Users/node_modules' does not exist, skipping all lookups in it.
Directory '/node_modules' does not exist, skipping all lookups in it.
======== Module name '@typescript/lib-es2016' was not resolved. ========
File '/Users/sherrychang/Documents/viridis-extension/node_modules/typescript/lib/package.json' does not exist according to earlier cached lookups.
File '/Users/sherrychang/Documents/viridis-extension/node_modules/typescript/package.json' exists according to earlier cached lookups.
======== Resolving module '@typescript/lib-es2015' from '/Users/sherrychang/Documents/viridis-extension/__lib_node_modules_lookup_lib.es2015.d.ts__.ts'. ========
Explicitly specified module resolution kind: 'Node10'.
Loading module '@typescript/lib-es2015' from 'node_modules' folder, target file types: TypeScript, Declaration.
Searching all ancestor node_modules directories for preferred extensions: TypeScript, Declaration.
Scoped package detected, looking in 'typescript__lib-es2015'
File '/Users/sherrychang/Documents/viridis-extension/node_modules/@types/typescript__lib-es2015.d.ts' does not exist.
Directory '/Users/sherrychang/Documents/node_modules' does not exist, skipping all lookups in it.
Scoped package detected, looking in 'typescript__lib-es2015'
Scoped package detected, looking in 'typescript__lib-es2015'
File '/Users/sherrychang/node_modules/@types/typescript__lib-es2015.d.ts' does not exist.
Directory '/Users/node_modules' does not exist, skipping all lookups in it.
Scoped package detected, looking in 'typescript__lib-es2015'
Directory '/node_modules' does not exist, skipping all lookups in it.
Scoped package detected, looking in 'typescript__lib-es2015'
Loading module '@typescript/lib-es2015' from 'node_modules' folder, target file types: JavaScript.
Searching all ancestor node_modules directories for fallback extensions: JavaScript.
Directory '/Users/sherrychang/Documents/node_modules' does not exist, skipping all lookups in it.
Directory '/Users/node_modules' does not exist, skipping all lookups in it.
Directory '/node_modules' does not exist, skipping all lookups in it.
======== Module name '@typescript/lib-es2015' was not resolved. ========
File '/Users/sherrychang/Documents/viridis-extension/node_modules/typescript/lib/package.json' does not exist according to earlier cached lookups.
File '/Users/sherrychang/Documents/viridis-extension/node_modules/typescript/package.json' exists according to earlier cached lookups.
======== Resolving module '@typescript/lib-es5' from '/Users/sherrychang/Documents/viridis-extension/__lib_node_modules_lookup_lib.es5.d.ts__.ts'. ========
Explicitly specified module resolution kind: 'Node10'.
Loading module '@typescript/lib-es5' from 'node_modules' folder, target file types: TypeScript, Declaration.
Searching all ancestor node_modules directories for preferred extensions: TypeScript, Declaration.
Scoped package detected, looking in 'typescript__lib-es5'
File '/Users/sherrychang/Documents/viridis-extension/node_modules/@types/typescript__lib-es5.d.ts' does not exist.
Directory '/Users/sherrychang/Documents/node_modules' does not exist, skipping all lookups in it.
Scoped package detected, looking in 'typescript__lib-es5'
Scoped package detected, looking in 'typescript__lib-es5'
File '/Users/sherrychang/node_modules/@types/typescript__lib-es5.d.ts' does not exist.
Directory '/Users/node_modules' does not exist, skipping all lookups in it.
Scoped package detected, looking in 'typescript__lib-es5'
Directory '/node_modules' does not exist, skipping all lookups in it.
Scoped package detected, looking in 'typescript__lib-es5'
Loading module '@typescript/lib-es5' from 'node_modules' folder, target file types: JavaScript.
Searching all ancestor node_modules directories for fallback extensions: JavaScript.
Directory '/Users/sherrychang/Documents/node_modules' does not exist, skipping all lookups in it.
Directory '/Users/node_modules' does not exist, skipping all lookups in it.
Directory '/node_modules' does not exist, skipping all lookups in it.
======== Module name '@typescript/lib-es5' was not resolved. ========
File '/Users/sherrychang/Documents/viridis-extension/node_modules/typescript/lib/package.json' does not exist according to earlier cached lookups.
File '/Users/sherrychang/Documents/viridis-extension/node_modules/typescript/package.json' exists according to earlier cached lookups.
======== Resolving module '@typescript/lib-decorators' from '/Users/sherrychang/Documents/viridis-extension/__lib_node_modules_lookup_lib.decorators.d.ts__.ts'. ========
Explicitly specified module resolution kind: 'Node10'.
Loading module '@typescript/lib-decorators' from 'node_modules' folder, target file types: TypeScript, Declaration.
Searching all ancestor node_modules directories for preferred extensions: TypeScript, Declaration.
Scoped package detected, looking in 'typescript__lib-decorators'
File '/Users/sherrychang/Documents/viridis-extension/node_modules/@types/typescript__lib-decorators.d.ts' does not exist.
Directory '/Users/sherrychang/Documents/node_modules' does not exist, skipping all lookups in it.
Scoped package detected, looking in 'typescript__lib-decorators'
Scoped package detected, looking in 'typescript__lib-decorators'
File '/Users/sherrychang/node_modules/@types/typescript__lib-decorators.d.ts' does not exist.
Directory '/Users/node_modules' does not exist, skipping all lookups in it.
Scoped package detected, looking in 'typescript__lib-decorators'
Directory '/node_modules' does not exist, skipping all lookups in it.
Scoped package detected, looking in 'typescript__lib-decorators'
Loading module '@typescript/lib-decorators' from 'node_modules' folder, target file types: JavaScript.
Searching all ancestor node_modules directories for fallback extensions: JavaScript.
Directory '/Users/sherrychang/Documents/node_modules' does not exist, skipping all lookups in it.
Directory '/Users/node_modules' does not exist, skipping all lookups in it.
Directory '/node_modules' does not exist, skipping all lookups in it.
======== Module name '@typescript/lib-decorators' was not resolved. ========
File '/Users/sherrychang/Documents/viridis-extension/node_modules/typescript/lib/package.json' does not exist according to earlier cached lookups.
File '/Users/sherrychang/Documents/viridis-extension/node_modules/typescript/package.json' exists according to earlier cached lookups.
======== Resolving module '@typescript/lib-decorators/legacy' from '/Users/sherrychang/Documents/viridis-extension/__lib_node_modules_lookup_lib.decorators.legacy.d.ts__.ts'. ========
Explicitly specified module resolution kind: 'Node10'.
Loading module '@typescript/lib-decorators/legacy' from 'node_modules' folder, target file types: TypeScript, Declaration.
Searching all ancestor node_modules directories for preferred extensions: TypeScript, Declaration.
Scoped package detected, looking in 'typescript__lib-decorators/legacy'
Directory '/Users/sherrychang/Documents/node_modules' does not exist, skipping all lookups in it.
Scoped package detected, looking in 'typescript__lib-decorators/legacy'
Scoped package detected, looking in 'typescript__lib-decorators/legacy'
Directory '/Users/node_modules' does not exist, skipping all lookups in it.
Scoped package detected, looking in 'typescript__lib-decorators/legacy'
Directory '/node_modules' does not exist, skipping all lookups in it.
Scoped package detected, looking in 'typescript__lib-decorators/legacy'
Loading module '@typescript/lib-decorators/legacy' from 'node_modules' folder, target file types: JavaScript.
Searching all ancestor node_modules directories for fallback extensions: JavaScript.
Directory '/Users/sherrychang/Documents/node_modules' does not exist, skipping all lookups in it.
Directory '/Users/node_modules' does not exist, skipping all lookups in it.
Directory '/node_modules' does not exist, skipping all lookups in it.
======== Module name '@typescript/lib-decorators/legacy' was not resolved. ========
File '/Users/sherrychang/Documents/viridis-extension/node_modules/typescript/lib/package.json' does not exist according to earlier cached lookups.
File '/Users/sherrychang/Documents/viridis-extension/node_modules/typescript/package.json' exists according to earlier cached lookups.
======== Resolving module '@typescript/lib-es2015/core' from '/Users/sherrychang/Documents/viridis-extension/__lib_node_modules_lookup_lib.es2015.core.d.ts__.ts'. ========
Explicitly specified module resolution kind: 'Node10'.
Loading module '@typescript/lib-es2015/core' from 'node_modules' folder, target file types: TypeScript, Declaration.
Searching all ancestor node_modules directories for preferred extensions: TypeScript, Declaration.
Scoped package detected, looking in 'typescript__lib-es2015/core'
Directory '/Users/sherrychang/Documents/node_modules' does not exist, skipping all lookups in it.
Scoped package detected, looking in 'typescript__lib-es2015/core'
Scoped package detected, looking in 'typescript__lib-es2015/core'
Directory '/Users/node_modules' does not exist, skipping all lookups in it.
Scoped package detected, looking in 'typescript__lib-es2015/core'
Directory '/node_modules' does not exist, skipping all lookups in it.
Scoped package detected, looking in 'typescript__lib-es2015/core'
Loading module '@typescript/lib-es2015/core' from 'node_modules' folder, target file types: JavaScript.
Searching all ancestor node_modules directories for fallback extensions: JavaScript.
Directory '/Users/sherrychang/Documents/node_modules' does not exist, skipping all lookups in it.
Directory '/Users/node_modules' does not exist, skipping all lookups in it.
Directory '/node_modules' does not exist, skipping all lookups in it.
======== Module name '@typescript/lib-es2015/core' was not resolved. ========
File '/Users/sherrychang/Documents/viridis-extension/node_modules/typescript/lib/package.json' does not exist according to earlier cached lookups.
File '/Users/sherrychang/Documents/viridis-extension/node_modules/typescript/package.json' exists according to earlier cached lookups.
======== Resolving module '@typescript/lib-es2015/collection' from '/Users/sherrychang/Documents/viridis-extension/__lib_node_modules_lookup_lib.es2015.collection.d.ts__.ts'. ========
Explicitly specified module resolution kind: 'Node10'.
Loading module '@typescript/lib-es2015/collection' from 'node_modules' folder, target file types: TypeScript, Declaration.
Searching all ancestor node_modules directories for preferred extensions: TypeScript, Declaration.
Scoped package detected, looking in 'typescript__lib-es2015/collection'
Directory '/Users/sherrychang/Documents/node_modules' does not exist, skipping all lookups in it.
Scoped package detected, looking in 'typescript__lib-es2015/collection'
Scoped package detected, looking in 'typescript__lib-es2015/collection'
Directory '/Users/node_modules' does not exist, skipping all lookups in it.
Scoped package detected, looking in 'typescript__lib-es2015/collection'
Directory '/node_modules' does not exist, skipping all lookups in it.
Scoped package detected, looking in 'typescript__lib-es2015/collection'
Loading module '@typescript/lib-es2015/collection' from 'node_modules' folder, target file types: JavaScript.
Searching all ancestor node_modules directories for fallback extensions: JavaScript.
Directory '/Users/sherrychang/Documents/node_modules' does not exist, skipping all lookups in it.
Directory '/Users/node_modules' does not exist, skipping all lookups in it.
Directory '/node_modules' does not exist, skipping all lookups in it.
======== Module name '@typescript/lib-es2015/collection' was not resolved. ========
File '/Users/sherrychang/Documents/viridis-extension/node_modules/typescript/lib/package.json' does not exist according to earlier cached lookups.
File '/Users/sherrychang/Documents/viridis-extension/node_modules/typescript/package.json' exists according to earlier cached lookups.
======== Resolving module '@typescript/lib-es2015/iterable' from '/Users/sherrychang/Documents/viridis-extension/__lib_node_modules_lookup_lib.es2015.iterable.d.ts__.ts'. ========
Explicitly specified module resolution kind: 'Node10'.
Loading module '@typescript/lib-es2015/iterable' from 'node_modules' folder, target file types: TypeScript, Declaration.
Searching all ancestor node_modules directories for preferred extensions: TypeScript, Declaration.
Scoped package detected, looking in 'typescript__lib-es2015/iterable'
Directory '/Users/sherrychang/Documents/node_modules' does not exist, skipping all lookups in it.
Scoped package detected, looking in 'typescript__lib-es2015/iterable'
Scoped package detected, looking in 'typescript__lib-es2015/iterable'
Directory '/Users/node_modules' does not exist, skipping all lookups in it.
Scoped package detected, looking in 'typescript__lib-es2015/iterable'
Directory '/node_modules' does not exist, skipping all lookups in it.
Scoped package detected, looking in 'typescript__lib-es2015/iterable'
Loading module '@typescript/lib-es2015/iterable' from 'node_modules' folder, target file types: JavaScript.
Searching all ancestor node_modules directories for fallback extensions: JavaScript.
Directory '/Users/sherrychang/Documents/node_modules' does not exist, skipping all lookups in it.
Directory '/Users/node_modules' does not exist, skipping all lookups in it.
Directory '/node_modules' does not exist, skipping all lookups in it.
======== Module name '@typescript/lib-es2015/iterable' was not resolved. ========
File '/Users/sherrychang/Documents/viridis-extension/node_modules/typescript/lib/package.json' does not exist according to earlier cached lookups.
File '/Users/sherrychang/Documents/viridis-extension/node_modules/typescript/package.json' exists according to earlier cached lookups.
======== Resolving module '@typescript/lib-es2015/symbol' from '/Users/sherrychang/Documents/viridis-extension/__lib_node_modules_lookup_lib.es2015.symbol.d.ts__.ts'. ========
Explicitly specified module resolution kind: 'Node10'.
Loading module '@typescript/lib-es2015/symbol' from 'node_modules' folder, target file types: TypeScript, Declaration.
Searching all ancestor node_modules directories for preferred extensions: TypeScript, Declaration.
Scoped package detected, looking in 'typescript__lib-es2015/symbol'
Directory '/Users/sherrychang/Documents/node_modules' does not exist, skipping all lookups in it.
Scoped package detected, looking in 'typescript__lib-es2015/symbol'
Scoped package detected, looking in 'typescript__lib-es2015/symbol'
Directory '/Users/node_modules' does not exist, skipping all lookups in it.
Scoped package detected, looking in 'typescript__lib-es2015/symbol'
Directory '/node_modules' does not exist, skipping all lookups in it.
Scoped package detected, looking in 'typescript__lib-es2015/symbol'
Loading module '@typescript/lib-es2015/symbol' from 'node_modules' folder, target file types: JavaScript.
Searching all ancestor node_modules directories for fallback extensions: JavaScript.
Directory '/Users/sherrychang/Documents/node_modules' does not exist, skipping all lookups in it.
Directory '/Users/node_modules' does not exist, skipping all lookups in it.
Directory '/node_modules' does not exist, skipping all lookups in it.
======== Module name '@typescript/lib-es2015/symbol' was not resolved. ========
File '/Users/sherrychang/Documents/viridis-extension/node_modules/typescript/lib/package.json' does not exist according to earlier cached lookups.
File '/Users/sherrychang/Documents/viridis-extension/node_modules/typescript/package.json' exists according to earlier cached lookups.
======== Resolving module '@typescript/lib-es2015/generator' from '/Users/sherrychang/Documents/viridis-extension/__lib_node_modules_lookup_lib.es2015.generator.d.ts__.ts'. ========
Explicitly specified module resolution kind: 'Node10'.
Loading module '@typescript/lib-es2015/generator' from 'node_modules' folder, target file types: TypeScript, Declaration.
Searching all ancestor node_modules directories for preferred extensions: TypeScript, Declaration.
Scoped package detected, looking in 'typescript__lib-es2015/generator'
Directory '/Users/sherrychang/Documents/node_modules' does not exist, skipping all lookups in it.
Scoped package detected, looking in 'typescript__lib-es2015/generator'
Scoped package detected, looking in 'typescript__lib-es2015/generator'
Directory '/Users/node_modules' does not exist, skipping all lookups in it.
Scoped package detected, looking in 'typescript__lib-es2015/generator'
Directory '/node_modules' does not exist, skipping all lookups in it.
Scoped package detected, looking in 'typescript__lib-es2015/generator'
Loading module '@typescript/lib-es2015/generator' from 'node_modules' folder, target file types: JavaScript.
Searching all ancestor node_modules directories for fallback extensions: JavaScript.
Directory '/Users/sherrychang/Documents/node_modules' does not exist, skipping all lookups in it.
Directory '/Users/node_modules' does not exist, skipping all lookups in it.
Directory '/node_modules' does not exist, skipping all lookups in it.
======== Module name '@typescript/lib-es2015/generator' was not resolved. ========
File '/Users/sherrychang/Documents/viridis-extension/node_modules/typescript/lib/package.json' does not exist according to earlier cached lookups.
File '/Users/sherrychang/Documents/viridis-extension/node_modules/typescript/package.json' exists according to earlier cached lookups.
======== Resolving module '@typescript/lib-es2015/promise' from '/Users/sherrychang/Documents/viridis-extension/__lib_node_modules_lookup_lib.es2015.promise.d.ts__.ts'. ========
Explicitly specified module resolution kind: 'Node10'.
Loading module '@typescript/lib-es2015/promise' from 'node_modules' folder, target file types: TypeScript, Declaration.
Searching all ancestor node_modules directories for preferred extensions: TypeScript, Declaration.
Scoped package detected, looking in 'typescript__lib-es2015/promise'
Directory '/Users/sherrychang/Documents/node_modules' does not exist, skipping all lookups in it.
Scoped package detected, looking in 'typescript__lib-es2015/promise'
Scoped package detected, looking in 'typescript__lib-es2015/promise'
Directory '/Users/node_modules' does not exist, skipping all lookups in it.
Scoped package detected, looking in 'typescript__lib-es2015/promise'
Directory '/node_modules' does not exist, skipping all lookups in it.
Scoped package detected, looking in 'typescript__lib-es2015/promise'
Loading module '@typescript/lib-es2015/promise' from 'node_modules' folder, target file types: JavaScript.
Searching all ancestor node_modules directories for fallback extensions: JavaScript.
Directory '/Users/sherrychang/Documents/node_modules' does not exist, skipping all lookups in it.
Directory '/Users/node_modules' does not exist, skipping all lookups in it.
Directory '/node_modules' does not exist, skipping all lookups in it.
======== Module name '@typescript/lib-es2015/promise' was not resolved. ========
File '/Users/sherrychang/Documents/viridis-extension/node_modules/typescript/lib/package.json' does not exist according to earlier cached lookups.
File '/Users/sherrychang/Documents/viridis-extension/node_modules/typescript/package.json' exists according to earlier cached lookups.
======== Resolving module '@typescript/lib-es2015/proxy' from '/Users/sherrychang/Documents/viridis-extension/__lib_node_modules_lookup_lib.es2015.proxy.d.ts__.ts'. ========
Explicitly specified module resolution kind: 'Node10'.
Loading module '@typescript/lib-es2015/proxy' from 'node_modules' folder, target file types: TypeScript, Declaration.
Searching all ancestor node_modules directories for preferred extensions: TypeScript, Declaration.
Scoped package detected, looking in 'typescript__lib-es2015/proxy'
Directory '/Users/sherrychang/Documents/node_modules' does not exist, skipping all lookups in it.
Scoped package detected, looking in 'typescript__lib-es2015/proxy'
Scoped package detected, looking in 'typescript__lib-es2015/proxy'
Directory '/Users/node_modules' does not exist, skipping all lookups in it.
Scoped package detected, looking in 'typescript__lib-es2015/proxy'
Directory '/node_modules' does not exist, skipping all lookups in it.
Scoped package detected, looking in 'typescript__lib-es2015/proxy'
Loading module '@typescript/lib-es2015/proxy' from 'node_modules' folder, target file types: JavaScript.
Searching all ancestor node_modules directories for fallback extensions: JavaScript.
Directory '/Users/sherrychang/Documents/node_modules' does not exist, skipping all lookups in it.
Directory '/Users/node_modules' does not exist, skipping all lookups in it.
Directory '/node_modules' does not exist, skipping all lookups in it.
======== Module name '@typescript/lib-es2015/proxy' was not resolved. ========
File '/Users/sherrychang/Documents/viridis-extension/node_modules/typescript/lib/package.json' does not exist according to earlier cached lookups.
File '/Users/sherrychang/Documents/viridis-extension/node_modules/typescript/package.json' exists according to earlier cached lookups.
======== Resolving module '@typescript/lib-es2015/reflect' from '/Users/sherrychang/Documents/viridis-extension/__lib_node_modules_lookup_lib.es2015.reflect.d.ts__.ts'. ========
Explicitly specified module resolution kind: 'Node10'.
Loading module '@typescript/lib-es2015/reflect' from 'node_modules' folder, target file types: TypeScript, Declaration.
Searching all ancestor node_modules directories for preferred extensions: TypeScript, Declaration.
Scoped package detected, looking in 'typescript__lib-es2015/reflect'
Directory '/Users/sherrychang/Documents/node_modules' does not exist, skipping all lookups in it.
Scoped package detected, looking in 'typescript__lib-es2015/reflect'
Scoped package detected, looking in 'typescript__lib-es2015/reflect'
Directory '/Users/node_modules' does not exist, skipping all lookups in it.
Scoped package detected, looking in 'typescript__lib-es2015/reflect'
Directory '/node_modules' does not exist, skipping all lookups in it.
Scoped package detected, looking in 'typescript__lib-es2015/reflect'
Loading module '@typescript/lib-es2015/reflect' from 'node_modules' folder, target file types: JavaScript.
Searching all ancestor node_modules directories for fallback extensions: JavaScript.
Directory '/Users/sherrychang/Documents/node_modules' does not exist, skipping all lookups in it.
Directory '/Users/node_modules' does not exist, skipping all lookups in it.
Directory '/node_modules' does not exist, skipping all lookups in it.
======== Module name '@typescript/lib-es2015/reflect' was not resolved. ========
File '/Users/sherrychang/Documents/viridis-extension/node_modules/typescript/lib/package.json' does not exist according to earlier cached lookups.
File '/Users/sherrychang/Documents/viridis-extension/node_modules/typescript/package.json' exists according to earlier cached lookups.
======== Resolving module '@typescript/lib-es2015/symbol-wellknown' from '/Users/sherrychang/Documents/viridis-extension/__lib_node_modules_lookup_lib.es2015.symbol.wellknown.d.ts__.ts'. ========
Explicitly specified module resolution kind: 'Node10'.
Loading module '@typescript/lib-es2015/symbol-wellknown' from 'node_modules' folder, target file types: TypeScript, Declaration.
Searching all ancestor node_modules directories for preferred extensions: TypeScript, Declaration.
Scoped package detected, looking in 'typescript__lib-es2015/symbol-wellknown'
Directory '/Users/sherrychang/Documents/node_modules' does not exist, skipping all lookups in it.
Scoped package detected, looking in 'typescript__lib-es2015/symbol-wellknown'
Scoped package detected, looking in 'typescript__lib-es2015/symbol-wellknown'
Directory '/Users/node_modules' does not exist, skipping all lookups in it.
Scoped package detected, looking in 'typescript__lib-es2015/symbol-wellknown'
Directory '/node_modules' does not exist, skipping all lookups in it.
Scoped package detected, looking in 'typescript__lib-es2015/symbol-wellknown'
Loading module '@typescript/lib-es2015/symbol-wellknown' from 'node_modules' folder, target file types: JavaScript.
Searching all ancestor node_modules directories for fallback extensions: JavaScript.
Directory '/Users/sherrychang/Documents/node_modules' does not exist, skipping all lookups in it.
Directory '/Users/node_modules' does not exist, skipping all lookups in it.
Directory '/node_modules' does not exist, skipping all lookups in it.
======== Module name '@typescript/lib-es2015/symbol-wellknown' was not resolved. ========
File '/Users/sherrychang/Documents/viridis-extension/node_modules/typescript/lib/package.json' does not exist according to earlier cached lookups.
File '/Users/sherrychang/Documents/viridis-extension/node_modules/typescript/package.json' exists according to earlier cached lookups.
======== Resolving module '@typescript/lib-es2016/array-include' from '/Users/sherrychang/Documents/viridis-extension/__lib_node_modules_lookup_lib.es2016.array.include.d.ts__.ts'. ========
Explicitly specified module resolution kind: 'Node10'.
Loading module '@typescript/lib-es2016/array-include' from 'node_modules' folder, target file types: TypeScript, Declaration.
Searching all ancestor node_modules directories for preferred extensions: TypeScript, Declaration.
Scoped package detected, looking in 'typescript__lib-es2016/array-include'
Directory '/Users/sherrychang/Documents/node_modules' does not exist, skipping all lookups in it.
Scoped package detected, looking in 'typescript__lib-es2016/array-include'
Scoped package detected, looking in 'typescript__lib-es2016/array-include'
Directory '/Users/node_modules' does not exist, skipping all lookups in it.
Scoped package detected, looking in 'typescript__lib-es2016/array-include'
Directory '/node_modules' does not exist, skipping all lookups in it.
Scoped package detected, looking in 'typescript__lib-es2016/array-include'
Loading module '@typescript/lib-es2016/array-include' from 'node_modules' folder, target file types: JavaScript.
Searching all ancestor node_modules directories for fallback extensions: JavaScript.
Directory '/Users/sherrychang/Documents/node_modules' does not exist, skipping all lookups in it.
Directory '/Users/node_modules' does not exist, skipping all lookups in it.
Directory '/node_modules' does not exist, skipping all lookups in it.
======== Module name '@typescript/lib-es2016/array-include' was not resolved. ========
File '/Users/sherrychang/Documents/viridis-extension/node_modules/typescript/lib/package.json' does not exist according to earlier cached lookups.
File '/Users/sherrychang/Documents/viridis-extension/node_modules/typescript/package.json' exists according to earlier cached lookups.
======== Resolving module '@typescript/lib-es2016/intl' from '/Users/sherrychang/Documents/viridis-extension/__lib_node_modules_lookup_lib.es2016.intl.d.ts__.ts'. ========
Explicitly specified module resolution kind: 'Node10'.
Loading module '@typescript/lib-es2016/intl' from 'node_modules' folder, target file types: TypeScript, Declaration.
Searching all ancestor node_modules directories for preferred extensions: TypeScript, Declaration.
Scoped package detected, looking in 'typescript__lib-es2016/intl'
Directory '/Users/sherrychang/Documents/node_modules' does not exist, skipping all lookups in it.
Scoped package detected, looking in 'typescript__lib-es2016/intl'
Scoped package detected, looking in 'typescript__lib-es2016/intl'
Directory '/Users/node_modules' does not exist, skipping all lookups in it.
Scoped package detected, looking in 'typescript__lib-es2016/intl'
Directory '/node_modules' does not exist, skipping all lookups in it.
Scoped package detected, looking in 'typescript__lib-es2016/intl'
Loading module '@typescript/lib-es2016/intl' from 'node_modules' folder, target file types: JavaScript.
Searching all ancestor node_modules directories for fallback extensions: JavaScript.
Directory '/Users/sherrychang/Documents/node_modules' does not exist, skipping all lookups in it.
Directory '/Users/node_modules' does not exist, skipping all lookups in it.
Directory '/node_modules' does not exist, skipping all lookups in it.
======== Module name '@typescript/lib-es2016/intl' was not resolved. ========
File '/Users/sherrychang/Documents/viridis-extension/node_modules/typescript/lib/package.json' does not exist according to earlier cached lookups.
File '/Users/sherrychang/Documents/viridis-extension/node_modules/typescript/package.json' exists according to earlier cached lookups.
======== Resolving module '@typescript/lib-es2017/object' from '/Users/sherrychang/Documents/viridis-extension/__lib_node_modules_lookup_lib.es2017.object.d.ts__.ts'. ========
Explicitly specified module resolution kind: 'Node10'.
Loading module '@typescript/lib-es2017/object' from 'node_modules' folder, target file types: TypeScript, Declaration.
Searching all ancestor node_modules directories for preferred extensions: TypeScript, Declaration.
Scoped package detected, looking in 'typescript__lib-es2017/object'
Directory '/Users/sherrychang/Documents/node_modules' does not exist, skipping all lookups in it.
Scoped package detected, looking in 'typescript__lib-es2017/object'
Scoped package detected, looking in 'typescript__lib-es2017/object'
Directory '/Users/node_modules' does not exist, skipping all lookups in it.
Scoped package detected, looking in 'typescript__lib-es2017/object'
Directory '/node_modules' does not exist, skipping all lookups in it.
Scoped package detected, looking in 'typescript__lib-es2017/object'
Loading module '@typescript/lib-es2017/object' from 'node_modules' folder, target file types: JavaScript.
Searching all ancestor node_modules directories for fallback extensions: JavaScript.
Directory '/Users/sherrychang/Documents/node_modules' does not exist, skipping all lookups in it.
Directory '/Users/node_modules' does not exist, skipping all lookups in it.
Directory '/node_modules' does not exist, skipping all lookups in it.
======== Module name '@typescript/lib-es2017/object' was not resolved. ========
File '/Users/sherrychang/Documents/viridis-extension/node_modules/typescript/lib/package.json' does not exist according to earlier cached lookups.
File '/Users/sherrychang/Documents/viridis-extension/node_modules/typescript/package.json' exists according to earlier cached lookups.
======== Resolving module '@typescript/lib-es2017/sharedmemory' from '/Users/sherrychang/Documents/viridis-extension/__lib_node_modules_lookup_lib.es2017.sharedmemory.d.ts__.ts'. ========
Explicitly specified module resolution kind: 'Node10'.
Loading module '@typescript/lib-es2017/sharedmemory' from 'node_modules' folder, target file types: TypeScript, Declaration.
Searching all ancestor node_modules directories for preferred extensions: TypeScript, Declaration.
Scoped package detected, looking in 'typescript__lib-es2017/sharedmemory'
Directory '/Users/sherrychang/Documents/node_modules' does not exist, skipping all lookups in it.
Scoped package detected, looking in 'typescript__lib-es2017/sharedmemory'
Scoped package detected, looking in 'typescript__lib-es2017/sharedmemory'
Directory '/Users/node_modules' does not exist, skipping all lookups in it.
Scoped package detected, looking in 'typescript__lib-es2017/sharedmemory'
Directory '/node_modules' does not exist, skipping all lookups in it.
Scoped package detected, looking in 'typescript__lib-es2017/sharedmemory'
Loading module '@typescript/lib-es2017/sharedmemory' from 'node_modules' folder, target file types: JavaScript.
Searching all ancestor node_modules directories for fallback extensions: JavaScript.
Directory '/Users/sherrychang/Documents/node_modules' does not exist, skipping all lookups in it.
Directory '/Users/node_modules' does not exist, skipping all lookups in it.
Directory '/node_modules' does not exist, skipping all lookups in it.
======== Module name '@typescript/lib-es2017/sharedmemory' was not resolved. ========
File '/Users/sherrychang/Documents/viridis-extension/node_modules/typescript/lib/package.json' does not exist according to earlier cached lookups.
File '/Users/sherrychang/Documents/viridis-extension/node_modules/typescript/package.json' exists according to earlier cached lookups.
======== Resolving module '@typescript/lib-es2017/string' from '/Users/sherrychang/Documents/viridis-extension/__lib_node_modules_lookup_lib.es2017.string.d.ts__.ts'. ========
Explicitly specified module resolution kind: 'Node10'.
Loading module '@typescript/lib-es2017/string' from 'node_modules' folder, target file types: TypeScript, Declaration.
Searching all ancestor node_modules directories for preferred extensions: TypeScript, Declaration.
Scoped package detected, looking in 'typescript__lib-es2017/string'
Directory '/Users/sherrychang/Documents/node_modules' does not exist, skipping all lookups in it.
Scoped package detected, looking in 'typescript__lib-es2017/string'
Scoped package detected, looking in 'typescript__lib-es2017/string'
Directory '/Users/node_modules' does not exist, skipping all lookups in it.
Scoped package detected, looking in 'typescript__lib-es2017/string'
Directory '/node_modules' does not exist, skipping all lookups in it.
Scoped package detected, looking in 'typescript__lib-es2017/string'
Loading module '@typescript/lib-es2017/string' from 'node_modules' folder, target file types: JavaScript.
Searching all ancestor node_modules directories for fallback extensions: JavaScript.
Directory '/Users/sherrychang/Documents/node_modules' does not exist, skipping all lookups in it.
Directory '/Users/node_modules' does not exist, skipping all lookups in it.
Directory '/node_modules' does not exist, skipping all lookups in it.
======== Module name '@typescript/lib-es2017/string' was not resolved. ========
File '/Users/sherrychang/Documents/viridis-extension/node_modules/typescript/lib/package.json' does not exist according to earlier cached lookups.
File '/Users/sherrychang/Documents/viridis-extension/node_modules/typescript/package.json' exists according to earlier cached lookups.
======== Resolving module '@typescript/lib-es2017/intl' from '/Users/sherrychang/Documents/viridis-extension/__lib_node_modules_lookup_lib.es2017.intl.d.ts__.ts'. ========
Explicitly specified module resolution kind: 'Node10'.
Loading module '@typescript/lib-es2017/intl' from 'node_modules' folder, target file types: TypeScript, Declaration.
Searching all ancestor node_modules directories for preferred extensions: TypeScript, Declaration.
Scoped package detected, looking in 'typescript__lib-es2017/intl'
Directory '/Users/sherrychang/Documents/node_modules' does not exist, skipping all lookups in it.
Scoped package detected, looking in 'typescript__lib-es2017/intl'
Scoped package detected, looking in 'typescript__lib-es2017/intl'
Directory '/Users/node_modules' does not exist, skipping all lookups in it.
Scoped package detected, looking in 'typescript__lib-es2017/intl'
Directory '/node_modules' does not exist, skipping all lookups in it.
Scoped package detected, looking in 'typescript__lib-es2017/intl'
Loading module '@typescript/lib-es2017/intl' from 'node_modules' folder, target file types: JavaScript.
Searching all ancestor node_modules directories for fallback extensions: JavaScript.
Directory '/Users/sherrychang/Documents/node_modules' does not exist, skipping all lookups in it.
Directory '/Users/node_modules' does not exist, skipping all lookups in it.
Directory '/node_modules' does not exist, skipping all lookups in it.
======== Module name '@typescript/lib-es2017/intl' was not resolved. ========
File '/Users/sherrychang/Documents/viridis-extension/node_modules/typescript/lib/package.json' does not exist according to earlier cached lookups.
File '/Users/sherrychang/Documents/viridis-extension/node_modules/typescript/package.json' exists according to earlier cached lookups.
======== Resolving module '@typescript/lib-es2017/typedarrays' from '/Users/sherrychang/Documents/viridis-extension/__lib_node_modules_lookup_lib.es2017.typedarrays.d.ts__.ts'. ========
Explicitly specified module resolution kind: 'Node10'.
Loading module '@typescript/lib-es2017/typedarrays' from 'node_modules' folder, target file types: TypeScript, Declaration.
Searching all ancestor node_modules directories for preferred extensions: TypeScript, Declaration.
Scoped package detected, looking in 'typescript__lib-es2017/typedarrays'
Directory '/Users/sherrychang/Documents/node_modules' does not exist, skipping all lookups in it.
Scoped package detected, looking in 'typescript__lib-es2017/typedarrays'
Scoped package detected, looking in 'typescript__lib-es2017/typedarrays'
Directory '/Users/node_modules' does not exist, skipping all lookups in it.
Scoped package detected, looking in 'typescript__lib-es2017/typedarrays'
Directory '/node_modules' does not exist, skipping all lookups in it.
Scoped package detected, looking in 'typescript__lib-es2017/typedarrays'
Loading module '@typescript/lib-es2017/typedarrays' from 'node_modules' folder, target file types: JavaScript.
Searching all ancestor node_modules directories for fallback extensions: JavaScript.
Directory '/Users/sherrychang/Documents/node_modules' does not exist, skipping all lookups in it.
Directory '/Users/node_modules' does not exist, skipping all lookups in it.
Directory '/node_modules' does not exist, skipping all lookups in it.
======== Module name '@typescript/lib-es2017/typedarrays' was not resolved. ========
File '/Users/sherrychang/Documents/viridis-extension/node_modules/typescript/lib/package.json' does not exist according to earlier cached lookups.
File '/Users/sherrychang/Documents/viridis-extension/node_modules/typescript/package.json' exists according to earlier cached lookups.
======== Resolving module '@typescript/lib-es2017/date' from '/Users/sherrychang/Documents/viridis-extension/__lib_node_modules_lookup_lib.es2017.date.d.ts__.ts'. ========
Explicitly specified module resolution kind: 'Node10'.
Loading module '@typescript/lib-es2017/date' from 'node_modules' folder, target file types: TypeScript, Declaration.
Searching all ancestor node_modules directories for preferred extensions: TypeScript, Declaration.
Scoped package detected, looking in 'typescript__lib-es2017/date'
Directory '/Users/sherrychang/Documents/node_modules' does not exist, skipping all lookups in it.
Scoped package detected, looking in 'typescript__lib-es2017/date'
Scoped package detected, looking in 'typescript__lib-es2017/date'
Directory '/Users/node_modules' does not exist, skipping all lookups in it.
Scoped package detected, looking in 'typescript__lib-es2017/date'
Directory '/node_modules' does not exist, skipping all lookups in it.
Scoped package detected, looking in 'typescript__lib-es2017/date'
Loading module '@typescript/lib-es2017/date' from 'node_modules' folder, target file types: JavaScript.
Searching all ancestor node_modules directories for fallback extensions: JavaScript.
Directory '/Users/sherrychang/Documents/node_modules' does not exist, skipping all lookups in it.
Directory '/Users/node_modules' does not exist, skipping all lookups in it.
Directory '/node_modules' does not exist, skipping all lookups in it.
======== Module name '@typescript/lib-es2017/date' was not resolved. ========
File '/Users/sherrychang/Documents/viridis-extension/node_modules/typescript/lib/package.json' does not exist according to earlier cached lookups.
File '/Users/sherrychang/Documents/viridis-extension/node_modules/typescript/package.json' exists according to earlier cached lookups.
======== Resolving module '@typescript/lib-es2018/asynciterable' from '/Users/sherrychang/Documents/viridis-extension/__lib_node_modules_lookup_lib.es2018.asynciterable.d.ts__.ts'. ========
Explicitly specified module resolution kind: 'Node10'.
Loading module '@typescript/lib-es2018/asynciterable' from 'node_modules' folder, target file types: TypeScript, Declaration.
Searching all ancestor node_modules directories for preferred extensions: TypeScript, Declaration.
Scoped package detected, looking in 'typescript__lib-es2018/asynciterable'
Directory '/Users/sherrychang/Documents/node_modules' does not exist, skipping all lookups in it.
Scoped package detected, looking in 'typescript__lib-es2018/asynciterable'
Scoped package detected, looking in 'typescript__lib-es2018/asynciterable'
Directory '/Users/node_modules' does not exist, skipping all lookups in it.
Scoped package detected, looking in 'typescript__lib-es2018/asynciterable'
Directory '/node_modules' does not exist, skipping all lookups in it.
Scoped package detected, looking in 'typescript__lib-es2018/asynciterable'
Loading module '@typescript/lib-es2018/asynciterable' from 'node_modules' folder, target file types: JavaScript.
Searching all ancestor node_modules directories for fallback extensions: JavaScript.
Directory '/Users/sherrychang/Documents/node_modules' does not exist, skipping all lookups in it.
Directory '/Users/node_modules' does not exist, skipping all lookups in it.
Directory '/node_modules' does not exist, skipping all lookups in it.
======== Module name '@typescript/lib-es2018/asynciterable' was not resolved. ========
File '/Users/sherrychang/Documents/viridis-extension/node_modules/typescript/lib/package.json' does not exist according to earlier cached lookups.
File '/Users/sherrychang/Documents/viridis-extension/node_modules/typescript/package.json' exists according to earlier cached lookups.
======== Resolving module '@typescript/lib-es2018/asyncgenerator' from '/Users/sherrychang/Documents/viridis-extension/__lib_node_modules_lookup_lib.es2018.asyncgenerator.d.ts__.ts'. ========
Explicitly specified module resolution kind: 'Node10'.
Loading module '@typescript/lib-es2018/asyncgenerator' from 'node_modules' folder, target file types: TypeScript, Declaration.
Searching all ancestor node_modules directories for preferred extensions: TypeScript, Declaration.
Scoped package detected, looking in 'typescript__lib-es2018/asyncgenerator'
Directory '/Users/sherrychang/Documents/node_modules' does not exist, skipping all lookups in it.
Scoped package detected, looking in 'typescript__lib-es2018/asyncgenerator'
Scoped package detected, looking in 'typescript__lib-es2018/asyncgenerator'
Directory '/Users/node_modules' does not exist, skipping all lookups in it.
Scoped package detected, looking in 'typescript__lib-es2018/asyncgenerator'
Directory '/node_modules' does not exist, skipping all lookups in it.
Scoped package detected, looking in 'typescript__lib-es2018/asyncgenerator'
Loading module '@typescript/lib-es2018/asyncgenerator' from 'node_modules' folder, target file types: JavaScript.
Searching all ancestor node_modules directories for fallback extensions: JavaScript.
Directory '/Users/sherrychang/Documents/node_modules' does not exist, skipping all lookups in it.
Directory '/Users/node_modules' does not exist, skipping all lookups in it.
Directory '/node_modules' does not exist, skipping all lookups in it.
======== Module name '@typescript/lib-es2018/asyncgenerator' was not resolved. ========
File '/Users/sherrychang/Documents/viridis-extension/node_modules/typescript/lib/package.json' does not exist according to earlier cached lookups.
File '/Users/sherrychang/Documents/viridis-extension/node_modules/typescript/package.json' exists according to earlier cached lookups.
======== Resolving module '@typescript/lib-es2018/promise' from '/Users/sherrychang/Documents/viridis-extension/__lib_node_modules_lookup_lib.es2018.promise.d.ts__.ts'. ========
Explicitly specified module resolution kind: 'Node10'.
Loading module '@typescript/lib-es2018/promise' from 'node_modules' folder, target file types: TypeScript, Declaration.
Searching all ancestor node_modules directories for preferred extensions: TypeScript, Declaration.
Scoped package detected, looking in 'typescript__lib-es2018/promise'
Directory '/Users/sherrychang/Documents/node_modules' does not exist, skipping all lookups in it.
Scoped package detected, looking in 'typescript__lib-es2018/promise'
Scoped package detected, looking in 'typescript__lib-es2018/promise'
Directory '/Users/node_modules' does not exist, skipping all lookups in it.
Scoped package detected, looking in 'typescript__lib-es2018/promise'
Directory '/node_modules' does not exist, skipping all lookups in it.
Scoped package detected, looking in 'typescript__lib-es2018/promise'
Loading module '@typescript/lib-es2018/promise' from 'node_modules' folder, target file types: JavaScript.
Searching all ancestor node_modules directories for fallback extensions: JavaScript.
Directory '/Users/sherrychang/Documents/node_modules' does not exist, skipping all lookups in it.
Directory '/Users/node_modules' does not exist, skipping all lookups in it.
Directory '/node_modules' does not exist, skipping all lookups in it.
======== Module name '@typescript/lib-es2018/promise' was not resolved. ========
File '/Users/sherrychang/Documents/viridis-extension/node_modules/typescript/lib/package.json' does not exist according to earlier cached lookups.
File '/Users/sherrychang/Documents/viridis-extension/node_modules/typescript/package.json' exists according to earlier cached lookups.
======== Resolving module '@typescript/lib-es2018/regexp' from '/Users/sherrychang/Documents/viridis-extension/__lib_node_modules_lookup_lib.es2018.regexp.d.ts__.ts'. ========
Explicitly specified module resolution kind: 'Node10'.
Loading module '@typescript/lib-es2018/regexp' from 'node_modules' folder, target file types: TypeScript, Declaration.
Searching all ancestor node_modules directories for preferred extensions: TypeScript, Declaration.
Scoped package detected, looking in 'typescript__lib-es2018/regexp'
Directory '/Users/sherrychang/Documents/node_modules' does not exist, skipping all lookups in it.
Scoped package detected, looking in 'typescript__lib-es2018/regexp'
Scoped package detected, looking in 'typescript__lib-es2018/regexp'
Directory '/Users/node_modules' does not exist, skipping all lookups in it.
Scoped package detected, looking in 'typescript__lib-es2018/regexp'
Directory '/node_modules' does not exist, skipping all lookups in it.
Scoped package detected, looking in 'typescript__lib-es2018/regexp'
Loading module '@typescript/lib-es2018/regexp' from 'node_modules' folder, target file types: JavaScript.
Searching all ancestor node_modules directories for fallback extensions: JavaScript.
Directory '/Users/sherrychang/Documents/node_modules' does not exist, skipping all lookups in it.
Directory '/Users/node_modules' does not exist, skipping all lookups in it.
Directory '/node_modules' does not exist, skipping all lookups in it.
======== Module name '@typescript/lib-es2018/regexp' was not resolved. ========
File '/Users/sherrychang/Documents/viridis-extension/node_modules/typescript/lib/package.json' does not exist according to earlier cached lookups.
File '/Users/sherrychang/Documents/viridis-extension/node_modules/typescript/package.json' exists according to earlier cached lookups.
======== Resolving module '@typescript/lib-es2018/intl' from '/Users/sherrychang/Documents/viridis-extension/__lib_node_modules_lookup_lib.es2018.intl.d.ts__.ts'. ========
Explicitly specified module resolution kind: 'Node10'.
Loading module '@typescript/lib-es2018/intl' from 'node_modules' folder, target file types: TypeScript, Declaration.
Searching all ancestor node_modules directories for preferred extensions: TypeScript, Declaration.
Scoped package detected, looking in 'typescript__lib-es2018/intl'
Directory '/Users/sherrychang/Documents/node_modules' does not exist, skipping all lookups in it.
Scoped package detected, looking in 'typescript__lib-es2018/intl'
Scoped package detected, looking in 'typescript__lib-es2018/intl'
Directory '/Users/node_modules' does not exist, skipping all lookups in it.
Scoped package detected, looking in 'typescript__lib-es2018/intl'
Directory '/node_modules' does not exist, skipping all lookups in it.
Scoped package detected, looking in 'typescript__lib-es2018/intl'
Loading module '@typescript/lib-es2018/intl' from 'node_modules' folder, target file types: JavaScript.
Searching all ancestor node_modules directories for fallback extensions: JavaScript.
Directory '/Users/sherrychang/Documents/node_modules' does not exist, skipping all lookups in it.
Directory '/Users/node_modules' does not exist, skipping all lookups in it.
Directory '/node_modules' does not exist, skipping all lookups in it.
======== Module name '@typescript/lib-es2018/intl' was not resolved. ========
File '/Users/sherrychang/Documents/viridis-extension/node_modules/typescript/lib/package.json' does not exist according to earlier cached lookups.
File '/Users/sherrychang/Documents/viridis-extension/node_modules/typescript/package.json' exists according to earlier cached lookups.
======== Resolving module '@typescript/lib-es2019/array' from '/Users/sherrychang/Documents/viridis-extension/__lib_node_modules_lookup_lib.es2019.array.d.ts__.ts'. ========
Explicitly specified module resolution kind: 'Node10'.
Loading module '@typescript/lib-es2019/array' from 'node_modules' folder, target file types: TypeScript, Declaration.
Searching all ancestor node_modules directories for preferred extensions: TypeScript, Declaration.
Scoped package detected, looking in 'typescript__lib-es2019/array'
Directory '/Users/sherrychang/Documents/node_modules' does not exist, skipping all lookups in it.
Scoped package detected, looking in 'typescript__lib-es2019/array'
Scoped package detected, looking in 'typescript__lib-es2019/array'
Directory '/Users/node_modules' does not exist, skipping all lookups in it.
Scoped package detected, looking in 'typescript__lib-es2019/array'
Directory '/node_modules' does not exist, skipping all lookups in it.
Scoped package detected, looking in 'typescript__lib-es2019/array'
Loading module '@typescript/lib-es2019/array' from 'node_modules' folder, target file types: JavaScript.
Searching all ancestor node_modules directories for fallback extensions: JavaScript.
Directory '/Users/sherrychang/Documents/node_modules' does not exist, skipping all lookups in it.
Directory '/Users/node_modules' does not exist, skipping all lookups in it.
Directory '/node_modules' does not exist, skipping all lookups in it.
======== Module name '@typescript/lib-es2019/array' was not resolved. ========
File '/Users/sherrychang/Documents/viridis-extension/node_modules/typescript/lib/package.json' does not exist according to earlier cached lookups.
File '/Users/sherrychang/Documents/viridis-extension/node_modules/typescript/package.json' exists according to earlier cached lookups.
======== Resolving module '@typescript/lib-es2019/object' from '/Users/sherrychang/Documents/viridis-extension/__lib_node_modules_lookup_lib.es2019.object.d.ts__.ts'. ========
Explicitly specified module resolution kind: 'Node10'.
Loading module '@typescript/lib-es2019/object' from 'node_modules' folder, target file types: TypeScript, Declaration.
Searching all ancestor node_modules directories for preferred extensions: TypeScript, Declaration.
Scoped package detected, looking in 'typescript__lib-es2019/object'
Directory '/Users/sherrychang/Documents/node_modules' does not exist, skipping all lookups in it.
Scoped package detected, looking in 'typescript__lib-es2019/object'
Scoped package detected, looking in 'typescript__lib-es2019/object'
Directory '/Users/node_modules' does not exist, skipping all lookups in it.
Scoped package detected, looking in 'typescript__lib-es2019/object'
Directory '/node_modules' does not exist, skipping all lookups in it.
Scoped package detected, looking in 'typescript__lib-es2019/object'
Loading module '@typescript/lib-es2019/object' from 'node_modules' folder, target file types: JavaScript.
Searching all ancestor node_modules directories for fallback extensions: JavaScript.
Directory '/Users/sherrychang/Documents/node_modules' does not exist, skipping all lookups in it.
Directory '/Users/node_modules' does not exist, skipping all lookups in it.
Directory '/node_modules' does not exist, skipping all lookups in it.
======== Module name '@typescript/lib-es2019/object' was not resolved. ========
File '/Users/sherrychang/Documents/viridis-extension/node_modules/typescript/lib/package.json' does not exist according to earlier cached lookups.
File '/Users/sherrychang/Documents/viridis-extension/node_modules/typescript/package.json' exists according to earlier cached lookups.
======== Resolving module '@typescript/lib-es2019/string' from '/Users/sherrychang/Documents/viridis-extension/__lib_node_modules_lookup_lib.es2019.string.d.ts__.ts'. ========
Explicitly specified module resolution kind: 'Node10'.
Loading module '@typescript/lib-es2019/string' from 'node_modules' folder, target file types: TypeScript, Declaration.
Searching all ancestor node_modules directories for preferred extensions: TypeScript, Declaration.
Scoped package detected, looking in 'typescript__lib-es2019/string'
Directory '/Users/sherrychang/Documents/node_modules' does not exist, skipping all lookups in it.
Scoped package detected, looking in 'typescript__lib-es2019/string'
Scoped package detected, looking in 'typescript__lib-es2019/string'
Directory '/Users/node_modules' does not exist, skipping all lookups in it.
Scoped package detected, looking in 'typescript__lib-es2019/string'
Directory '/node_modules' does not exist, skipping all lookups in it.
Scoped package detected, looking in 'typescript__lib-es2019/string'
Loading module '@typescript/lib-es2019/string' from 'node_modules' folder, target file types: JavaScript.
Searching all ancestor node_modules directories for fallback extensions: JavaScript.
Directory '/Users/sherrychang/Documents/node_modules' does not exist, skipping all lookups in it.
Directory '/Users/node_modules' does not exist, skipping all lookups in it.
Directory '/node_modules' does not exist, skipping all lookups in it.
======== Module name '@typescript/lib-es2019/string' was not resolved. ========
File '/Users/sherrychang/Documents/viridis-extension/node_modules/typescript/lib/package.json' does not exist according to earlier cached lookups.
File '/Users/sherrychang/Documents/viridis-extension/node_modules/typescript/package.json' exists according to earlier cached lookups.
======== Resolving module '@typescript/lib-es2019/symbol' from '/Users/sherrychang/Documents/viridis-extension/__lib_node_modules_lookup_lib.es2019.symbol.d.ts__.ts'. ========
Explicitly specified module resolution kind: 'Node10'.
Loading module '@typescript/lib-es2019/symbol' from 'node_modules' folder, target file types: TypeScript, Declaration.
Searching all ancestor node_modules directories for preferred extensions: TypeScript, Declaration.
Scoped package detected, looking in 'typescript__lib-es2019/symbol'
Directory '/Users/sherrychang/Documents/node_modules' does not exist, skipping all lookups in it.
Scoped package detected, looking in 'typescript__lib-es2019/symbol'
Scoped package detected, looking in 'typescript__lib-es2019/symbol'
Directory '/Users/node_modules' does not exist, skipping all lookups in it.
Scoped package detected, looking in 'typescript__lib-es2019/symbol'
Directory '/node_modules' does not exist, skipping all lookups in it.
Scoped package detected, looking in 'typescript__lib-es2019/symbol'
Loading module '@typescript/lib-es2019/symbol' from 'node_modules' folder, target file types: JavaScript.
Searching all ancestor node_modules directories for fallback extensions: JavaScript.
Directory '/Users/sherrychang/Documents/node_modules' does not exist, skipping all lookups in it.
Directory '/Users/node_modules' does not exist, skipping all lookups in it.
Directory '/node_modules' does not exist, skipping all lookups in it.
======== Module name '@typescript/lib-es2019/symbol' was not resolved. ========
File '/Users/sherrychang/Documents/viridis-extension/node_modules/typescript/lib/package.json' does not exist according to earlier cached lookups.
File '/Users/sherrychang/Documents/viridis-extension/node_modules/typescript/package.json' exists according to earlier cached lookups.
======== Resolving module '@typescript/lib-es2019/intl' from '/Users/sherrychang/Documents/viridis-extension/__lib_node_modules_lookup_lib.es2019.intl.d.ts__.ts'. ========
Explicitly specified module resolution kind: 'Node10'.
Loading module '@typescript/lib-es2019/intl' from 'node_modules' folder, target file types: TypeScript, Declaration.
Searching all ancestor node_modules directories for preferred extensions: TypeScript, Declaration.
Scoped package detected, looking in 'typescript__lib-es2019/intl'
Directory '/Users/sherrychang/Documents/node_modules' does not exist, skipping all lookups in it.
Scoped package detected, looking in 'typescript__lib-es2019/intl'
Scoped package detected, looking in 'typescript__lib-es2019/intl'
Directory '/Users/node_modules' does not exist, skipping all lookups in it.
Scoped package detected, looking in 'typescript__lib-es2019/intl'
Directory '/node_modules' does not exist, skipping all lookups in it.
Scoped package detected, looking in 'typescript__lib-es2019/intl'
Loading module '@typescript/lib-es2019/intl' from 'node_modules' folder, target file types: JavaScript.
Searching all ancestor node_modules directories for fallback extensions: JavaScript.
Directory '/Users/sherrychang/Documents/node_modules' does not exist, skipping all lookups in it.
Directory '/Users/node_modules' does not exist, skipping all lookups in it.
Directory '/node_modules' does not exist, skipping all lookups in it.
======== Module name '@typescript/lib-es2019/intl' was not resolved. ========
File '/Users/sherrychang/Documents/viridis-extension/node_modules/typescript/lib/package.json' does not exist according to earlier cached lookups.
File '/Users/sherrychang/Documents/viridis-extension/node_modules/typescript/package.json' exists according to earlier cached lookups.
======== Resolving module '@typescript/lib-es2020/bigint' from '/Users/sherrychang/Documents/viridis-extension/__lib_node_modules_lookup_lib.es2020.bigint.d.ts__.ts'. ========
Explicitly specified module resolution kind: 'Node10'.
Loading module '@typescript/lib-es2020/bigint' from 'node_modules' folder, target file types: TypeScript, Declaration.
Searching all ancestor node_modules directories for preferred extensions: TypeScript, Declaration.
Scoped package detected, looking in 'typescript__lib-es2020/bigint'
Directory '/Users/sherrychang/Documents/node_modules' does not exist, skipping all lookups in it.
Scoped package detected, looking in 'typescript__lib-es2020/bigint'
Scoped package detected, looking in 'typescript__lib-es2020/bigint'
Directory '/Users/node_modules' does not exist, skipping all lookups in it.
Scoped package detected, looking in 'typescript__lib-es2020/bigint'
Directory '/node_modules' does not exist, skipping all lookups in it.
Scoped package detected, looking in 'typescript__lib-es2020/bigint'
Loading module '@typescript/lib-es2020/bigint' from 'node_modules' folder, target file types: JavaScript.
Searching all ancestor node_modules directories for fallback extensions: JavaScript.
Directory '/Users/sherrychang/Documents/node_modules' does not exist, skipping all lookups in it.
Directory '/Users/node_modules' does not exist, skipping all lookups in it.
Directory '/node_modules' does not exist, skipping all lookups in it.
======== Module name '@typescript/lib-es2020/bigint' was not resolved. ========
File '/Users/sherrychang/Documents/viridis-extension/node_modules/typescript/lib/package.json' does not exist according to earlier cached lookups.
File '/Users/sherrychang/Documents/viridis-extension/node_modules/typescript/package.json' exists according to earlier cached lookups.
======== Resolving module '@typescript/lib-es2020/intl' from '/Users/sherrychang/Documents/viridis-extension/__lib_node_modules_lookup_lib.es2020.intl.d.ts__.ts'. ========
Explicitly specified module resolution kind: 'Node10'.
Loading module '@typescript/lib-es2020/intl' from 'node_modules' folder, target file types: TypeScript, Declaration.
Searching all ancestor node_modules directories for preferred extensions: TypeScript, Declaration.
Scoped package detected, looking in 'typescript__lib-es2020/intl'
Directory '/Users/sherrychang/Documents/node_modules' does not exist, skipping all lookups in it.
Scoped package detected, looking in 'typescript__lib-es2020/intl'
Scoped package detected, looking in 'typescript__lib-es2020/intl'
Directory '/Users/node_modules' does not exist, skipping all lookups in it.
Scoped package detected, looking in 'typescript__lib-es2020/intl'
Directory '/node_modules' does not exist, skipping all lookups in it.
Scoped package detected, looking in 'typescript__lib-es2020/intl'
Loading module '@typescript/lib-es2020/intl' from 'node_modules' folder, target file types: JavaScript.
Searching all ancestor node_modules directories for fallback extensions: JavaScript.
Directory '/Users/sherrychang/Documents/node_modules' does not exist, skipping all lookups in it.
Directory '/Users/node_modules' does not exist, skipping all lookups in it.
Directory '/node_modules' does not exist, skipping all lookups in it.
======== Module name '@typescript/lib-es2020/intl' was not resolved. ========
File '/Users/sherrychang/Documents/viridis-extension/node_modules/typescript/lib/package.json' does not exist according to earlier cached lookups.
File '/Users/sherrychang/Documents/viridis-extension/node_modules/typescript/package.json' exists according to earlier cached lookups.
======== Resolving module '@typescript/lib-es2020/date' from '/Users/sherrychang/Documents/viridis-extension/__lib_node_modules_lookup_lib.es2020.date.d.ts__.ts'. ========
Explicitly specified module resolution kind: 'Node10'.
Loading module '@typescript/lib-es2020/date' from 'node_modules' folder, target file types: TypeScript, Declaration.
Searching all ancestor node_modules directories for preferred extensions: TypeScript, Declaration.
Scoped package detected, looking in 'typescript__lib-es2020/date'
Directory '/Users/sherrychang/Documents/node_modules' does not exist, skipping all lookups in it.
Scoped package detected, looking in 'typescript__lib-es2020/date'
Scoped package detected, looking in 'typescript__lib-es2020/date'
Directory '/Users/node_modules' does not exist, skipping all lookups in it.
Scoped package detected, looking in 'typescript__lib-es2020/date'
Directory '/node_modules' does not exist, skipping all lookups in it.
Scoped package detected, looking in 'typescript__lib-es2020/date'
Loading module '@typescript/lib-es2020/date' from 'node_modules' folder, target file types: JavaScript.
Searching all ancestor node_modules directories for fallback extensions: JavaScript.
Directory '/Users/sherrychang/Documents/node_modules' does not exist, skipping all lookups in it.
Directory '/Users/node_modules' does not exist, skipping all lookups in it.
Directory '/node_modules' does not exist, skipping all lookups in it.
======== Module name '@typescript/lib-es2020/date' was not resolved. ========
File '/Users/sherrychang/Documents/viridis-extension/node_modules/typescript/lib/package.json' does not exist according to earlier cached lookups.
File '/Users/sherrychang/Documents/viridis-extension/node_modules/typescript/package.json' exists according to earlier cached lookups.
======== Resolving module '@typescript/lib-es2020/number' from '/Users/sherrychang/Documents/viridis-extension/__lib_node_modules_lookup_lib.es2020.number.d.ts__.ts'. ========
Explicitly specified module resolution kind: 'Node10'.
Loading module '@typescript/lib-es2020/number' from 'node_modules' folder, target file types: TypeScript, Declaration.
Searching all ancestor node_modules directories for preferred extensions: TypeScript, Declaration.
Scoped package detected, looking in 'typescript__lib-es2020/number'
Directory '/Users/sherrychang/Documents/node_modules' does not exist, skipping all lookups in it.
Scoped package detected, looking in 'typescript__lib-es2020/number'
Scoped package detected, looking in 'typescript__lib-es2020/number'
Directory '/Users/node_modules' does not exist, skipping all lookups in it.
Scoped package detected, looking in 'typescript__lib-es2020/number'
Directory '/node_modules' does not exist, skipping all lookups in it.
Scoped package detected, looking in 'typescript__lib-es2020/number'
Loading module '@typescript/lib-es2020/number' from 'node_modules' folder, target file types: JavaScript.
Searching all ancestor node_modules directories for fallback extensions: JavaScript.
Directory '/Users/sherrychang/Documents/node_modules' does not exist, skipping all lookups in it.
Directory '/Users/node_modules' does not exist, skipping all lookups in it.
Directory '/node_modules' does not exist, skipping all lookups in it.
======== Module name '@typescript/lib-es2020/number' was not resolved. ========
File '/Users/sherrychang/Documents/viridis-extension/node_modules/typescript/lib/package.json' does not exist according to earlier cached lookups.
File '/Users/sherrychang/Documents/viridis-extension/node_modules/typescript/package.json' exists according to earlier cached lookups.
======== Resolving module '@typescript/lib-es2020/promise' from '/Users/sherrychang/Documents/viridis-extension/__lib_node_modules_lookup_lib.es2020.promise.d.ts__.ts'. ========
Explicitly specified module resolution kind: 'Node10'.
Loading module '@typescript/lib-es2020/promise' from 'node_modules' folder, target file types: TypeScript, Declaration.
Searching all ancestor node_modules directories for preferred extensions: TypeScript, Declaration.
Scoped package detected, looking in 'typescript__lib-es2020/promise'
Directory '/Users/sherrychang/Documents/node_modules' does not exist, skipping all lookups in it.
Scoped package detected, looking in 'typescript__lib-es2020/promise'
Scoped package detected, looking in 'typescript__lib-es2020/promise'
Directory '/Users/node_modules' does not exist, skipping all lookups in it.
Scoped package detected, looking in 'typescript__lib-es2020/promise'
Directory '/node_modules' does not exist, skipping all lookups in it.
Scoped package detected, looking in 'typescript__lib-es2020/promise'
Loading module '@typescript/lib-es2020/promise' from 'node_modules' folder, target file types: JavaScript.
Searching all ancestor node_modules directories for fallback extensions: JavaScript.
Directory '/Users/sherrychang/Documents/node_modules' does not exist, skipping all lookups in it.
Directory '/Users/node_modules' does not exist, skipping all lookups in it.
Directory '/node_modules' does not exist, skipping all lookups in it.
======== Module name '@typescript/lib-es2020/promise' was not resolved. ========
File '/Users/sherrychang/Documents/viridis-extension/node_modules/typescript/lib/package.json' does not exist according to earlier cached lookups.
File '/Users/sherrychang/Documents/viridis-extension/node_modules/typescript/package.json' exists according to earlier cached lookups.
======== Resolving module '@typescript/lib-es2020/sharedmemory' from '/Users/sherrychang/Documents/viridis-extension/__lib_node_modules_lookup_lib.es2020.sharedmemory.d.ts__.ts'. ========
Explicitly specified module resolution kind: 'Node10'.
Loading module '@typescript/lib-es2020/sharedmemory' from 'node_modules' folder, target file types: TypeScript, Declaration.
Searching all ancestor node_modules directories for preferred extensions: TypeScript, Declaration.
Scoped package detected, looking in 'typescript__lib-es2020/sharedmemory'
Directory '/Users/sherrychang/Documents/node_modules' does not exist, skipping all lookups in it.
Scoped package detected, looking in 'typescript__lib-es2020/sharedmemory'
Scoped package detected, looking in 'typescript__lib-es2020/sharedmemory'
Directory '/Users/node_modules' does not exist, skipping all lookups in it.
Scoped package detected, looking in 'typescript__lib-es2020/sharedmemory'
Directory '/node_modules' does not exist, skipping all lookups in it.
Scoped package detected, looking in 'typescript__lib-es2020/sharedmemory'
Loading module '@typescript/lib-es2020/sharedmemory' from 'node_modules' folder, target file types: JavaScript.
Searching all ancestor node_modules directories for fallback extensions: JavaScript.
Directory '/Users/sherrychang/Documents/node_modules' does not exist, skipping all lookups in it.
Directory '/Users/node_modules' does not exist, skipping all lookups in it.
Directory '/node_modules' does not exist, skipping all lookups in it.
======== Module name '@typescript/lib-es2020/sharedmemory' was not resolved. ========
File '/Users/sherrychang/Documents/viridis-extension/node_modules/typescript/lib/package.json' does not exist according to earlier cached lookups.
File '/Users/sherrychang/Documents/viridis-extension/node_modules/typescript/package.json' exists according to earlier cached lookups.
======== Resolving module '@typescript/lib-es2020/string' from '/Users/sherrychang/Documents/viridis-extension/__lib_node_modules_lookup_lib.es2020.string.d.ts__.ts'. ========
Explicitly specified module resolution kind: 'Node10'.
Loading module '@typescript/lib-es2020/string' from 'node_modules' folder, target file types: TypeScript, Declaration.
Searching all ancestor node_modules directories for preferred extensions: TypeScript, Declaration.
Scoped package detected, looking in 'typescript__lib-es2020/string'
Directory '/Users/sherrychang/Documents/node_modules' does not exist, skipping all lookups in it.
Scoped package detected, looking in 'typescript__lib-es2020/string'
Scoped package detected, looking in 'typescript__lib-es2020/string'
Directory '/Users/node_modules' does not exist, skipping all lookups in it.
Scoped package detected, looking in 'typescript__lib-es2020/string'
Directory '/node_modules' does not exist, skipping all lookups in it.
Scoped package detected, looking in 'typescript__lib-es2020/string'
Loading module '@typescript/lib-es2020/string' from 'node_modules' folder, target file types: JavaScript.
Searching all ancestor node_modules directories for fallback extensions: JavaScript.
Directory '/Users/sherrychang/Documents/node_modules' does not exist, skipping all lookups in it.
Directory '/Users/node_modules' does not exist, skipping all lookups in it.
Directory '/node_modules' does not exist, skipping all lookups in it.
======== Module name '@typescript/lib-es2020/string' was not resolved. ========
File '/Users/sherrychang/Documents/viridis-extension/node_modules/typescript/lib/package.json' does not exist according to earlier cached lookups.
File '/Users/sherrychang/Documents/viridis-extension/node_modules/typescript/package.json' exists according to earlier cached lookups.
======== Resolving module '@typescript/lib-es2020/symbol-wellknown' from '/Users/sherrychang/Documents/viridis-extension/__lib_node_modules_lookup_lib.es2020.symbol.wellknown.d.ts__.ts'. ========
Explicitly specified module resolution kind: 'Node10'.
Loading module '@typescript/lib-es2020/symbol-wellknown' from 'node_modules' folder, target file types: TypeScript, Declaration.
Searching all ancestor node_modules directories for preferred extensions: TypeScript, Declaration.
Scoped package detected, looking in 'typescript__lib-es2020/symbol-wellknown'
Directory '/Users/sherrychang/Documents/node_modules' does not exist, skipping all lookups in it.
Scoped package detected, looking in 'typescript__lib-es2020/symbol-wellknown'
Scoped package detected, looking in 'typescript__lib-es2020/symbol-wellknown'
Directory '/Users/node_modules' does not exist, skipping all lookups in it.
Scoped package detected, looking in 'typescript__lib-es2020/symbol-wellknown'
Directory '/node_modules' does not exist, skipping all lookups in it.
Scoped package detected, looking in 'typescript__lib-es2020/symbol-wellknown'
Loading module '@typescript/lib-es2020/symbol-wellknown' from 'node_modules' folder, target file types: JavaScript.
Searching all ancestor node_modules directories for fallback extensions: JavaScript.
Directory '/Users/sherrychang/Documents/node_modules' does not exist, skipping all lookups in it.
Directory '/Users/node_modules' does not exist, skipping all lookups in it.
Directory '/node_modules' does not exist, skipping all lookups in it.
======== Module name '@typescript/lib-es2020/symbol-wellknown' was not resolved. ========
File '/Users/sherrychang/Documents/viridis-extension/node_modules/typescript/lib/package.json' does not exist according to earlier cached lookups.
File '/Users/sherrychang/Documents/viridis-extension/node_modules/typescript/package.json' exists according to earlier cached lookups.
======== Resolving module 'rollup' from '/Users/sherrychang/Documents/viridis-extension/node_modules/vite/dist/node/index.d.ts'. ========
Explicitly specified module resolution kind: 'Bundler'.
Resolving in CJS mode with conditions 'import', 'types'.
File '/Users/sherrychang/Documents/viridis-extension/node_modules/vite/dist/node/package.json' does not exist according to earlier cached lookups.
File '/Users/sherrychang/Documents/viridis-extension/node_modules/vite/dist/package.json' does not exist according to earlier cached lookups.
File '/Users/sherrychang/Documents/viridis-extension/node_modules/vite/package.json' exists according to earlier cached lookups.
Loading module 'rollup' from 'node_modules' folder, target file types: TypeScript, JavaScript, Declaration, JSON.
Searching all ancestor node_modules directories for preferred extensions: TypeScript, Declaration.
Directory '/Users/sherrychang/Documents/viridis-extension/node_modules/vite/dist/node/node_modules' does not exist, skipping all lookups in it.
Directory '/Users/sherrychang/Documents/viridis-extension/node_modules/vite/dist/node_modules' does not exist, skipping all lookups in it.
Directory '/Users/sherrychang/Documents/viridis-extension/node_modules/vite/node_modules' does not exist, skipping all lookups in it.
Found 'package.json' at '/Users/sherrychang/Documents/viridis-extension/node_modules/rollup/package.json'.
Entering conditional exports.
Matched 'exports' condition 'types'.
Using 'exports' subpath '.' with target './dist/rollup.d.ts'.
File '/Users/sherrychang/Documents/viridis-extension/node_modules/rollup/dist/rollup.d.ts' exists - use it as a name resolution result.
'package.json' does not have a 'peerDependencies' field.
Resolved under condition 'types'.
Exiting conditional exports.
Resolving real path for '/Users/sherrychang/Documents/viridis-extension/node_modules/rollup/dist/rollup.d.ts', result '/Users/sherrychang/Documents/viridis-extension/node_modules/rollup/dist/rollup.d.ts'.
======== Module name 'rollup' was successfully resolved to '/Users/sherrychang/Documents/viridis-extension/node_modules/rollup/dist/rollup.d.ts' with Package ID 'rollup/dist/rollup.d.ts@4.24.0'. ========
======== Resolving module 'rollup/parseAst' from '/Users/sherrychang/Documents/viridis-extension/node_modules/vite/dist/node/index.d.ts'. ========
Explicitly specified module resolution kind: 'Bundler'.
Resolving in CJS mode with conditions 'import', 'types'.
File '/Users/sherrychang/Documents/viridis-extension/node_modules/vite/dist/node/package.json' does not exist according to earlier cached lookups.
File '/Users/sherrychang/Documents/viridis-extension/node_modules/vite/dist/package.json' does not exist according to earlier cached lookups.
File '/Users/sherrychang/Documents/viridis-extension/node_modules/vite/package.json' exists according to earlier cached lookups.
Loading module 'rollup/parseAst' from 'node_modules' folder, target file types: TypeScript, JavaScript, Declaration, JSON.
Searching all ancestor node_modules directories for preferred extensions: TypeScript, Declaration.
Directory '/Users/sherrychang/Documents/viridis-extension/node_modules/vite/dist/node/node_modules' does not exist, skipping all lookups in it.
Directory '/Users/sherrychang/Documents/viridis-extension/node_modules/vite/dist/node_modules' does not exist, skipping all lookups in it.
Directory '/Users/sherrychang/Documents/viridis-extension/node_modules/vite/node_modules' does not exist, skipping all lookups in it.
File '/Users/sherrychang/Documents/viridis-extension/node_modules/rollup/package.json' exists according to earlier cached lookups.
Entering conditional exports.
Matched 'exports' condition 'types'.
Using 'exports' subpath './parseAst' with target './dist/parseAst.d.ts'.
File '/Users/sherrychang/Documents/viridis-extension/node_modules/rollup/dist/parseAst.d.ts' exists - use it as a name resolution result.
Resolved under condition 'types'.
Exiting conditional exports.
Resolving real path for '/Users/sherrychang/Documents/viridis-extension/node_modules/rollup/dist/parseAst.d.ts', result '/Users/sherrychang/Documents/viridis-extension/node_modules/rollup/dist/parseAst.d.ts'.
======== Module name 'rollup/parseAst' was successfully resolved to '/Users/sherrychang/Documents/viridis-extension/node_modules/rollup/dist/parseAst.d.ts' with Package ID 'rollup/dist/parseAst.d.ts@4.24.0'. ========
======== Resolving module 'node:http' from '/Users/sherrychang/Documents/viridis-extension/node_modules/vite/dist/node/index.d.ts'. ========
Explicitly specified module resolution kind: 'Bundler'.
Resolving in CJS mode with conditions 'import', 'types'.
File '/Users/sherrychang/Documents/viridis-extension/node_modules/vite/dist/node/package.json' does not exist according to earlier cached lookups.
File '/Users/sherrychang/Documents/viridis-extension/node_modules/vite/dist/package.json' does not exist according to earlier cached lookups.
File '/Users/sherrychang/Documents/viridis-extension/node_modules/vite/package.json' exists according to earlier cached lookups.
Skipping module 'node:http' that looks like an absolute URI, target file types: TypeScript, JavaScript, Declaration, JSON.
======== Module name 'node:http' was not resolved. ========
======== Resolving module 'node:http2' from '/Users/sherrychang/Documents/viridis-extension/node_modules/vite/dist/node/index.d.ts'. ========
Explicitly specified module resolution kind: 'Bundler'.
Resolving in CJS mode with conditions 'import', 'types'.
File '/Users/sherrychang/Documents/viridis-extension/node_modules/vite/dist/node/package.json' does not exist according to earlier cached lookups.
File '/Users/sherrychang/Documents/viridis-extension/node_modules/vite/dist/package.json' does not exist according to earlier cached lookups.
File '/Users/sherrychang/Documents/viridis-extension/node_modules/vite/package.json' exists according to earlier cached lookups.
Skipping module 'node:http2' that looks like an absolute URI, target file types: TypeScript, JavaScript, Declaration, JSON.
======== Module name 'node:http2' was not resolved. ========
======== Resolving module 'node:fs' from '/Users/sherrychang/Documents/viridis-extension/node_modules/vite/dist/node/index.d.ts'. ========
Explicitly specified module resolution kind: 'Bundler'.
Resolving in CJS mode with conditions 'import', 'types'.
File '/Users/sherrychang/Documents/viridis-extension/node_modules/vite/dist/node/package.json' does not exist according to earlier cached lookups.
File '/Users/sherrychang/Documents/viridis-extension/node_modules/vite/dist/package.json' does not exist according to earlier cached lookups.
File '/Users/sherrychang/Documents/viridis-extension/node_modules/vite/package.json' exists according to earlier cached lookups.
Skipping module 'node:fs' that looks like an absolute URI, target file types: TypeScript, JavaScript, Declaration, JSON.
======== Module name 'node:fs' was not resolved. ========
======== Resolving module 'node:events' from '/Users/sherrychang/Documents/viridis-extension/node_modules/vite/dist/node/index.d.ts'. ========
Explicitly specified module resolution kind: 'Bundler'.
Resolving in CJS mode with conditions 'import', 'types'.
File '/Users/sherrychang/Documents/viridis-extension/node_modules/vite/dist/node/package.json' does not exist according to earlier cached lookups.
File '/Users/sherrychang/Documents/viridis-extension/node_modules/vite/dist/package.json' does not exist according to earlier cached lookups.
File '/Users/sherrychang/Documents/viridis-extension/node_modules/vite/package.json' exists according to earlier cached lookups.
Skipping module 'node:events' that looks like an absolute URI, target file types: TypeScript, JavaScript, Declaration, JSON.
======== Module name 'node:events' was not resolved. ========
======== Resolving module 'node:https' from '/Users/sherrychang/Documents/viridis-extension/node_modules/vite/dist/node/index.d.ts'. ========
Explicitly specified module resolution kind: 'Bundler'.
Resolving in CJS mode with conditions 'import', 'types'.
File '/Users/sherrychang/Documents/viridis-extension/node_modules/vite/dist/node/package.json' does not exist according to earlier cached lookups.
File '/Users/sherrychang/Documents/viridis-extension/node_modules/vite/dist/package.json' does not exist according to earlier cached lookups.
File '/Users/sherrychang/Documents/viridis-extension/node_modules/vite/package.json' exists according to earlier cached lookups.
Skipping module 'node:https' that looks like an absolute URI, target file types: TypeScript, JavaScript, Declaration, JSON.
======== Module name 'node:https' was not resolved. ========
======== Resolving module 'node:net' from '/Users/sherrychang/Documents/viridis-extension/node_modules/vite/dist/node/index.d.ts'. ========
Explicitly specified module resolution kind: 'Bundler'.
Resolving in CJS mode with conditions 'import', 'types'.
File '/Users/sherrychang/Documents/viridis-extension/node_modules/vite/dist/node/package.json' does not exist according to earlier cached lookups.
File '/Users/sherrychang/Documents/viridis-extension/node_modules/vite/dist/package.json' does not exist according to earlier cached lookups.
File '/Users/sherrychang/Documents/viridis-extension/node_modules/vite/package.json' exists according to earlier cached lookups.
Skipping module 'node:net' that looks like an absolute URI, target file types: TypeScript, JavaScript, Declaration, JSON.
======== Module name 'node:net' was not resolved. ========
======== Resolving module 'node:url' from '/Users/sherrychang/Documents/viridis-extension/node_modules/vite/dist/node/index.d.ts'. ========
Explicitly specified module resolution kind: 'Bundler'.
Resolving in CJS mode with conditions 'import', 'types'.
File '/Users/sherrychang/Documents/viridis-extension/node_modules/vite/dist/node/package.json' does not exist according to earlier cached lookups.
File '/Users/sherrychang/Documents/viridis-extension/node_modules/vite/dist/package.json' does not exist according to earlier cached lookups.
File '/Users/sherrychang/Documents/viridis-extension/node_modules/vite/package.json' exists according to earlier cached lookups.
Skipping module 'node:url' that looks like an absolute URI, target file types: TypeScript, JavaScript, Declaration, JSON.
======== Module name 'node:url' was not resolved. ========
======== Resolving module 'node:stream' from '/Users/sherrychang/Documents/viridis-extension/node_modules/vite/dist/node/index.d.ts'. ========
Explicitly specified module resolution kind: 'Bundler'.
Resolving in CJS mode with conditions 'import', 'types'.
File '/Users/sherrychang/Documents/viridis-extension/node_modules/vite/dist/node/package.json' does not exist according to earlier cached lookups.
File '/Users/sherrychang/Documents/viridis-extension/node_modules/vite/dist/package.json' does not exist according to earlier cached lookups.
File '/Users/sherrychang/Documents/viridis-extension/node_modules/vite/package.json' exists according to earlier cached lookups.
Skipping module 'node:stream' that looks like an absolute URI, target file types: TypeScript, JavaScript, Declaration, JSON.
======== Module name 'node:stream' was not resolved. ========
======== Resolving module './types.d-aGj9QkWt.js' from '/Users/sherrychang/Documents/viridis-extension/node_modules/vite/dist/node/index.d.ts'. ========
Explicitly specified module resolution kind: 'Bundler'.
Resolving in CJS mode with conditions 'import', 'types'.
Loading module as file / folder, candidate module location '/Users/sherrychang/Documents/viridis-extension/node_modules/vite/dist/node/types.d-aGj9QkWt.js', target file types: TypeScript, JavaScript, Declaration, JSON.
File name '/Users/sherrychang/Documents/viridis-extension/node_modules/vite/dist/node/types.d-aGj9QkWt.js' has a '.js' extension - stripping it.
File '/Users/sherrychang/Documents/viridis-extension/node_modules/vite/dist/node/types.d-aGj9QkWt.ts' does not exist.
File '/Users/sherrychang/Documents/viridis-extension/node_modules/vite/dist/node/types.d-aGj9QkWt.tsx' does not exist.
File '/Users/sherrychang/Documents/viridis-extension/node_modules/vite/dist/node/types.d-aGj9QkWt.d.ts' exists - use it as a name resolution result.
File '/Users/sherrychang/Documents/viridis-extension/node_modules/vite/package.json' exists according to earlier cached lookups.
======== Module name './types.d-aGj9QkWt.js' was successfully resolved to '/Users/sherrychang/Documents/viridis-extension/node_modules/vite/dist/node/types.d-aGj9QkWt.d.ts' with Package ID 'vite/dist/node/types.d-aGj9QkWt.d.ts@5.4.8'. ========
======== Resolving module 'node:tls' from '/Users/sherrychang/Documents/viridis-extension/node_modules/vite/dist/node/index.d.ts'. ========
Explicitly specified module resolution kind: 'Bundler'.
Resolving in CJS mode with conditions 'import', 'types'.
File '/Users/sherrychang/Documents/viridis-extension/node_modules/vite/dist/node/package.json' does not exist according to earlier cached lookups.
File '/Users/sherrychang/Documents/viridis-extension/node_modules/vite/dist/package.json' does not exist according to earlier cached lookups.
File '/Users/sherrychang/Documents/viridis-extension/node_modules/vite/package.json' exists according to earlier cached lookups.
Skipping module 'node:tls' that looks like an absolute URI, target file types: TypeScript, JavaScript, Declaration, JSON.
======== Module name 'node:tls' was not resolved. ========
======== Resolving module 'node:zlib' from '/Users/sherrychang/Documents/viridis-extension/node_modules/vite/dist/node/index.d.ts'. ========
Explicitly specified module resolution kind: 'Bundler'.
Resolving in CJS mode with conditions 'import', 'types'.
File '/Users/sherrychang/Documents/viridis-extension/node_modules/vite/dist/node/package.json' does not exist according to earlier cached lookups.
File '/Users/sherrychang/Documents/viridis-extension/node_modules/vite/dist/package.json' does not exist according to earlier cached lookups.
File '/Users/sherrychang/Documents/viridis-extension/node_modules/vite/package.json' exists according to earlier cached lookups.
Skipping module 'node:zlib' that looks like an absolute URI, target file types: TypeScript, JavaScript, Declaration, JSON.
======== Module name 'node:zlib' was not resolved. ========
======== Resolving module '../../types/hmrPayload.js' from '/Users/sherrychang/Documents/viridis-extension/node_modules/vite/dist/node/index.d.ts'. ========
Explicitly specified module resolution kind: 'Bundler'.
Resolving in CJS mode with conditions 'import', 'types'.
Loading module as file / folder, candidate module location '/Users/sherrychang/Documents/viridis-extension/node_modules/vite/types/hmrPayload.js', target file types: TypeScript, JavaScript, Declaration, JSON.
File name '/Users/sherrychang/Documents/viridis-extension/node_modules/vite/types/hmrPayload.js' has a '.js' extension - stripping it.
File '/Users/sherrychang/Documents/viridis-extension/node_modules/vite/types/hmrPayload.ts' does not exist.
File '/Users/sherrychang/Documents/viridis-extension/node_modules/vite/types/hmrPayload.tsx' does not exist.
File '/Users/sherrychang/Documents/viridis-extension/node_modules/vite/types/hmrPayload.d.ts' exists - use it as a name resolution result.
File '/Users/sherrychang/Documents/viridis-extension/node_modules/vite/package.json' exists according to earlier cached lookups.
======== Module name '../../types/hmrPayload.js' was successfully resolved to '/Users/sherrychang/Documents/viridis-extension/node_modules/vite/types/hmrPayload.d.ts' with Package ID 'vite/types/hmrPayload.d.ts@5.4.8'. ========
======== Resolving module '../../types/customEvent.js' from '/Users/sherrychang/Documents/viridis-extension/node_modules/vite/dist/node/index.d.ts'. ========
Explicitly specified module resolution kind: 'Bundler'.
Resolving in CJS mode with conditions 'import', 'types'.
Loading module as file / folder, candidate module location '/Users/sherrychang/Documents/viridis-extension/node_modules/vite/types/customEvent.js', target file types: TypeScript, JavaScript, Declaration, JSON.
File name '/Users/sherrychang/Documents/viridis-extension/node_modules/vite/types/customEvent.js' has a '.js' extension - stripping it.
File '/Users/sherrychang/Documents/viridis-extension/node_modules/vite/types/customEvent.ts' does not exist.
File '/Users/sherrychang/Documents/viridis-extension/node_modules/vite/types/customEvent.tsx' does not exist.
File '/Users/sherrychang/Documents/viridis-extension/node_modules/vite/types/customEvent.d.ts' exists - use it as a name resolution result.
File '/Users/sherrychang/Documents/viridis-extension/node_modules/vite/package.json' exists according to earlier cached lookups.
======== Module name '../../types/customEvent.js' was successfully resolved to '/Users/sherrychang/Documents/viridis-extension/node_modules/vite/types/customEvent.d.ts' with Package ID 'vite/types/customEvent.d.ts@5.4.8'. ========
======== Resolving module 'esbuild' from '/Users/sherrychang/Documents/viridis-extension/node_modules/vite/dist/node/index.d.ts'. ========
Explicitly specified module resolution kind: 'Bundler'.
Resolving in CJS mode with conditions 'import', 'types'.
File '/Users/sherrychang/Documents/viridis-extension/node_modules/vite/dist/node/package.json' does not exist according to earlier cached lookups.
File '/Users/sherrychang/Documents/viridis-extension/node_modules/vite/dist/package.json' does not exist according to earlier cached lookups.
File '/Users/sherrychang/Documents/viridis-extension/node_modules/vite/package.json' exists according to earlier cached lookups.
Loading module 'esbuild' from 'node_modules' folder, target file types: TypeScript, JavaScript, Declaration, JSON.
Searching all ancestor node_modules directories for preferred extensions: TypeScript, Declaration.
Directory '/Users/sherrychang/Documents/viridis-extension/node_modules/vite/dist/node/node_modules' does not exist, skipping all lookups in it.
Directory '/Users/sherrychang/Documents/viridis-extension/node_modules/vite/dist/node_modules' does not exist, skipping all lookups in it.
Directory '/Users/sherrychang/Documents/viridis-extension/node_modules/vite/node_modules' does not exist, skipping all lookups in it.
Found 'package.json' at '/Users/sherrychang/Documents/viridis-extension/node_modules/esbuild/package.json'.
File '/Users/sherrychang/Documents/viridis-extension/node_modules/esbuild.ts' does not exist.
File '/Users/sherrychang/Documents/viridis-extension/node_modules/esbuild.tsx' does not exist.
File '/Users/sherrychang/Documents/viridis-extension/node_modules/esbuild.d.ts' does not exist.
'package.json' does not have a 'typesVersions' field.
'package.json' does not have a 'typings' field.
'package.json' has 'types' field 'lib/main.d.ts' that references '/Users/sherrychang/Documents/viridis-extension/node_modules/esbuild/lib/main.d.ts'.
File '/Users/sherrychang/Documents/viridis-extension/node_modules/esbuild/lib/main.d.ts' exists - use it as a name resolution result.
'package.json' does not have a 'peerDependencies' field.
Resolving real path for '/Users/sherrychang/Documents/viridis-extension/node_modules/esbuild/lib/main.d.ts', result '/Users/sherrychang/Documents/viridis-extension/node_modules/esbuild/lib/main.d.ts'.
======== Module name 'esbuild' was successfully resolved to '/Users/sherrychang/Documents/viridis-extension/node_modules/esbuild/lib/main.d.ts' with Package ID 'esbuild/lib/main.d.ts@0.21.5'. ========
======== Resolving module 'postcss' from '/Users/sherrychang/Documents/viridis-extension/node_modules/vite/dist/node/index.d.ts'. ========
Explicitly specified module resolution kind: 'Bundler'.
Resolving in CJS mode with conditions 'import', 'types'.
File '/Users/sherrychang/Documents/viridis-extension/node_modules/vite/dist/node/package.json' does not exist according to earlier cached lookups.
File '/Users/sherrychang/Documents/viridis-extension/node_modules/vite/dist/package.json' does not exist according to earlier cached lookups.
File '/Users/sherrychang/Documents/viridis-extension/node_modules/vite/package.json' exists according to earlier cached lookups.
Loading module 'postcss' from 'node_modules' folder, target file types: TypeScript, JavaScript, Declaration, JSON.
Searching all ancestor node_modules directories for preferred extensions: TypeScript, Declaration.
Directory '/Users/sherrychang/Documents/viridis-extension/node_modules/vite/dist/node/node_modules' does not exist, skipping all lookups in it.
Directory '/Users/sherrychang/Documents/viridis-extension/node_modules/vite/dist/node_modules' does not exist, skipping all lookups in it.
Directory '/Users/sherrychang/Documents/viridis-extension/node_modules/vite/node_modules' does not exist, skipping all lookups in it.
Found 'package.json' at '/Users/sherrychang/Documents/viridis-extension/node_modules/postcss/package.json'.
Entering conditional exports.
Saw non-matching condition 'require'.
Matched 'exports' condition 'import'.
Using 'exports' subpath '.' with target './lib/postcss.mjs'.
File name '/Users/sherrychang/Documents/viridis-extension/node_modules/postcss/lib/postcss.mjs' has a '.mjs' extension - stripping it.
File '/Users/sherrychang/Documents/viridis-extension/node_modules/postcss/lib/postcss.mts' does not exist.
File '/Users/sherrychang/Documents/viridis-extension/node_modules/postcss/lib/postcss.d.mts' exists - use it as a name resolution result.
'package.json' does not have a 'peerDependencies' field.
Resolved under condition 'import'.
Exiting conditional exports.
Resolving real path for '/Users/sherrychang/Documents/viridis-extension/node_modules/postcss/lib/postcss.d.mts', result '/Users/sherrychang/Documents/viridis-extension/node_modules/postcss/lib/postcss.d.mts'.
======== Module name 'postcss' was successfully resolved to '/Users/sherrychang/Documents/viridis-extension/node_modules/postcss/lib/postcss.d.mts' with Package ID 'postcss/lib/postcss.d.mts@8.4.47'. ========
======== Resolving module 'vite/runtime' from '/Users/sherrychang/Documents/viridis-extension/node_modules/vite/dist/node/index.d.ts'. ========
Explicitly specified module resolution kind: 'Bundler'.
Resolving in CJS mode with conditions 'import', 'types'.
File '/Users/sherrychang/Documents/viridis-extension/node_modules/vite/dist/node/package.json' does not exist according to earlier cached lookups.
File '/Users/sherrychang/Documents/viridis-extension/node_modules/vite/dist/package.json' does not exist according to earlier cached lookups.
File '/Users/sherrychang/Documents/viridis-extension/node_modules/vite/package.json' exists according to earlier cached lookups.
Entering conditional exports.
Matched 'exports' condition 'types'.
Using 'exports' subpath './runtime' with target './dist/node/runtime.d.ts'.
File '/Users/sherrychang/Documents/viridis-extension/node_modules/vite/dist/node/runtime.d.ts' exists - use it as a name resolution result.
Resolved under condition 'types'.
Exiting conditional exports.
Resolving real path for '/Users/sherrychang/Documents/viridis-extension/node_modules/vite/dist/node/runtime.d.ts', result '/Users/sherrychang/Documents/viridis-extension/node_modules/vite/dist/node/runtime.d.ts'.
======== Module name 'vite/runtime' was successfully resolved to '/Users/sherrychang/Documents/viridis-extension/node_modules/vite/dist/node/runtime.d.ts' with Package ID 'vite/dist/node/runtime.d.ts@5.4.8'. ========
======== Resolving module '../../types/importGlob.js' from '/Users/sherrychang/Documents/viridis-extension/node_modules/vite/dist/node/index.d.ts'. ========
Explicitly specified module resolution kind: 'Bundler'.
Resolving in CJS mode with conditions 'import', 'types'.
Loading module as file / folder, candidate module location '/Users/sherrychang/Documents/viridis-extension/node_modules/vite/types/importGlob.js', target file types: TypeScript, JavaScript, Declaration, JSON.
File name '/Users/sherrychang/Documents/viridis-extension/node_modules/vite/types/importGlob.js' has a '.js' extension - stripping it.
File '/Users/sherrychang/Documents/viridis-extension/node_modules/vite/types/importGlob.ts' does not exist.
File '/Users/sherrychang/Documents/viridis-extension/node_modules/vite/types/importGlob.tsx' does not exist.
File '/Users/sherrychang/Documents/viridis-extension/node_modules/vite/types/importGlob.d.ts' exists - use it as a name resolution result.
File '/Users/sherrychang/Documents/viridis-extension/node_modules/vite/package.json' exists according to earlier cached lookups.
======== Module name '../../types/importGlob.js' was successfully resolved to '/Users/sherrychang/Documents/viridis-extension/node_modules/vite/types/importGlob.d.ts' with Package ID 'vite/types/importGlob.d.ts@5.4.8'. ========
======== Resolving module '../../types/metadata.js' from '/Users/sherrychang/Documents/viridis-extension/node_modules/vite/dist/node/index.d.ts'. ========
Explicitly specified module resolution kind: 'Bundler'.
Resolving in CJS mode with conditions 'import', 'types'.
Loading module as file / folder, candidate module location '/Users/sherrychang/Documents/viridis-extension/node_modules/vite/types/metadata.js', target file types: TypeScript, JavaScript, Declaration, JSON.
File name '/Users/sherrychang/Documents/viridis-extension/node_modules/vite/types/metadata.js' has a '.js' extension - stripping it.
File '/Users/sherrychang/Documents/viridis-extension/node_modules/vite/types/metadata.ts' does not exist.
File '/Users/sherrychang/Documents/viridis-extension/node_modules/vite/types/metadata.tsx' does not exist.
File '/Users/sherrychang/Documents/viridis-extension/node_modules/vite/types/metadata.d.ts' exists - use it as a name resolution result.
File '/Users/sherrychang/Documents/viridis-extension/node_modules/vite/package.json' exists according to earlier cached lookups.
======== Module name '../../types/metadata.js' was successfully resolved to '/Users/sherrychang/Documents/viridis-extension/node_modules/vite/types/metadata.d.ts' with Package ID 'vite/types/metadata.d.ts@5.4.8'. ========
======== Resolving module '../../types/hot.js' from '/Users/sherrychang/Documents/viridis-extension/node_modules/vite/dist/node/index.d.ts'. ========
Explicitly specified module resolution kind: 'Bundler'.
Resolving in CJS mode with conditions 'import', 'types'.
Loading module as file / folder, candidate module location '/Users/sherrychang/Documents/viridis-extension/node_modules/vite/types/hot.js', target file types: TypeScript, JavaScript, Declaration, JSON.
File name '/Users/sherrychang/Documents/viridis-extension/node_modules/vite/types/hot.js' has a '.js' extension - stripping it.
File '/Users/sherrychang/Documents/viridis-extension/node_modules/vite/types/hot.ts' does not exist.
File '/Users/sherrychang/Documents/viridis-extension/node_modules/vite/types/hot.tsx' does not exist.
File '/Users/sherrychang/Documents/viridis-extension/node_modules/vite/types/hot.d.ts' exists - use it as a name resolution result.
File '/Users/sherrychang/Documents/viridis-extension/node_modules/vite/package.json' exists according to earlier cached lookups.
======== Module name '../../types/hot.js' was successfully resolved to '/Users/sherrychang/Documents/viridis-extension/node_modules/vite/types/hot.d.ts' with Package ID 'vite/types/hot.d.ts@5.4.8'. ========
File '/Users/sherrychang/Documents/viridis-extension/node_modules/rollup/dist/package.json' does not exist.
File '/Users/sherrychang/Documents/viridis-extension/node_modules/rollup/package.json' exists according to earlier cached lookups.
======== Resolving module 'estree' from '/Users/sherrychang/Documents/viridis-extension/node_modules/rollup/dist/rollup.d.ts'. ========
Explicitly specified module resolution kind: 'Bundler'.
Resolving in CJS mode with conditions 'import', 'types'.
File '/Users/sherrychang/Documents/viridis-extension/node_modules/rollup/dist/package.json' does not exist according to earlier cached lookups.
File '/Users/sherrychang/Documents/viridis-extension/node_modules/rollup/package.json' exists according to earlier cached lookups.
Loading module 'estree' from 'node_modules' folder, target file types: TypeScript, JavaScript, Declaration, JSON.
Searching all ancestor node_modules directories for preferred extensions: TypeScript, Declaration.
Directory '/Users/sherrychang/Documents/viridis-extension/node_modules/rollup/dist/node_modules' does not exist, skipping all lookups in it.
Directory '/Users/sherrychang/Documents/viridis-extension/node_modules/rollup/node_modules' does not exist, skipping all lookups in it.
File '/Users/sherrychang/Documents/viridis-extension/node_modules/estree.ts' does not exist.
File '/Users/sherrychang/Documents/viridis-extension/node_modules/estree.tsx' does not exist.
File '/Users/sherrychang/Documents/viridis-extension/node_modules/estree.d.ts' does not exist.
Found 'package.json' at '/Users/sherrychang/Documents/viridis-extension/node_modules/@types/estree/package.json'.
File '/Users/sherrychang/Documents/viridis-extension/node_modules/@types/estree.d.ts' does not exist.
'package.json' does not have a 'typesVersions' field.
'package.json' does not have a 'typings' field.
'package.json' has 'types' field 'index.d.ts' that references '/Users/sherrychang/Documents/viridis-extension/node_modules/@types/estree/index.d.ts'.
File '/Users/sherrychang/Documents/viridis-extension/node_modules/@types/estree/index.d.ts' exists - use it as a name resolution result.
'package.json' does not have a 'peerDependencies' field.
Resolving real path for '/Users/sherrychang/Documents/viridis-extension/node_modules/@types/estree/index.d.ts', result '/Users/sherrychang/Documents/viridis-extension/node_modules/@types/estree/index.d.ts'.
======== Module name 'estree' was successfully resolved to '/Users/sherrychang/Documents/viridis-extension/node_modules/@types/estree/index.d.ts' with Package ID '@types/estree/index.d.ts@1.0.6'. ========
File '/Users/sherrychang/Documents/viridis-extension/node_modules/@types/estree/package.json' exists according to earlier cached lookups.
File '/Users/sherrychang/Documents/viridis-extension/node_modules/rollup/dist/package.json' does not exist according to earlier cached lookups.
File '/Users/sherrychang/Documents/viridis-extension/node_modules/rollup/package.json' exists according to earlier cached lookups.
======== Resolving module './rollup' from '/Users/sherrychang/Documents/viridis-extension/node_modules/rollup/dist/parseAst.d.ts'. ========
Explicitly specified module resolution kind: 'Bundler'.
Resolving in CJS mode with conditions 'import', 'types'.
Loading module as file / folder, candidate module location '/Users/sherrychang/Documents/viridis-extension/node_modules/rollup/dist/rollup', target file types: TypeScript, JavaScript, Declaration, JSON.
File '/Users/sherrychang/Documents/viridis-extension/node_modules/rollup/dist/rollup.ts' does not exist.
File '/Users/sherrychang/Documents/viridis-extension/node_modules/rollup/dist/rollup.tsx' does not exist.
File '/Users/sherrychang/Documents/viridis-extension/node_modules/rollup/dist/rollup.d.ts' exists - use it as a name resolution result.
File '/Users/sherrychang/Documents/viridis-extension/node_modules/rollup/package.json' exists according to earlier cached lookups.
======== Module name './rollup' was successfully resolved to '/Users/sherrychang/Documents/viridis-extension/node_modules/rollup/dist/rollup.d.ts' with Package ID 'rollup/dist/rollup.d.ts@4.24.0'. ========
File '/Users/sherrychang/Documents/viridis-extension/node_modules/vite/dist/node/package.json' does not exist according to earlier cached lookups.
File '/Users/sherrychang/Documents/viridis-extension/node_modules/vite/dist/package.json' does not exist according to earlier cached lookups.
File '/Users/sherrychang/Documents/viridis-extension/node_modules/vite/package.json' exists according to earlier cached lookups.
======== Resolving module '../../types/hot.js' from '/Users/sherrychang/Documents/viridis-extension/node_modules/vite/dist/node/types.d-aGj9QkWt.d.ts'. ========
Resolution for module '../../types/hot.js' was found in cache from location '/Users/sherrychang/Documents/viridis-extension/node_modules/vite/dist/node'.
======== Module name '../../types/hot.js' was successfully resolved to '/Users/sherrychang/Documents/viridis-extension/node_modules/vite/types/hot.d.ts' with Package ID 'vite/types/hot.d.ts@5.4.8'. ========
======== Resolving module '../../types/hmrPayload.js' from '/Users/sherrychang/Documents/viridis-extension/node_modules/vite/dist/node/types.d-aGj9QkWt.d.ts'. ========
Resolution for module '../../types/hmrPayload.js' was found in cache from location '/Users/sherrychang/Documents/viridis-extension/node_modules/vite/dist/node'.
======== Module name '../../types/hmrPayload.js' was successfully resolved to '/Users/sherrychang/Documents/viridis-extension/node_modules/vite/types/hmrPayload.d.ts' with Package ID 'vite/types/hmrPayload.d.ts@5.4.8'. ========
======== Resolving module '../../types/customEvent.js' from '/Users/sherrychang/Documents/viridis-extension/node_modules/vite/dist/node/types.d-aGj9QkWt.d.ts'. ========
Resolution for module '../../types/customEvent.js' was found in cache from location '/Users/sherrychang/Documents/viridis-extension/node_modules/vite/dist/node'.
======== Module name '../../types/customEvent.js' was successfully resolved to '/Users/sherrychang/Documents/viridis-extension/node_modules/vite/types/customEvent.d.ts' with Package ID 'vite/types/customEvent.d.ts@5.4.8'. ========
File '/Users/sherrychang/Documents/viridis-extension/node_modules/esbuild/lib/package.json' does not exist.
File '/Users/sherrychang/Documents/viridis-extension/node_modules/esbuild/package.json' exists according to earlier cached lookups.
======== Resolving module './postcss.js' from '/Users/sherrychang/Documents/viridis-extension/node_modules/postcss/lib/postcss.d.mts'. ========
Explicitly specified module resolution kind: 'Bundler'.
Resolving in CJS mode with conditions 'import', 'types'.
Loading module as file / folder, candidate module location '/Users/sherrychang/Documents/viridis-extension/node_modules/postcss/lib/postcss.js', target file types: TypeScript, JavaScript, Declaration, JSON.
File name '/Users/sherrychang/Documents/viridis-extension/node_modules/postcss/lib/postcss.js' has a '.js' extension - stripping it.
File '/Users/sherrychang/Documents/viridis-extension/node_modules/postcss/lib/postcss.ts' does not exist.
File '/Users/sherrychang/Documents/viridis-extension/node_modules/postcss/lib/postcss.tsx' does not exist.
File '/Users/sherrychang/Documents/viridis-extension/node_modules/postcss/lib/postcss.d.ts' exists - use it as a name resolution result.
File '/Users/sherrychang/Documents/viridis-extension/node_modules/postcss/package.json' exists according to earlier cached lookups.
======== Module name './postcss.js' was successfully resolved to '/Users/sherrychang/Documents/viridis-extension/node_modules/postcss/lib/postcss.d.ts' with Package ID 'postcss/lib/postcss.d.ts@8.4.47'. ========
File '/Users/sherrychang/Documents/viridis-extension/node_modules/postcss/lib/package.json' does not exist.
File '/Users/sherrychang/Documents/viridis-extension/node_modules/postcss/package.json' exists according to earlier cached lookups.
======== Resolving module 'source-map-js' from '/Users/sherrychang/Documents/viridis-extension/node_modules/postcss/lib/postcss.d.ts'. ========
Explicitly specified module resolution kind: 'Bundler'.
Resolving in CJS mode with conditions 'import', 'types'.
File '/Users/sherrychang/Documents/viridis-extension/node_modules/postcss/lib/package.json' does not exist according to earlier cached lookups.
File '/Users/sherrychang/Documents/viridis-extension/node_modules/postcss/package.json' exists according to earlier cached lookups.
Loading module 'source-map-js' from 'node_modules' folder, target file types: TypeScript, JavaScript, Declaration, JSON.
Searching all ancestor node_modules directories for preferred extensions: TypeScript, Declaration.
Directory '/Users/sherrychang/Documents/viridis-extension/node_modules/postcss/lib/node_modules' does not exist, skipping all lookups in it.
Directory '/Users/sherrychang/Documents/viridis-extension/node_modules/postcss/node_modules' does not exist, skipping all lookups in it.
Found 'package.json' at '/Users/sherrychang/Documents/viridis-extension/node_modules/source-map-js/package.json'.
File '/Users/sherrychang/Documents/viridis-extension/node_modules/source-map-js.ts' does not exist.
File '/Users/sherrychang/Documents/viridis-extension/node_modules/source-map-js.tsx' does not exist.
File '/Users/sherrychang/Documents/viridis-extension/node_modules/source-map-js.d.ts' does not exist.
'package.json' does not have a 'typesVersions' field.
'package.json' has 'typings' field 'source-map.d.ts' that references '/Users/sherrychang/Documents/viridis-extension/node_modules/source-map-js/source-map.d.ts'.
File '/Users/sherrychang/Documents/viridis-extension/node_modules/source-map-js/source-map.d.ts' exists - use it as a name resolution result.
'package.json' does not have a 'peerDependencies' field.
Resolving real path for '/Users/sherrychang/Documents/viridis-extension/node_modules/source-map-js/source-map.d.ts', result '/Users/sherrychang/Documents/viridis-extension/node_modules/source-map-js/source-map.d.ts'.
======== Module name 'source-map-js' was successfully resolved to '/Users/sherrychang/Documents/viridis-extension/node_modules/source-map-js/source-map.d.ts' with Package ID 'source-map-js/source-map.d.ts@1.2.1'. ========
======== Resolving module './at-rule.js' from '/Users/sherrychang/Documents/viridis-extension/node_modules/postcss/lib/postcss.d.ts'. ========
Explicitly specified module resolution kind: 'Bundler'.
Resolving in CJS mode with conditions 'import', 'types'.
Loading module as file / folder, candidate module location '/Users/sherrychang/Documents/viridis-extension/node_modules/postcss/lib/at-rule.js', target file types: TypeScript, JavaScript, Declaration, JSON.
File name '/Users/sherrychang/Documents/viridis-extension/node_modules/postcss/lib/at-rule.js' has a '.js' extension - stripping it.
File '/Users/sherrychang/Documents/viridis-extension/node_modules/postcss/lib/at-rule.ts' does not exist.
File '/Users/sherrychang/Documents/viridis-extension/node_modules/postcss/lib/at-rule.tsx' does not exist.
File '/Users/sherrychang/Documents/viridis-extension/node_modules/postcss/lib/at-rule.d.ts' exists - use it as a name resolution result.
File '/Users/sherrychang/Documents/viridis-extension/node_modules/postcss/package.json' exists according to earlier cached lookups.
======== Module name './at-rule.js' was successfully resolved to '/Users/sherrychang/Documents/viridis-extension/node_modules/postcss/lib/at-rule.d.ts' with Package ID 'postcss/lib/at-rule.d.ts@8.4.47'. ========
======== Resolving module './comment.js' from '/Users/sherrychang/Documents/viridis-extension/node_modules/postcss/lib/postcss.d.ts'. ========
Explicitly specified module resolution kind: 'Bundler'.
Resolving in CJS mode with conditions 'import', 'types'.
Loading module as file / folder, candidate module location '/Users/sherrychang/Documents/viridis-extension/node_modules/postcss/lib/comment.js', target file types: TypeScript, JavaScript, Declaration, JSON.
File name '/Users/sherrychang/Documents/viridis-extension/node_modules/postcss/lib/comment.js' has a '.js' extension - stripping it.
File '/Users/sherrychang/Documents/viridis-extension/node_modules/postcss/lib/comment.ts' does not exist.
File '/Users/sherrychang/Documents/viridis-extension/node_modules/postcss/lib/comment.tsx' does not exist.
File '/Users/sherrychang/Documents/viridis-extension/node_modules/postcss/lib/comment.d.ts' exists - use it as a name resolution result.
File '/Users/sherrychang/Documents/viridis-extension/node_modules/postcss/package.json' exists according to earlier cached lookups.
======== Module name './comment.js' was successfully resolved to '/Users/sherrychang/Documents/viridis-extension/node_modules/postcss/lib/comment.d.ts' with Package ID 'postcss/lib/comment.d.ts@8.4.47'. ========
======== Resolving module './container.js' from '/Users/sherrychang/Documents/viridis-extension/node_modules/postcss/lib/postcss.d.ts'. ========
Explicitly specified module resolution kind: 'Bundler'.
Resolving in CJS mode with conditions 'import', 'types'.
Loading module as file / folder, candidate module location '/Users/sherrychang/Documents/viridis-extension/node_modules/postcss/lib/container.js', target file types: TypeScript, JavaScript, Declaration, JSON.
File name '/Users/sherrychang/Documents/viridis-extension/node_modules/postcss/lib/container.js' has a '.js' extension - stripping it.
File '/Users/sherrychang/Documents/viridis-extension/node_modules/postcss/lib/container.ts' does not exist.
File '/Users/sherrychang/Documents/viridis-extension/node_modules/postcss/lib/container.tsx' does not exist.
File '/Users/sherrychang/Documents/viridis-extension/node_modules/postcss/lib/container.d.ts' exists - use it as a name resolution result.
File '/Users/sherrychang/Documents/viridis-extension/node_modules/postcss/package.json' exists according to earlier cached lookups.
======== Module name './container.js' was successfully resolved to '/Users/sherrychang/Documents/viridis-extension/node_modules/postcss/lib/container.d.ts' with Package ID 'postcss/lib/container.d.ts@8.4.47'. ========
======== Resolving module './css-syntax-error.js' from '/Users/sherrychang/Documents/viridis-extension/node_modules/postcss/lib/postcss.d.ts'. ========
Explicitly specified module resolution kind: 'Bundler'.
Resolving in CJS mode with conditions 'import', 'types'.
Loading module as file / folder, candidate module location '/Users/sherrychang/Documents/viridis-extension/node_modules/postcss/lib/css-syntax-error.js', target file types: TypeScript, JavaScript, Declaration, JSON.
File name '/Users/sherrychang/Documents/viridis-extension/node_modules/postcss/lib/css-syntax-error.js' has a '.js' extension - stripping it.
File '/Users/sherrychang/Documents/viridis-extension/node_modules/postcss/lib/css-syntax-error.ts' does not exist.
File '/Users/sherrychang/Documents/viridis-extension/node_modules/postcss/lib/css-syntax-error.tsx' does not exist.
File '/Users/sherrychang/Documents/viridis-extension/node_modules/postcss/lib/css-syntax-error.d.ts' exists - use it as a name resolution result.
File '/Users/sherrychang/Documents/viridis-extension/node_modules/postcss/package.json' exists according to earlier cached lookups.
======== Module name './css-syntax-error.js' was successfully resolved to '/Users/sherrychang/Documents/viridis-extension/node_modules/postcss/lib/css-syntax-error.d.ts' with Package ID 'postcss/lib/css-syntax-error.d.ts@8.4.47'. ========
======== Resolving module './declaration.js' from '/Users/sherrychang/Documents/viridis-extension/node_modules/postcss/lib/postcss.d.ts'. ========
Explicitly specified module resolution kind: 'Bundler'.
Resolving in CJS mode with conditions 'import', 'types'.
Loading module as file / folder, candidate module location '/Users/sherrychang/Documents/viridis-extension/node_modules/postcss/lib/declaration.js', target file types: TypeScript, JavaScript, Declaration, JSON.
File name '/Users/sherrychang/Documents/viridis-extension/node_modules/postcss/lib/declaration.js' has a '.js' extension - stripping it.
File '/Users/sherrychang/Documents/viridis-extension/node_modules/postcss/lib/declaration.ts' does not exist.
File '/Users/sherrychang/Documents/viridis-extension/node_modules/postcss/lib/declaration.tsx' does not exist.
File '/Users/sherrychang/Documents/viridis-extension/node_modules/postcss/lib/declaration.d.ts' exists - use it as a name resolution result.
File '/Users/sherrychang/Documents/viridis-extension/node_modules/postcss/package.json' exists according to earlier cached lookups.
======== Module name './declaration.js' was successfully resolved to '/Users/sherrychang/Documents/viridis-extension/node_modules/postcss/lib/declaration.d.ts' with Package ID 'postcss/lib/declaration.d.ts@8.4.47'. ========
======== Resolving module './document.js' from '/Users/sherrychang/Documents/viridis-extension/node_modules/postcss/lib/postcss.d.ts'. ========
Explicitly specified module resolution kind: 'Bundler'.
Resolving in CJS mode with conditions 'import', 'types'.
Loading module as file / folder, candidate module location '/Users/sherrychang/Documents/viridis-extension/node_modules/postcss/lib/document.js', target file types: TypeScript, JavaScript, Declaration, JSON.
File name '/Users/sherrychang/Documents/viridis-extension/node_modules/postcss/lib/document.js' has a '.js' extension - stripping it.
File '/Users/sherrychang/Documents/viridis-extension/node_modules/postcss/lib/document.ts' does not exist.
File '/Users/sherrychang/Documents/viridis-extension/node_modules/postcss/lib/document.tsx' does not exist.
File '/Users/sherrychang/Documents/viridis-extension/node_modules/postcss/lib/document.d.ts' exists - use it as a name resolution result.
File '/Users/sherrychang/Documents/viridis-extension/node_modules/postcss/package.json' exists according to earlier cached lookups.
======== Module name './document.js' was successfully resolved to '/Users/sherrychang/Documents/viridis-extension/node_modules/postcss/lib/document.d.ts' with Package ID 'postcss/lib/document.d.ts@8.4.47'. ========
======== Resolving module './input.js' from '/Users/sherrychang/Documents/viridis-extension/node_modules/postcss/lib/postcss.d.ts'. ========
Explicitly specified module resolution kind: 'Bundler'.
Resolving in CJS mode with conditions 'import', 'types'.
Loading module as file / folder, candidate module location '/Users/sherrychang/Documents/viridis-extension/node_modules/postcss/lib/input.js', target file types: TypeScript, JavaScript, Declaration, JSON.
File name '/Users/sherrychang/Documents/viridis-extension/node_modules/postcss/lib/input.js' has a '.js' extension - stripping it.
File '/Users/sherrychang/Documents/viridis-extension/node_modules/postcss/lib/input.ts' does not exist.
File '/Users/sherrychang/Documents/viridis-extension/node_modules/postcss/lib/input.tsx' does not exist.
File '/Users/sherrychang/Documents/viridis-extension/node_modules/postcss/lib/input.d.ts' exists - use it as a name resolution result.
File '/Users/sherrychang/Documents/viridis-extension/node_modules/postcss/package.json' exists according to earlier cached lookups.
======== Module name './input.js' was successfully resolved to '/Users/sherrychang/Documents/viridis-extension/node_modules/postcss/lib/input.d.ts' with Package ID 'postcss/lib/input.d.ts@8.4.47'. ========
======== Resolving module './lazy-result.js' from '/Users/sherrychang/Documents/viridis-extension/node_modules/postcss/lib/postcss.d.ts'. ========
Explicitly specified module resolution kind: 'Bundler'.
Resolving in CJS mode with conditions 'import', 'types'.
Loading module as file / folder, candidate module location '/Users/sherrychang/Documents/viridis-extension/node_modules/postcss/lib/lazy-result.js', target file types: TypeScript, JavaScript, Declaration, JSON.
File name '/Users/sherrychang/Documents/viridis-extension/node_modules/postcss/lib/lazy-result.js' has a '.js' extension - stripping it.
File '/Users/sherrychang/Documents/viridis-extension/node_modules/postcss/lib/lazy-result.ts' does not exist.
File '/Users/sherrychang/Documents/viridis-extension/node_modules/postcss/lib/lazy-result.tsx' does not exist.
File '/Users/sherrychang/Documents/viridis-extension/node_modules/postcss/lib/lazy-result.d.ts' exists - use it as a name resolution result.
File '/Users/sherrychang/Documents/viridis-extension/node_modules/postcss/package.json' exists according to earlier cached lookups.
======== Module name './lazy-result.js' was successfully resolved to '/Users/sherrychang/Documents/viridis-extension/node_modules/postcss/lib/lazy-result.d.ts' with Package ID 'postcss/lib/lazy-result.d.ts@8.4.47'. ========
======== Resolving module './list.js' from '/Users/sherrychang/Documents/viridis-extension/node_modules/postcss/lib/postcss.d.ts'. ========
Explicitly specified module resolution kind: 'Bundler'.
Resolving in CJS mode with conditions 'import', 'types'.
Loading module as file / folder, candidate module location '/Users/sherrychang/Documents/viridis-extension/node_modules/postcss/lib/list.js', target file types: TypeScript, JavaScript, Declaration, JSON.
File name '/Users/sherrychang/Documents/viridis-extension/node_modules/postcss/lib/list.js' has a '.js' extension - stripping it.
File '/Users/sherrychang/Documents/viridis-extension/node_modules/postcss/lib/list.ts' does not exist.
File '/Users/sherrychang/Documents/viridis-extension/node_modules/postcss/lib/list.tsx' does not exist.
File '/Users/sherrychang/Documents/viridis-extension/node_modules/postcss/lib/list.d.ts' exists - use it as a name resolution result.
File '/Users/sherrychang/Documents/viridis-extension/node_modules/postcss/package.json' exists according to earlier cached lookups.
======== Module name './list.js' was successfully resolved to '/Users/sherrychang/Documents/viridis-extension/node_modules/postcss/lib/list.d.ts' with Package ID 'postcss/lib/list.d.ts@8.4.47'. ========
======== Resolving module './node.js' from '/Users/sherrychang/Documents/viridis-extension/node_modules/postcss/lib/postcss.d.ts'. ========
Explicitly specified module resolution kind: 'Bundler'.
Resolving in CJS mode with conditions 'import', 'types'.
Loading module as file / folder, candidate module location '/Users/sherrychang/Documents/viridis-extension/node_modules/postcss/lib/node.js', target file types: TypeScript, JavaScript, Declaration, JSON.
File name '/Users/sherrychang/Documents/viridis-extension/node_modules/postcss/lib/node.js' has a '.js' extension - stripping it.
File '/Users/sherrychang/Documents/viridis-extension/node_modules/postcss/lib/node.ts' does not exist.
File '/Users/sherrychang/Documents/viridis-extension/node_modules/postcss/lib/node.tsx' does not exist.
File '/Users/sherrychang/Documents/viridis-extension/node_modules/postcss/lib/node.d.ts' exists - use it as a name resolution result.
File '/Users/sherrychang/Documents/viridis-extension/node_modules/postcss/package.json' exists according to earlier cached lookups.
======== Module name './node.js' was successfully resolved to '/Users/sherrychang/Documents/viridis-extension/node_modules/postcss/lib/node.d.ts' with Package ID 'postcss/lib/node.d.ts@8.4.47'. ========
======== Resolving module './processor.js' from '/Users/sherrychang/Documents/viridis-extension/node_modules/postcss/lib/postcss.d.ts'. ========
Explicitly specified module resolution kind: 'Bundler'.
Resolving in CJS mode with conditions 'import', 'types'.
Loading module as file / folder, candidate module location '/Users/sherrychang/Documents/viridis-extension/node_modules/postcss/lib/processor.js', target file types: TypeScript, JavaScript, Declaration, JSON.
File name '/Users/sherrychang/Documents/viridis-extension/node_modules/postcss/lib/processor.js' has a '.js' extension - stripping it.
File '/Users/sherrychang/Documents/viridis-extension/node_modules/postcss/lib/processor.ts' does not exist.
File '/Users/sherrychang/Documents/viridis-extension/node_modules/postcss/lib/processor.tsx' does not exist.
File '/Users/sherrychang/Documents/viridis-extension/node_modules/postcss/lib/processor.d.ts' exists - use it as a name resolution result.
File '/Users/sherrychang/Documents/viridis-extension/node_modules/postcss/package.json' exists according to earlier cached lookups.
======== Module name './processor.js' was successfully resolved to '/Users/sherrychang/Documents/viridis-extension/node_modules/postcss/lib/processor.d.ts' with Package ID 'postcss/lib/processor.d.ts@8.4.47'. ========
======== Resolving module './result.js' from '/Users/sherrychang/Documents/viridis-extension/node_modules/postcss/lib/postcss.d.ts'. ========
Explicitly specified module resolution kind: 'Bundler'.
Resolving in CJS mode with conditions 'import', 'types'.
Loading module as file / folder, candidate module location '/Users/sherrychang/Documents/viridis-extension/node_modules/postcss/lib/result.js', target file types: TypeScript, JavaScript, Declaration, JSON.
File name '/Users/sherrychang/Documents/viridis-extension/node_modules/postcss/lib/result.js' has a '.js' extension - stripping it.
File '/Users/sherrychang/Documents/viridis-extension/node_modules/postcss/lib/result.ts' does not exist.
File '/Users/sherrychang/Documents/viridis-extension/node_modules/postcss/lib/result.tsx' does not exist.
File '/Users/sherrychang/Documents/viridis-extension/node_modules/postcss/lib/result.d.ts' exists - use it as a name resolution result.
File '/Users/sherrychang/Documents/viridis-extension/node_modules/postcss/package.json' exists according to earlier cached lookups.
======== Module name './result.js' was successfully resolved to '/Users/sherrychang/Documents/viridis-extension/node_modules/postcss/lib/result.d.ts' with Package ID 'postcss/lib/result.d.ts@8.4.47'. ========
======== Resolving module './root.js' from '/Users/sherrychang/Documents/viridis-extension/node_modules/postcss/lib/postcss.d.ts'. ========
Explicitly specified module resolution kind: 'Bundler'.
Resolving in CJS mode with conditions 'import', 'types'.
Loading module as file / folder, candidate module location '/Users/sherrychang/Documents/viridis-extension/node_modules/postcss/lib/root.js', target file types: TypeScript, JavaScript, Declaration, JSON.
File name '/Users/sherrychang/Documents/viridis-extension/node_modules/postcss/lib/root.js' has a '.js' extension - stripping it.
File '/Users/sherrychang/Documents/viridis-extension/node_modules/postcss/lib/root.ts' does not exist.
File '/Users/sherrychang/Documents/viridis-extension/node_modules/postcss/lib/root.tsx' does not exist.
File '/Users/sherrychang/Documents/viridis-extension/node_modules/postcss/lib/root.d.ts' exists - use it as a name resolution result.
File '/Users/sherrychang/Documents/viridis-extension/node_modules/postcss/package.json' exists according to earlier cached lookups.
======== Module name './root.js' was successfully resolved to '/Users/sherrychang/Documents/viridis-extension/node_modules/postcss/lib/root.d.ts' with Package ID 'postcss/lib/root.d.ts@8.4.47'. ========
======== Resolving module './rule.js' from '/Users/sherrychang/Documents/viridis-extension/node_modules/postcss/lib/postcss.d.ts'. ========
Explicitly specified module resolution kind: 'Bundler'.
Resolving in CJS mode with conditions 'import', 'types'.
Loading module as file / folder, candidate module location '/Users/sherrychang/Documents/viridis-extension/node_modules/postcss/lib/rule.js', target file types: TypeScript, JavaScript, Declaration, JSON.
File name '/Users/sherrychang/Documents/viridis-extension/node_modules/postcss/lib/rule.js' has a '.js' extension - stripping it.
File '/Users/sherrychang/Documents/viridis-extension/node_modules/postcss/lib/rule.ts' does not exist.
File '/Users/sherrychang/Documents/viridis-extension/node_modules/postcss/lib/rule.tsx' does not exist.
File '/Users/sherrychang/Documents/viridis-extension/node_modules/postcss/lib/rule.d.ts' exists - use it as a name resolution result.
File '/Users/sherrychang/Documents/viridis-extension/node_modules/postcss/package.json' exists according to earlier cached lookups.
======== Module name './rule.js' was successfully resolved to '/Users/sherrychang/Documents/viridis-extension/node_modules/postcss/lib/rule.d.ts' with Package ID 'postcss/lib/rule.d.ts@8.4.47'. ========
======== Resolving module './warning.js' from '/Users/sherrychang/Documents/viridis-extension/node_modules/postcss/lib/postcss.d.ts'. ========
Explicitly specified module resolution kind: 'Bundler'.
Resolving in CJS mode with conditions 'import', 'types'.
Loading module as file / folder, candidate module location '/Users/sherrychang/Documents/viridis-extension/node_modules/postcss/lib/warning.js', target file types: TypeScript, JavaScript, Declaration, JSON.
File name '/Users/sherrychang/Documents/viridis-extension/node_modules/postcss/lib/warning.js' has a '.js' extension - stripping it.
File '/Users/sherrychang/Documents/viridis-extension/node_modules/postcss/lib/warning.ts' does not exist.
File '/Users/sherrychang/Documents/viridis-extension/node_modules/postcss/lib/warning.tsx' does not exist.
File '/Users/sherrychang/Documents/viridis-extension/node_modules/postcss/lib/warning.d.ts' exists - use it as a name resolution result.
File '/Users/sherrychang/Documents/viridis-extension/node_modules/postcss/package.json' exists according to earlier cached lookups.
======== Module name './warning.js' was successfully resolved to '/Users/sherrychang/Documents/viridis-extension/node_modules/postcss/lib/warning.d.ts' with Package ID 'postcss/lib/warning.d.ts@8.4.47'. ========
File '/Users/sherrychang/Documents/viridis-extension/node_modules/source-map-js/package.json' exists according to earlier cached lookups.
File '/Users/sherrychang/Documents/viridis-extension/node_modules/postcss/lib/package.json' does not exist according to earlier cached lookups.
File '/Users/sherrychang/Documents/viridis-extension/node_modules/postcss/package.json' exists according to earlier cached lookups.
======== Resolving module './container.js' from '/Users/sherrychang/Documents/viridis-extension/node_modules/postcss/lib/at-rule.d.ts'. ========
Resolution for module './container.js' was found in cache from location '/Users/sherrychang/Documents/viridis-extension/node_modules/postcss/lib'.
======== Module name './container.js' was successfully resolved to '/Users/sherrychang/Documents/viridis-extension/node_modules/postcss/lib/container.d.ts' with Package ID 'postcss/lib/container.d.ts@8.4.47'. ========
File '/Users/sherrychang/Documents/viridis-extension/node_modules/postcss/lib/package.json' does not exist according to earlier cached lookups.
File '/Users/sherrychang/Documents/viridis-extension/node_modules/postcss/package.json' exists according to earlier cached lookups.
======== Resolving module './at-rule.js' from '/Users/sherrychang/Documents/viridis-extension/node_modules/postcss/lib/container.d.ts'. ========
Resolution for module './at-rule.js' was found in cache from location '/Users/sherrychang/Documents/viridis-extension/node_modules/postcss/lib'.
======== Module name './at-rule.js' was successfully resolved to '/Users/sherrychang/Documents/viridis-extension/node_modules/postcss/lib/at-rule.d.ts' with Package ID 'postcss/lib/at-rule.d.ts@8.4.47'. ========
======== Resolving module './comment.js' from '/Users/sherrychang/Documents/viridis-extension/node_modules/postcss/lib/container.d.ts'. ========
Resolution for module './comment.js' was found in cache from location '/Users/sherrychang/Documents/viridis-extension/node_modules/postcss/lib'.
======== Module name './comment.js' was successfully resolved to '/Users/sherrychang/Documents/viridis-extension/node_modules/postcss/lib/comment.d.ts' with Package ID 'postcss/lib/comment.d.ts@8.4.47'. ========
======== Resolving module './declaration.js' from '/Users/sherrychang/Documents/viridis-extension/node_modules/postcss/lib/container.d.ts'. ========
Resolution for module './declaration.js' was found in cache from location '/Users/sherrychang/Documents/viridis-extension/node_modules/postcss/lib'.
======== Module name './declaration.js' was successfully resolved to '/Users/sherrychang/Documents/viridis-extension/node_modules/postcss/lib/declaration.d.ts' with Package ID 'postcss/lib/declaration.d.ts@8.4.47'. ========
======== Resolving module './node.js' from '/Users/sherrychang/Documents/viridis-extension/node_modules/postcss/lib/container.d.ts'. ========
Resolution for module './node.js' was found in cache from location '/Users/sherrychang/Documents/viridis-extension/node_modules/postcss/lib'.
======== Module name './node.js' was successfully resolved to '/Users/sherrychang/Documents/viridis-extension/node_modules/postcss/lib/node.d.ts' with Package ID 'postcss/lib/node.d.ts@8.4.47'. ========
======== Resolving module './rule.js' from '/Users/sherrychang/Documents/viridis-extension/node_modules/postcss/lib/container.d.ts'. ========
Resolution for module './rule.js' was found in cache from location '/Users/sherrychang/Documents/viridis-extension/node_modules/postcss/lib'.
======== Module name './rule.js' was successfully resolved to '/Users/sherrychang/Documents/viridis-extension/node_modules/postcss/lib/rule.d.ts' with Package ID 'postcss/lib/rule.d.ts@8.4.47'. ========
File '/Users/sherrychang/Documents/viridis-extension/node_modules/postcss/lib/package.json' does not exist according to earlier cached lookups.
File '/Users/sherrychang/Documents/viridis-extension/node_modules/postcss/package.json' exists according to earlier cached lookups.
======== Resolving module './container.js' from '/Users/sherrychang/Documents/viridis-extension/node_modules/postcss/lib/comment.d.ts'. ========
Resolution for module './container.js' was found in cache from location '/Users/sherrychang/Documents/viridis-extension/node_modules/postcss/lib'.
======== Module name './container.js' was successfully resolved to '/Users/sherrychang/Documents/viridis-extension/node_modules/postcss/lib/container.d.ts' with Package ID 'postcss/lib/container.d.ts@8.4.47'. ========
======== Resolving module './node.js' from '/Users/sherrychang/Documents/viridis-extension/node_modules/postcss/lib/comment.d.ts'. ========
Resolution for module './node.js' was found in cache from location '/Users/sherrychang/Documents/viridis-extension/node_modules/postcss/lib'.
======== Module name './node.js' was successfully resolved to '/Users/sherrychang/Documents/viridis-extension/node_modules/postcss/lib/node.d.ts' with Package ID 'postcss/lib/node.d.ts@8.4.47'. ========
File '/Users/sherrychang/Documents/viridis-extension/node_modules/postcss/lib/package.json' does not exist according to earlier cached lookups.
File '/Users/sherrychang/Documents/viridis-extension/node_modules/postcss/package.json' exists according to earlier cached lookups.
======== Resolving module './at-rule.js' from '/Users/sherrychang/Documents/viridis-extension/node_modules/postcss/lib/node.d.ts'. ========
Explicitly specified module resolution kind: 'Bundler'.
Resolving in CJS mode with conditions 'require', 'types'.
Loading module as file / folder, candidate module location '/Users/sherrychang/Documents/viridis-extension/node_modules/postcss/lib/at-rule.js', target file types: TypeScript, JavaScript, Declaration, JSON.
File name '/Users/sherrychang/Documents/viridis-extension/node_modules/postcss/lib/at-rule.js' has a '.js' extension - stripping it.
File '/Users/sherrychang/Documents/viridis-extension/node_modules/postcss/lib/at-rule.ts' does not exist.
File '/Users/sherrychang/Documents/viridis-extension/node_modules/postcss/lib/at-rule.tsx' does not exist.
File '/Users/sherrychang/Documents/viridis-extension/node_modules/postcss/lib/at-rule.d.ts' exists - use it as a name resolution result.
File '/Users/sherrychang/Documents/viridis-extension/node_modules/postcss/package.json' exists according to earlier cached lookups.
======== Module name './at-rule.js' was successfully resolved to '/Users/sherrychang/Documents/viridis-extension/node_modules/postcss/lib/at-rule.d.ts' with Package ID 'postcss/lib/at-rule.d.ts@8.4.47'. ========
======== Resolving module './at-rule.js' from '/Users/sherrychang/Documents/viridis-extension/node_modules/postcss/lib/node.d.ts'. ========
Resolution for module './at-rule.js' was found in cache from location '/Users/sherrychang/Documents/viridis-extension/node_modules/postcss/lib'.
======== Module name './at-rule.js' was successfully resolved to '/Users/sherrychang/Documents/viridis-extension/node_modules/postcss/lib/at-rule.d.ts' with Package ID 'postcss/lib/at-rule.d.ts@8.4.47'. ========
======== Resolving module './comment.js' from '/Users/sherrychang/Documents/viridis-extension/node_modules/postcss/lib/node.d.ts'. ========
Resolution for module './comment.js' was found in cache from location '/Users/sherrychang/Documents/viridis-extension/node_modules/postcss/lib'.
======== Module name './comment.js' was successfully resolved to '/Users/sherrychang/Documents/viridis-extension/node_modules/postcss/lib/comment.d.ts' with Package ID 'postcss/lib/comment.d.ts@8.4.47'. ========
======== Resolving module './container.js' from '/Users/sherrychang/Documents/viridis-extension/node_modules/postcss/lib/node.d.ts'. ========
Resolution for module './container.js' was found in cache from location '/Users/sherrychang/Documents/viridis-extension/node_modules/postcss/lib'.
======== Module name './container.js' was successfully resolved to '/Users/sherrychang/Documents/viridis-extension/node_modules/postcss/lib/container.d.ts' with Package ID 'postcss/lib/container.d.ts@8.4.47'. ========
======== Resolving module './css-syntax-error.js' from '/Users/sherrychang/Documents/viridis-extension/node_modules/postcss/lib/node.d.ts'. ========
Resolution for module './css-syntax-error.js' was found in cache from location '/Users/sherrychang/Documents/viridis-extension/node_modules/postcss/lib'.
======== Module name './css-syntax-error.js' was successfully resolved to '/Users/sherrychang/Documents/viridis-extension/node_modules/postcss/lib/css-syntax-error.d.ts' with Package ID 'postcss/lib/css-syntax-error.d.ts@8.4.47'. ========
======== Resolving module './declaration.js' from '/Users/sherrychang/Documents/viridis-extension/node_modules/postcss/lib/node.d.ts'. ========
Resolution for module './declaration.js' was found in cache from location '/Users/sherrychang/Documents/viridis-extension/node_modules/postcss/lib'.
======== Module name './declaration.js' was successfully resolved to '/Users/sherrychang/Documents/viridis-extension/node_modules/postcss/lib/declaration.d.ts' with Package ID 'postcss/lib/declaration.d.ts@8.4.47'. ========
======== Resolving module './document.js' from '/Users/sherrychang/Documents/viridis-extension/node_modules/postcss/lib/node.d.ts'. ========
Resolution for module './document.js' was found in cache from location '/Users/sherrychang/Documents/viridis-extension/node_modules/postcss/lib'.
======== Module name './document.js' was successfully resolved to '/Users/sherrychang/Documents/viridis-extension/node_modules/postcss/lib/document.d.ts' with Package ID 'postcss/lib/document.d.ts@8.4.47'. ========
======== Resolving module './input.js' from '/Users/sherrychang/Documents/viridis-extension/node_modules/postcss/lib/node.d.ts'. ========
Resolution for module './input.js' was found in cache from location '/Users/sherrychang/Documents/viridis-extension/node_modules/postcss/lib'.
======== Module name './input.js' was successfully resolved to '/Users/sherrychang/Documents/viridis-extension/node_modules/postcss/lib/input.d.ts' with Package ID 'postcss/lib/input.d.ts@8.4.47'. ========
======== Resolving module './postcss.js' from '/Users/sherrychang/Documents/viridis-extension/node_modules/postcss/lib/node.d.ts'. ========
Resolution for module './postcss.js' was found in cache from location '/Users/sherrychang/Documents/viridis-extension/node_modules/postcss/lib'.
======== Module name './postcss.js' was successfully resolved to '/Users/sherrychang/Documents/viridis-extension/node_modules/postcss/lib/postcss.d.ts' with Package ID 'postcss/lib/postcss.d.ts@8.4.47'. ========
======== Resolving module './result.js' from '/Users/sherrychang/Documents/viridis-extension/node_modules/postcss/lib/node.d.ts'. ========
Resolution for module './result.js' was found in cache from location '/Users/sherrychang/Documents/viridis-extension/node_modules/postcss/lib'.
======== Module name './result.js' was successfully resolved to '/Users/sherrychang/Documents/viridis-extension/node_modules/postcss/lib/result.d.ts' with Package ID 'postcss/lib/result.d.ts@8.4.47'. ========
======== Resolving module './root.js' from '/Users/sherrychang/Documents/viridis-extension/node_modules/postcss/lib/node.d.ts'. ========
Resolution for module './root.js' was found in cache from location '/Users/sherrychang/Documents/viridis-extension/node_modules/postcss/lib'.
======== Module name './root.js' was successfully resolved to '/Users/sherrychang/Documents/viridis-extension/node_modules/postcss/lib/root.d.ts' with Package ID 'postcss/lib/root.d.ts@8.4.47'. ========
======== Resolving module './rule.js' from '/Users/sherrychang/Documents/viridis-extension/node_modules/postcss/lib/node.d.ts'. ========
Resolution for module './rule.js' was found in cache from location '/Users/sherrychang/Documents/viridis-extension/node_modules/postcss/lib'.
======== Module name './rule.js' was successfully resolved to '/Users/sherrychang/Documents/viridis-extension/node_modules/postcss/lib/rule.d.ts' with Package ID 'postcss/lib/rule.d.ts@8.4.47'. ========
======== Resolving module './warning.js' from '/Users/sherrychang/Documents/viridis-extension/node_modules/postcss/lib/node.d.ts'. ========
Resolution for module './warning.js' was found in cache from location '/Users/sherrychang/Documents/viridis-extension/node_modules/postcss/lib'.
======== Module name './warning.js' was successfully resolved to '/Users/sherrychang/Documents/viridis-extension/node_modules/postcss/lib/warning.d.ts' with Package ID 'postcss/lib/warning.d.ts@8.4.47'. ========
File '/Users/sherrychang/Documents/viridis-extension/node_modules/postcss/lib/package.json' does not exist according to earlier cached lookups.
File '/Users/sherrychang/Documents/viridis-extension/node_modules/postcss/package.json' exists according to earlier cached lookups.
======== Resolving module './input.js' from '/Users/sherrychang/Documents/viridis-extension/node_modules/postcss/lib/css-syntax-error.d.ts'. ========
Resolution for module './input.js' was found in cache from location '/Users/sherrychang/Documents/viridis-extension/node_modules/postcss/lib'.
======== Module name './input.js' was successfully resolved to '/Users/sherrychang/Documents/viridis-extension/node_modules/postcss/lib/input.d.ts' with Package ID 'postcss/lib/input.d.ts@8.4.47'. ========
File '/Users/sherrychang/Documents/viridis-extension/node_modules/postcss/lib/package.json' does not exist according to earlier cached lookups.
File '/Users/sherrychang/Documents/viridis-extension/node_modules/postcss/package.json' exists according to earlier cached lookups.
======== Resolving module './postcss.js' from '/Users/sherrychang/Documents/viridis-extension/node_modules/postcss/lib/input.d.ts'. ========
Resolution for module './postcss.js' was found in cache from location '/Users/sherrychang/Documents/viridis-extension/node_modules/postcss/lib'.
======== Module name './postcss.js' was successfully resolved to '/Users/sherrychang/Documents/viridis-extension/node_modules/postcss/lib/postcss.d.ts' with Package ID 'postcss/lib/postcss.d.ts@8.4.47'. ========
======== Resolving module './previous-map.js' from '/Users/sherrychang/Documents/viridis-extension/node_modules/postcss/lib/input.d.ts'. ========
Explicitly specified module resolution kind: 'Bundler'.
Resolving in CJS mode with conditions 'import', 'types'.
Loading module as file / folder, candidate module location '/Users/sherrychang/Documents/viridis-extension/node_modules/postcss/lib/previous-map.js', target file types: TypeScript, JavaScript, Declaration, JSON.
File name '/Users/sherrychang/Documents/viridis-extension/node_modules/postcss/lib/previous-map.js' has a '.js' extension - stripping it.
File '/Users/sherrychang/Documents/viridis-extension/node_modules/postcss/lib/previous-map.ts' does not exist.
File '/Users/sherrychang/Documents/viridis-extension/node_modules/postcss/lib/previous-map.tsx' does not exist.
File '/Users/sherrychang/Documents/viridis-extension/node_modules/postcss/lib/previous-map.d.ts' exists - use it as a name resolution result.
File '/Users/sherrychang/Documents/viridis-extension/node_modules/postcss/package.json' exists according to earlier cached lookups.
======== Module name './previous-map.js' was successfully resolved to '/Users/sherrychang/Documents/viridis-extension/node_modules/postcss/lib/previous-map.d.ts' with Package ID 'postcss/lib/previous-map.d.ts@8.4.47'. ========
File '/Users/sherrychang/Documents/viridis-extension/node_modules/postcss/lib/package.json' does not exist according to earlier cached lookups.
File '/Users/sherrychang/Documents/viridis-extension/node_modules/postcss/package.json' exists according to earlier cached lookups.
======== Resolving module 'source-map-js' from '/Users/sherrychang/Documents/viridis-extension/node_modules/postcss/lib/previous-map.d.ts'. ========
Resolution for module 'source-map-js' was found in cache from location '/Users/sherrychang/Documents/viridis-extension/node_modules/postcss/lib'.
======== Module name 'source-map-js' was successfully resolved to '/Users/sherrychang/Documents/viridis-extension/node_modules/source-map-js/source-map.d.ts' with Package ID 'source-map-js/source-map.d.ts@1.2.1'. ========
======== Resolving module './postcss.js' from '/Users/sherrychang/Documents/viridis-extension/node_modules/postcss/lib/previous-map.d.ts'. ========
Resolution for module './postcss.js' was found in cache from location '/Users/sherrychang/Documents/viridis-extension/node_modules/postcss/lib'.
======== Module name './postcss.js' was successfully resolved to '/Users/sherrychang/Documents/viridis-extension/node_modules/postcss/lib/postcss.d.ts' with Package ID 'postcss/lib/postcss.d.ts@8.4.47'. ========
File '/Users/sherrychang/Documents/viridis-extension/node_modules/postcss/lib/package.json' does not exist according to earlier cached lookups.
File '/Users/sherrychang/Documents/viridis-extension/node_modules/postcss/package.json' exists according to earlier cached lookups.
======== Resolving module './container.js' from '/Users/sherrychang/Documents/viridis-extension/node_modules/postcss/lib/declaration.d.ts'. ========
Resolution for module './container.js' was found in cache from location '/Users/sherrychang/Documents/viridis-extension/node_modules/postcss/lib'.
======== Module name './container.js' was successfully resolved to '/Users/sherrychang/Documents/viridis-extension/node_modules/postcss/lib/container.d.ts' with Package ID 'postcss/lib/container.d.ts@8.4.47'. ========
======== Resolving module './node.js' from '/Users/sherrychang/Documents/viridis-extension/node_modules/postcss/lib/declaration.d.ts'. ========
Resolution for module './node.js' was found in cache from location '/Users/sherrychang/Documents/viridis-extension/node_modules/postcss/lib'.
======== Module name './node.js' was successfully resolved to '/Users/sherrychang/Documents/viridis-extension/node_modules/postcss/lib/node.d.ts' with Package ID 'postcss/lib/node.d.ts@8.4.47'. ========
File '/Users/sherrychang/Documents/viridis-extension/node_modules/postcss/lib/package.json' does not exist according to earlier cached lookups.
File '/Users/sherrychang/Documents/viridis-extension/node_modules/postcss/package.json' exists according to earlier cached lookups.
======== Resolving module './container.js' from '/Users/sherrychang/Documents/viridis-extension/node_modules/postcss/lib/document.d.ts'. ========
Resolution for module './container.js' was found in cache from location '/Users/sherrychang/Documents/viridis-extension/node_modules/postcss/lib'.
======== Module name './container.js' was successfully resolved to '/Users/sherrychang/Documents/viridis-extension/node_modules/postcss/lib/container.d.ts' with Package ID 'postcss/lib/container.d.ts@8.4.47'. ========
======== Resolving module './postcss.js' from '/Users/sherrychang/Documents/viridis-extension/node_modules/postcss/lib/document.d.ts'. ========
Resolution for module './postcss.js' was found in cache from location '/Users/sherrychang/Documents/viridis-extension/node_modules/postcss/lib'.
======== Module name './postcss.js' was successfully resolved to '/Users/sherrychang/Documents/viridis-extension/node_modules/postcss/lib/postcss.d.ts' with Package ID 'postcss/lib/postcss.d.ts@8.4.47'. ========
======== Resolving module './result.js' from '/Users/sherrychang/Documents/viridis-extension/node_modules/postcss/lib/document.d.ts'. ========
Resolution for module './result.js' was found in cache from location '/Users/sherrychang/Documents/viridis-extension/node_modules/postcss/lib'.
======== Module name './result.js' was successfully resolved to '/Users/sherrychang/Documents/viridis-extension/node_modules/postcss/lib/result.d.ts' with Package ID 'postcss/lib/result.d.ts@8.4.47'. ========
======== Resolving module './root.js' from '/Users/sherrychang/Documents/viridis-extension/node_modules/postcss/lib/document.d.ts'. ========
Resolution for module './root.js' was found in cache from location '/Users/sherrychang/Documents/viridis-extension/node_modules/postcss/lib'.
======== Module name './root.js' was successfully resolved to '/Users/sherrychang/Documents/viridis-extension/node_modules/postcss/lib/root.d.ts' with Package ID 'postcss/lib/root.d.ts@8.4.47'. ========
File '/Users/sherrychang/Documents/viridis-extension/node_modules/postcss/lib/package.json' does not exist according to earlier cached lookups.
File '/Users/sherrychang/Documents/viridis-extension/node_modules/postcss/package.json' exists according to earlier cached lookups.
======== Resolving module './postcss.js' from '/Users/sherrychang/Documents/viridis-extension/node_modules/postcss/lib/result.d.ts'. ========
Resolution for module './postcss.js' was found in cache from location '/Users/sherrychang/Documents/viridis-extension/node_modules/postcss/lib'.
======== Module name './postcss.js' was successfully resolved to '/Users/sherrychang/Documents/viridis-extension/node_modules/postcss/lib/postcss.d.ts' with Package ID 'postcss/lib/postcss.d.ts@8.4.47'. ========
======== Resolving module './processor.js' from '/Users/sherrychang/Documents/viridis-extension/node_modules/postcss/lib/result.d.ts'. ========
Resolution for module './processor.js' was found in cache from location '/Users/sherrychang/Documents/viridis-extension/node_modules/postcss/lib'.
======== Module name './processor.js' was successfully resolved to '/Users/sherrychang/Documents/viridis-extension/node_modules/postcss/lib/processor.d.ts' with Package ID 'postcss/lib/processor.d.ts@8.4.47'. ========
File '/Users/sherrychang/Documents/viridis-extension/node_modules/postcss/lib/package.json' does not exist according to earlier cached lookups.
File '/Users/sherrychang/Documents/viridis-extension/node_modules/postcss/package.json' exists according to earlier cached lookups.
======== Resolving module './document.js' from '/Users/sherrychang/Documents/viridis-extension/node_modules/postcss/lib/processor.d.ts'. ========
Resolution for module './document.js' was found in cache from location '/Users/sherrychang/Documents/viridis-extension/node_modules/postcss/lib'.
======== Module name './document.js' was successfully resolved to '/Users/sherrychang/Documents/viridis-extension/node_modules/postcss/lib/document.d.ts' with Package ID 'postcss/lib/document.d.ts@8.4.47'. ========
======== Resolving module './lazy-result.js' from '/Users/sherrychang/Documents/viridis-extension/node_modules/postcss/lib/processor.d.ts'. ========
Resolution for module './lazy-result.js' was found in cache from location '/Users/sherrychang/Documents/viridis-extension/node_modules/postcss/lib'.
======== Module name './lazy-result.js' was successfully resolved to '/Users/sherrychang/Documents/viridis-extension/node_modules/postcss/lib/lazy-result.d.ts' with Package ID 'postcss/lib/lazy-result.d.ts@8.4.47'. ========
======== Resolving module './no-work-result.js' from '/Users/sherrychang/Documents/viridis-extension/node_modules/postcss/lib/processor.d.ts'. ========
Explicitly specified module resolution kind: 'Bundler'.
Resolving in CJS mode with conditions 'import', 'types'.
Loading module as file / folder, candidate module location '/Users/sherrychang/Documents/viridis-extension/node_modules/postcss/lib/no-work-result.js', target file types: TypeScript, JavaScript, Declaration, JSON.
File name '/Users/sherrychang/Documents/viridis-extension/node_modules/postcss/lib/no-work-result.js' has a '.js' extension - stripping it.
File '/Users/sherrychang/Documents/viridis-extension/node_modules/postcss/lib/no-work-result.ts' does not exist.
File '/Users/sherrychang/Documents/viridis-extension/node_modules/postcss/lib/no-work-result.tsx' does not exist.
File '/Users/sherrychang/Documents/viridis-extension/node_modules/postcss/lib/no-work-result.d.ts' exists - use it as a name resolution result.
File '/Users/sherrychang/Documents/viridis-extension/node_modules/postcss/package.json' exists according to earlier cached lookups.
======== Module name './no-work-result.js' was successfully resolved to '/Users/sherrychang/Documents/viridis-extension/node_modules/postcss/lib/no-work-result.d.ts' with Package ID 'postcss/lib/no-work-result.d.ts@8.4.47'. ========
======== Resolving module './postcss.js' from '/Users/sherrychang/Documents/viridis-extension/node_modules/postcss/lib/processor.d.ts'. ========
Resolution for module './postcss.js' was found in cache from location '/Users/sherrychang/Documents/viridis-extension/node_modules/postcss/lib'.
======== Module name './postcss.js' was successfully resolved to '/Users/sherrychang/Documents/viridis-extension/node_modules/postcss/lib/postcss.d.ts' with Package ID 'postcss/lib/postcss.d.ts@8.4.47'. ========
======== Resolving module './result.js' from '/Users/sherrychang/Documents/viridis-extension/node_modules/postcss/lib/processor.d.ts'. ========
Resolution for module './result.js' was found in cache from location '/Users/sherrychang/Documents/viridis-extension/node_modules/postcss/lib'.
======== Module name './result.js' was successfully resolved to '/Users/sherrychang/Documents/viridis-extension/node_modules/postcss/lib/result.d.ts' with Package ID 'postcss/lib/result.d.ts@8.4.47'. ========
======== Resolving module './root.js' from '/Users/sherrychang/Documents/viridis-extension/node_modules/postcss/lib/processor.d.ts'. ========
Resolution for module './root.js' was found in cache from location '/Users/sherrychang/Documents/viridis-extension/node_modules/postcss/lib'.
======== Module name './root.js' was successfully resolved to '/Users/sherrychang/Documents/viridis-extension/node_modules/postcss/lib/root.d.ts' with Package ID 'postcss/lib/root.d.ts@8.4.47'. ========
File '/Users/sherrychang/Documents/viridis-extension/node_modules/postcss/lib/package.json' does not exist according to earlier cached lookups.
File '/Users/sherrychang/Documents/viridis-extension/node_modules/postcss/package.json' exists according to earlier cached lookups.
======== Resolving module './document.js' from '/Users/sherrychang/Documents/viridis-extension/node_modules/postcss/lib/lazy-result.d.ts'. ========
Resolution for module './document.js' was found in cache from location '/Users/sherrychang/Documents/viridis-extension/node_modules/postcss/lib'.
======== Module name './document.js' was successfully resolved to '/Users/sherrychang/Documents/viridis-extension/node_modules/postcss/lib/document.d.ts' with Package ID 'postcss/lib/document.d.ts@8.4.47'. ========
======== Resolving module './postcss.js' from '/Users/sherrychang/Documents/viridis-extension/node_modules/postcss/lib/lazy-result.d.ts'. ========
Resolution for module './postcss.js' was found in cache from location '/Users/sherrychang/Documents/viridis-extension/node_modules/postcss/lib'.
======== Module name './postcss.js' was successfully resolved to '/Users/sherrychang/Documents/viridis-extension/node_modules/postcss/lib/postcss.d.ts' with Package ID 'postcss/lib/postcss.d.ts@8.4.47'. ========
======== Resolving module './processor.js' from '/Users/sherrychang/Documents/viridis-extension/node_modules/postcss/lib/lazy-result.d.ts'. ========
Resolution for module './processor.js' was found in cache from location '/Users/sherrychang/Documents/viridis-extension/node_modules/postcss/lib'.
======== Module name './processor.js' was successfully resolved to '/Users/sherrychang/Documents/viridis-extension/node_modules/postcss/lib/processor.d.ts' with Package ID 'postcss/lib/processor.d.ts@8.4.47'. ========
======== Resolving module './result.js' from '/Users/sherrychang/Documents/viridis-extension/node_modules/postcss/lib/lazy-result.d.ts'. ========
Resolution for module './result.js' was found in cache from location '/Users/sherrychang/Documents/viridis-extension/node_modules/postcss/lib'.
======== Module name './result.js' was successfully resolved to '/Users/sherrychang/Documents/viridis-extension/node_modules/postcss/lib/result.d.ts' with Package ID 'postcss/lib/result.d.ts@8.4.47'. ========
======== Resolving module './root.js' from '/Users/sherrychang/Documents/viridis-extension/node_modules/postcss/lib/lazy-result.d.ts'. ========
Resolution for module './root.js' was found in cache from location '/Users/sherrychang/Documents/viridis-extension/node_modules/postcss/lib'.
======== Module name './root.js' was successfully resolved to '/Users/sherrychang/Documents/viridis-extension/node_modules/postcss/lib/root.d.ts' with Package ID 'postcss/lib/root.d.ts@8.4.47'. ========
======== Resolving module './warning.js' from '/Users/sherrychang/Documents/viridis-extension/node_modules/postcss/lib/lazy-result.d.ts'. ========
Resolution for module './warning.js' was found in cache from location '/Users/sherrychang/Documents/viridis-extension/node_modules/postcss/lib'.
======== Module name './warning.js' was successfully resolved to '/Users/sherrychang/Documents/viridis-extension/node_modules/postcss/lib/warning.d.ts' with Package ID 'postcss/lib/warning.d.ts@8.4.47'. ========
File '/Users/sherrychang/Documents/viridis-extension/node_modules/postcss/lib/package.json' does not exist according to earlier cached lookups.
File '/Users/sherrychang/Documents/viridis-extension/node_modules/postcss/package.json' exists according to earlier cached lookups.
======== Resolving module './container.js' from '/Users/sherrychang/Documents/viridis-extension/node_modules/postcss/lib/root.d.ts'. ========
Resolution for module './container.js' was found in cache from location '/Users/sherrychang/Documents/viridis-extension/node_modules/postcss/lib'.
======== Module name './container.js' was successfully resolved to '/Users/sherrychang/Documents/viridis-extension/node_modules/postcss/lib/container.d.ts' with Package ID 'postcss/lib/container.d.ts@8.4.47'. ========
======== Resolving module './document.js' from '/Users/sherrychang/Documents/viridis-extension/node_modules/postcss/lib/root.d.ts'. ========
Resolution for module './document.js' was found in cache from location '/Users/sherrychang/Documents/viridis-extension/node_modules/postcss/lib'.
======== Module name './document.js' was successfully resolved to '/Users/sherrychang/Documents/viridis-extension/node_modules/postcss/lib/document.d.ts' with Package ID 'postcss/lib/document.d.ts@8.4.47'. ========
======== Resolving module './postcss.js' from '/Users/sherrychang/Documents/viridis-extension/node_modules/postcss/lib/root.d.ts'. ========
Resolution for module './postcss.js' was found in cache from location '/Users/sherrychang/Documents/viridis-extension/node_modules/postcss/lib'.
======== Module name './postcss.js' was successfully resolved to '/Users/sherrychang/Documents/viridis-extension/node_modules/postcss/lib/postcss.d.ts' with Package ID 'postcss/lib/postcss.d.ts@8.4.47'. ========
======== Resolving module './result.js' from '/Users/sherrychang/Documents/viridis-extension/node_modules/postcss/lib/root.d.ts'. ========
Resolution for module './result.js' was found in cache from location '/Users/sherrychang/Documents/viridis-extension/node_modules/postcss/lib'.
======== Module name './result.js' was successfully resolved to '/Users/sherrychang/Documents/viridis-extension/node_modules/postcss/lib/result.d.ts' with Package ID 'postcss/lib/result.d.ts@8.4.47'. ========
File '/Users/sherrychang/Documents/viridis-extension/node_modules/postcss/lib/package.json' does not exist according to earlier cached lookups.
File '/Users/sherrychang/Documents/viridis-extension/node_modules/postcss/package.json' exists according to earlier cached lookups.
======== Resolving module './css-syntax-error.js' from '/Users/sherrychang/Documents/viridis-extension/node_modules/postcss/lib/warning.d.ts'. ========
Resolution for module './css-syntax-error.js' was found in cache from location '/Users/sherrychang/Documents/viridis-extension/node_modules/postcss/lib'.
======== Module name './css-syntax-error.js' was successfully resolved to '/Users/sherrychang/Documents/viridis-extension/node_modules/postcss/lib/css-syntax-error.d.ts' with Package ID 'postcss/lib/css-syntax-error.d.ts@8.4.47'. ========
======== Resolving module './node.js' from '/Users/sherrychang/Documents/viridis-extension/node_modules/postcss/lib/warning.d.ts'. ========
Resolution for module './node.js' was found in cache from location '/Users/sherrychang/Documents/viridis-extension/node_modules/postcss/lib'.
======== Module name './node.js' was successfully resolved to '/Users/sherrychang/Documents/viridis-extension/node_modules/postcss/lib/node.d.ts' with Package ID 'postcss/lib/node.d.ts@8.4.47'. ========
File '/Users/sherrychang/Documents/viridis-extension/node_modules/postcss/lib/package.json' does not exist according to earlier cached lookups.
File '/Users/sherrychang/Documents/viridis-extension/node_modules/postcss/package.json' exists according to earlier cached lookups.
======== Resolving module './lazy-result.js' from '/Users/sherrychang/Documents/viridis-extension/node_modules/postcss/lib/no-work-result.d.ts'. ========
Resolution for module './lazy-result.js' was found in cache from location '/Users/sherrychang/Documents/viridis-extension/node_modules/postcss/lib'.
======== Module name './lazy-result.js' was successfully resolved to '/Users/sherrychang/Documents/viridis-extension/node_modules/postcss/lib/lazy-result.d.ts' with Package ID 'postcss/lib/lazy-result.d.ts@8.4.47'. ========
======== Resolving module './postcss.js' from '/Users/sherrychang/Documents/viridis-extension/node_modules/postcss/lib/no-work-result.d.ts'. ========
Resolution for module './postcss.js' was found in cache from location '/Users/sherrychang/Documents/viridis-extension/node_modules/postcss/lib'.
======== Module name './postcss.js' was successfully resolved to '/Users/sherrychang/Documents/viridis-extension/node_modules/postcss/lib/postcss.d.ts' with Package ID 'postcss/lib/postcss.d.ts@8.4.47'. ========
======== Resolving module './processor.js' from '/Users/sherrychang/Documents/viridis-extension/node_modules/postcss/lib/no-work-result.d.ts'. ========
Resolution for module './processor.js' was found in cache from location '/Users/sherrychang/Documents/viridis-extension/node_modules/postcss/lib'.
======== Module name './processor.js' was successfully resolved to '/Users/sherrychang/Documents/viridis-extension/node_modules/postcss/lib/processor.d.ts' with Package ID 'postcss/lib/processor.d.ts@8.4.47'. ========
======== Resolving module './result.js' from '/Users/sherrychang/Documents/viridis-extension/node_modules/postcss/lib/no-work-result.d.ts'. ========
Resolution for module './result.js' was found in cache from location '/Users/sherrychang/Documents/viridis-extension/node_modules/postcss/lib'.
======== Module name './result.js' was successfully resolved to '/Users/sherrychang/Documents/viridis-extension/node_modules/postcss/lib/result.d.ts' with Package ID 'postcss/lib/result.d.ts@8.4.47'. ========
======== Resolving module './root.js' from '/Users/sherrychang/Documents/viridis-extension/node_modules/postcss/lib/no-work-result.d.ts'. ========
Resolution for module './root.js' was found in cache from location '/Users/sherrychang/Documents/viridis-extension/node_modules/postcss/lib'.
======== Module name './root.js' was successfully resolved to '/Users/sherrychang/Documents/viridis-extension/node_modules/postcss/lib/root.d.ts' with Package ID 'postcss/lib/root.d.ts@8.4.47'. ========
======== Resolving module './warning.js' from '/Users/sherrychang/Documents/viridis-extension/node_modules/postcss/lib/no-work-result.d.ts'. ========
Resolution for module './warning.js' was found in cache from location '/Users/sherrychang/Documents/viridis-extension/node_modules/postcss/lib'.
======== Module name './warning.js' was successfully resolved to '/Users/sherrychang/Documents/viridis-extension/node_modules/postcss/lib/warning.d.ts' with Package ID 'postcss/lib/warning.d.ts@8.4.47'. ========
File '/Users/sherrychang/Documents/viridis-extension/node_modules/postcss/lib/package.json' does not exist according to earlier cached lookups.
File '/Users/sherrychang/Documents/viridis-extension/node_modules/postcss/package.json' exists according to earlier cached lookups.
======== Resolving module './container.js' from '/Users/sherrychang/Documents/viridis-extension/node_modules/postcss/lib/rule.d.ts'. ========
Resolution for module './container.js' was found in cache from location '/Users/sherrychang/Documents/viridis-extension/node_modules/postcss/lib'.
======== Module name './container.js' was successfully resolved to '/Users/sherrychang/Documents/viridis-extension/node_modules/postcss/lib/container.d.ts' with Package ID 'postcss/lib/container.d.ts@8.4.47'. ========
File '/Users/sherrychang/Documents/viridis-extension/node_modules/postcss/lib/package.json' does not exist according to earlier cached lookups.
File '/Users/sherrychang/Documents/viridis-extension/node_modules/postcss/package.json' exists according to earlier cached lookups.
File '/Users/sherrychang/Documents/viridis-extension/node_modules/vite/dist/node/package.json' does not exist according to earlier cached lookups.
File '/Users/sherrychang/Documents/viridis-extension/node_modules/vite/dist/package.json' does not exist according to earlier cached lookups.
File '/Users/sherrychang/Documents/viridis-extension/node_modules/vite/package.json' exists according to earlier cached lookups.
======== Resolving module './types.d-aGj9QkWt.js' from '/Users/sherrychang/Documents/viridis-extension/node_modules/vite/dist/node/runtime.d.ts'. ========
Resolution for module './types.d-aGj9QkWt.js' was found in cache from location '/Users/sherrychang/Documents/viridis-extension/node_modules/vite/dist/node'.
======== Module name './types.d-aGj9QkWt.js' was successfully resolved to '/Users/sherrychang/Documents/viridis-extension/node_modules/vite/dist/node/types.d-aGj9QkWt.d.ts' with Package ID 'vite/dist/node/types.d-aGj9QkWt.d.ts@5.4.8'. ========
======== Resolving module '../../types/hot.js' from '/Users/sherrychang/Documents/viridis-extension/node_modules/vite/dist/node/runtime.d.ts'. ========
Resolution for module '../../types/hot.js' was found in cache from location '/Users/sherrychang/Documents/viridis-extension/node_modules/vite/dist/node'.
======== Module name '../../types/hot.js' was successfully resolved to '/Users/sherrychang/Documents/viridis-extension/node_modules/vite/types/hot.d.ts' with Package ID 'vite/types/hot.d.ts@5.4.8'. ========
======== Resolving module '../../types/hmrPayload.js' from '/Users/sherrychang/Documents/viridis-extension/node_modules/vite/dist/node/runtime.d.ts'. ========
Resolution for module '../../types/hmrPayload.js' was found in cache from location '/Users/sherrychang/Documents/viridis-extension/node_modules/vite/dist/node'.
======== Module name '../../types/hmrPayload.js' was successfully resolved to '/Users/sherrychang/Documents/viridis-extension/node_modules/vite/types/hmrPayload.d.ts' with Package ID 'vite/types/hmrPayload.d.ts@5.4.8'. ========
======== Resolving module '../../types/customEvent.js' from '/Users/sherrychang/Documents/viridis-extension/node_modules/vite/dist/node/runtime.d.ts'. ========
Resolution for module '../../types/customEvent.js' was found in cache from location '/Users/sherrychang/Documents/viridis-extension/node_modules/vite/dist/node'.
======== Module name '../../types/customEvent.js' was successfully resolved to '/Users/sherrychang/Documents/viridis-extension/node_modules/vite/types/customEvent.d.ts' with Package ID 'vite/types/customEvent.d.ts@5.4.8'. ========
File '/Users/sherrychang/Documents/viridis-extension/node_modules/vite/types/package.json' exists according to earlier cached lookups.
======== Resolving module 'rollup' from '/Users/sherrychang/Documents/viridis-extension/node_modules/vite/types/metadata.d.ts'. ========
Explicitly specified module resolution kind: 'Bundler'.
Resolving in CJS mode with conditions 'import', 'types'.
File '/Users/sherrychang/Documents/viridis-extension/node_modules/vite/types/package.json' exists according to earlier cached lookups.
Loading module 'rollup' from 'node_modules' folder, target file types: TypeScript, JavaScript, Declaration, JSON.
Searching all ancestor node_modules directories for preferred extensions: TypeScript, Declaration.
Directory '/Users/sherrychang/Documents/viridis-extension/node_modules/vite/types/node_modules' does not exist, skipping all lookups in it.
Directory '/Users/sherrychang/Documents/viridis-extension/node_modules/vite/node_modules' does not exist, skipping all lookups in it.
File '/Users/sherrychang/Documents/viridis-extension/node_modules/rollup/package.json' exists according to earlier cached lookups.
Entering conditional exports.
Matched 'exports' condition 'types'.
Using 'exports' subpath '.' with target './dist/rollup.d.ts'.
File '/Users/sherrychang/Documents/viridis-extension/node_modules/rollup/dist/rollup.d.ts' exists - use it as a name resolution result.
Resolved under condition 'types'.
Exiting conditional exports.
Resolving real path for '/Users/sherrychang/Documents/viridis-extension/node_modules/rollup/dist/rollup.d.ts', result '/Users/sherrychang/Documents/viridis-extension/node_modules/rollup/dist/rollup.d.ts'.
======== Module name 'rollup' was successfully resolved to '/Users/sherrychang/Documents/viridis-extension/node_modules/rollup/dist/rollup.d.ts' with Package ID 'rollup/dist/rollup.d.ts@4.24.0'. ========
File '/Users/sherrychang/Documents/viridis-extension/node_modules/vite-node/dist/package.json' does not exist.
File '/Users/sherrychang/Documents/viridis-extension/node_modules/vite-node/package.json' exists according to earlier cached lookups.
======== Resolving module './index-O2IrwHKf.js' from '/Users/sherrychang/Documents/viridis-extension/node_modules/vite-node/dist/index.d.ts'. ========
Explicitly specified module resolution kind: 'Bundler'.
Resolving in CJS mode with conditions 'import', 'types'.
Loading module as file / folder, candidate module location '/Users/sherrychang/Documents/viridis-extension/node_modules/vite-node/dist/index-O2IrwHKf.js', target file types: TypeScript, JavaScript, Declaration, JSON.
File name '/Users/sherrychang/Documents/viridis-extension/node_modules/vite-node/dist/index-O2IrwHKf.js' has a '.js' extension - stripping it.
File '/Users/sherrychang/Documents/viridis-extension/node_modules/vite-node/dist/index-O2IrwHKf.ts' does not exist.
File '/Users/sherrychang/Documents/viridis-extension/node_modules/vite-node/dist/index-O2IrwHKf.tsx' does not exist.
File '/Users/sherrychang/Documents/viridis-extension/node_modules/vite-node/dist/index-O2IrwHKf.d.ts' exists - use it as a name resolution result.
File '/Users/sherrychang/Documents/viridis-extension/node_modules/vite-node/package.json' exists according to earlier cached lookups.
======== Module name './index-O2IrwHKf.js' was successfully resolved to '/Users/sherrychang/Documents/viridis-extension/node_modules/vite-node/dist/index-O2IrwHKf.d.ts' with Package ID 'vite-node/dist/index-O2IrwHKf.d.ts@1.6.1'. ========
======== Resolving module './trace-mapping.d-xyIfZtPm.js' from '/Users/sherrychang/Documents/viridis-extension/node_modules/vite-node/dist/index.d.ts'. ========
Explicitly specified module resolution kind: 'Bundler'.
Resolving in CJS mode with conditions 'import', 'types'.
Loading module as file / folder, candidate module location '/Users/sherrychang/Documents/viridis-extension/node_modules/vite-node/dist/trace-mapping.d-xyIfZtPm.js', target file types: TypeScript, JavaScript, Declaration, JSON.
File name '/Users/sherrychang/Documents/viridis-extension/node_modules/vite-node/dist/trace-mapping.d-xyIfZtPm.js' has a '.js' extension - stripping it.
File '/Users/sherrychang/Documents/viridis-extension/node_modules/vite-node/dist/trace-mapping.d-xyIfZtPm.ts' does not exist.
File '/Users/sherrychang/Documents/viridis-extension/node_modules/vite-node/dist/trace-mapping.d-xyIfZtPm.tsx' does not exist.
File '/Users/sherrychang/Documents/viridis-extension/node_modules/vite-node/dist/trace-mapping.d-xyIfZtPm.d.ts' exists - use it as a name resolution result.
File '/Users/sherrychang/Documents/viridis-extension/node_modules/vite-node/package.json' exists according to earlier cached lookups.
======== Module name './trace-mapping.d-xyIfZtPm.js' was successfully resolved to '/Users/sherrychang/Documents/viridis-extension/node_modules/vite-node/dist/trace-mapping.d-xyIfZtPm.d.ts' with Package ID 'vite-node/dist/trace-mapping.d-xyIfZtPm.d.ts@1.6.1'. ========
File '/Users/sherrychang/Documents/viridis-extension/node_modules/vite-node/dist/package.json' does not exist according to earlier cached lookups.
File '/Users/sherrychang/Documents/viridis-extension/node_modules/vite-node/package.json' exists according to earlier cached lookups.
======== Resolving module './trace-mapping.d-xyIfZtPm.js' from '/Users/sherrychang/Documents/viridis-extension/node_modules/vite-node/dist/index-O2IrwHKf.d.ts'. ========
Resolution for module './trace-mapping.d-xyIfZtPm.js' was found in cache from location '/Users/sherrychang/Documents/viridis-extension/node_modules/vite-node/dist'.
======== Module name './trace-mapping.d-xyIfZtPm.js' was successfully resolved to '/Users/sherrychang/Documents/viridis-extension/node_modules/vite-node/dist/trace-mapping.d-xyIfZtPm.d.ts' with Package ID 'vite-node/dist/trace-mapping.d-xyIfZtPm.d.ts@1.6.1'. ========
File '/Users/sherrychang/Documents/viridis-extension/node_modules/vite-node/dist/package.json' does not exist according to earlier cached lookups.
File '/Users/sherrychang/Documents/viridis-extension/node_modules/vite-node/package.json' exists according to earlier cached lookups.
File '/Users/sherrychang/Documents/viridis-extension/node_modules/@vitest/snapshot/dist/package.json' does not exist.
File '/Users/sherrychang/Documents/viridis-extension/node_modules/@vitest/snapshot/package.json' exists according to earlier cached lookups.
======== Resolving module './index-S94ASl6q.js' from '/Users/sherrychang/Documents/viridis-extension/node_modules/@vitest/snapshot/dist/index.d.ts'. ========
Explicitly specified module resolution kind: 'Bundler'.
Resolving in CJS mode with conditions 'import', 'types'.
Loading module as file / folder, candidate module location '/Users/sherrychang/Documents/viridis-extension/node_modules/@vitest/snapshot/dist/index-S94ASl6q.js', target file types: TypeScript, JavaScript, Declaration, JSON.
File name '/Users/sherrychang/Documents/viridis-extension/node_modules/@vitest/snapshot/dist/index-S94ASl6q.js' has a '.js' extension - stripping it.
File '/Users/sherrychang/Documents/viridis-extension/node_modules/@vitest/snapshot/dist/index-S94ASl6q.ts' does not exist.
File '/Users/sherrychang/Documents/viridis-extension/node_modules/@vitest/snapshot/dist/index-S94ASl6q.tsx' does not exist.
File '/Users/sherrychang/Documents/viridis-extension/node_modules/@vitest/snapshot/dist/index-S94ASl6q.d.ts' exists - use it as a name resolution result.
File '/Users/sherrychang/Documents/viridis-extension/node_modules/@vitest/snapshot/package.json' exists according to earlier cached lookups.
======== Module name './index-S94ASl6q.js' was successfully resolved to '/Users/sherrychang/Documents/viridis-extension/node_modules/@vitest/snapshot/dist/index-S94ASl6q.d.ts' with Package ID '@vitest/snapshot/dist/index-S94ASl6q.d.ts@1.6.1'. ========
======== Resolving module './environment-cMiGIVXz.js' from '/Users/sherrychang/Documents/viridis-extension/node_modules/@vitest/snapshot/dist/index.d.ts'. ========
Explicitly specified module resolution kind: 'Bundler'.
Resolving in CJS mode with conditions 'import', 'types'.
Loading module as file / folder, candidate module location '/Users/sherrychang/Documents/viridis-extension/node_modules/@vitest/snapshot/dist/environment-cMiGIVXz.js', target file types: TypeScript, JavaScript, Declaration, JSON.
File name '/Users/sherrychang/Documents/viridis-extension/node_modules/@vitest/snapshot/dist/environment-cMiGIVXz.js' has a '.js' extension - stripping it.
File '/Users/sherrychang/Documents/viridis-extension/node_modules/@vitest/snapshot/dist/environment-cMiGIVXz.ts' does not exist.
File '/Users/sherrychang/Documents/viridis-extension/node_modules/@vitest/snapshot/dist/environment-cMiGIVXz.tsx' does not exist.
File '/Users/sherrychang/Documents/viridis-extension/node_modules/@vitest/snapshot/dist/environment-cMiGIVXz.d.ts' exists - use it as a name resolution result.
File '/Users/sherrychang/Documents/viridis-extension/node_modules/@vitest/snapshot/package.json' exists according to earlier cached lookups.
======== Module name './environment-cMiGIVXz.js' was successfully resolved to '/Users/sherrychang/Documents/viridis-extension/node_modules/@vitest/snapshot/dist/environment-cMiGIVXz.d.ts' with Package ID '@vitest/snapshot/dist/environment-cMiGIVXz.d.ts@1.6.1'. ========
======== Resolving module 'pretty-format' from '/Users/sherrychang/Documents/viridis-extension/node_modules/@vitest/snapshot/dist/index.d.ts'. ========
Explicitly specified module resolution kind: 'Bundler'.
Resolving in CJS mode with conditions 'import', 'types'.
File '/Users/sherrychang/Documents/viridis-extension/node_modules/@vitest/snapshot/dist/package.json' does not exist according to earlier cached lookups.
File '/Users/sherrychang/Documents/viridis-extension/node_modules/@vitest/snapshot/package.json' exists according to earlier cached lookups.
Loading module 'pretty-format' from 'node_modules' folder, target file types: TypeScript, JavaScript, Declaration, JSON.
Searching all ancestor node_modules directories for preferred extensions: TypeScript, Declaration.
Directory '/Users/sherrychang/Documents/viridis-extension/node_modules/@vitest/snapshot/dist/node_modules' does not exist, skipping all lookups in it.
Found 'package.json' at '/Users/sherrychang/Documents/viridis-extension/node_modules/@vitest/snapshot/node_modules/pretty-format/package.json'.
Entering conditional exports.
Matched 'exports' condition 'types'.
Using 'exports' subpath '.' with target './build/index.d.ts'.
File '/Users/sherrychang/Documents/viridis-extension/node_modules/@vitest/snapshot/node_modules/pretty-format/build/index.d.ts' exists - use it as a name resolution result.
'package.json' does not have a 'peerDependencies' field.
Resolved under condition 'types'.
Exiting conditional exports.
Resolving real path for '/Users/sherrychang/Documents/viridis-extension/node_modules/@vitest/snapshot/node_modules/pretty-format/build/index.d.ts', result '/Users/sherrychang/Documents/viridis-extension/node_modules/@vitest/snapshot/node_modules/pretty-format/build/index.d.ts'.
======== Module name 'pretty-format' was successfully resolved to '/Users/sherrychang/Documents/viridis-extension/node_modules/@vitest/snapshot/node_modules/pretty-format/build/index.d.ts' with Package ID 'pretty-format/build/index.d.ts@29.7.0'. ========
File '/Users/sherrychang/Documents/viridis-extension/node_modules/@vitest/snapshot/dist/package.json' does not exist according to earlier cached lookups.
File '/Users/sherrychang/Documents/viridis-extension/node_modules/@vitest/snapshot/package.json' exists according to earlier cached lookups.
======== Resolving module 'pretty-format' from '/Users/sherrychang/Documents/viridis-extension/node_modules/@vitest/snapshot/dist/index-S94ASl6q.d.ts'. ========
Resolution for module 'pretty-format' was found in cache from location '/Users/sherrychang/Documents/viridis-extension/node_modules/@vitest/snapshot/dist'.
======== Module name 'pretty-format' was successfully resolved to '/Users/sherrychang/Documents/viridis-extension/node_modules/@vitest/snapshot/node_modules/pretty-format/build/index.d.ts' with Package ID 'pretty-format/build/index.d.ts@29.7.0'. ========
======== Resolving module './environment-cMiGIVXz.js' from '/Users/sherrychang/Documents/viridis-extension/node_modules/@vitest/snapshot/dist/index-S94ASl6q.d.ts'. ========
Resolution for module './environment-cMiGIVXz.js' was found in cache from location '/Users/sherrychang/Documents/viridis-extension/node_modules/@vitest/snapshot/dist'.
======== Module name './environment-cMiGIVXz.js' was successfully resolved to '/Users/sherrychang/Documents/viridis-extension/node_modules/@vitest/snapshot/dist/environment-cMiGIVXz.d.ts' with Package ID '@vitest/snapshot/dist/environment-cMiGIVXz.d.ts@1.6.1'. ========
File '/Users/sherrychang/Documents/viridis-extension/node_modules/@vitest/snapshot/node_modules/pretty-format/build/package.json' does not exist.
File '/Users/sherrychang/Documents/viridis-extension/node_modules/@vitest/snapshot/node_modules/pretty-format/package.json' exists according to earlier cached lookups.
File '/Users/sherrychang/Documents/viridis-extension/node_modules/@vitest/snapshot/dist/package.json' does not exist according to earlier cached lookups.
File '/Users/sherrychang/Documents/viridis-extension/node_modules/@vitest/snapshot/package.json' exists according to earlier cached lookups.
File '/Users/sherrychang/Documents/viridis-extension/node_modules/@vitest/expect/package.json' exists according to earlier cached lookups.
======== Resolving module './dist/chai.cjs' from '/Users/sherrychang/Documents/viridis-extension/node_modules/@vitest/expect/index.d.ts'. ========
Explicitly specified module resolution kind: 'Bundler'.
Resolving in CJS mode with conditions 'import', 'types'.
Loading module as file / folder, candidate module location '/Users/sherrychang/Documents/viridis-extension/node_modules/@vitest/expect/dist/chai.cjs', target file types: TypeScript, JavaScript, Declaration, JSON.
File name '/Users/sherrychang/Documents/viridis-extension/node_modules/@vitest/expect/dist/chai.cjs' has a '.cjs' extension - stripping it.
File '/Users/sherrychang/Documents/viridis-extension/node_modules/@vitest/expect/dist/chai.cts' does not exist.
File '/Users/sherrychang/Documents/viridis-extension/node_modules/@vitest/expect/dist/chai.d.cts' exists - use it as a name resolution result.
File '/Users/sherrychang/Documents/viridis-extension/node_modules/@vitest/expect/package.json' exists according to earlier cached lookups.
======== Module name './dist/chai.cjs' was successfully resolved to '/Users/sherrychang/Documents/viridis-extension/node_modules/@vitest/expect/dist/chai.d.cts' with Package ID '@vitest/expect/dist/chai.d.cts@1.6.1'. ========
======== Resolving module './dist/index.js' from '/Users/sherrychang/Documents/viridis-extension/node_modules/@vitest/expect/index.d.ts'. ========
Explicitly specified module resolution kind: 'Bundler'.
Resolving in CJS mode with conditions 'import', 'types'.
Loading module as file / folder, candidate module location '/Users/sherrychang/Documents/viridis-extension/node_modules/@vitest/expect/dist/index.js', target file types: TypeScript, JavaScript, Declaration, JSON.
File name '/Users/sherrychang/Documents/viridis-extension/node_modules/@vitest/expect/dist/index.js' has a '.js' extension - stripping it.
File '/Users/sherrychang/Documents/viridis-extension/node_modules/@vitest/expect/dist/index.ts' does not exist.
File '/Users/sherrychang/Documents/viridis-extension/node_modules/@vitest/expect/dist/index.tsx' does not exist.
File '/Users/sherrychang/Documents/viridis-extension/node_modules/@vitest/expect/dist/index.d.ts' exists - use it as a name resolution result.
File '/Users/sherrychang/Documents/viridis-extension/node_modules/@vitest/expect/package.json' exists according to earlier cached lookups.
======== Module name './dist/index.js' was successfully resolved to '/Users/sherrychang/Documents/viridis-extension/node_modules/@vitest/expect/dist/index.d.ts' with Package ID '@vitest/expect/dist/index.d.ts@1.6.1'. ========
File '/Users/sherrychang/Documents/viridis-extension/node_modules/@vitest/expect/dist/package.json' does not exist.
File '/Users/sherrychang/Documents/viridis-extension/node_modules/@vitest/expect/package.json' exists according to earlier cached lookups.
======== Resolving module '@vitest/utils' from '/Users/sherrychang/Documents/viridis-extension/node_modules/@vitest/expect/dist/index.d.ts'. ========
Explicitly specified module resolution kind: 'Bundler'.
Resolving in CJS mode with conditions 'import', 'types'.
File '/Users/sherrychang/Documents/viridis-extension/node_modules/@vitest/expect/dist/package.json' does not exist according to earlier cached lookups.
File '/Users/sherrychang/Documents/viridis-extension/node_modules/@vitest/expect/package.json' exists according to earlier cached lookups.
Loading module '@vitest/utils' from 'node_modules' folder, target file types: TypeScript, JavaScript, Declaration, JSON.
Searching all ancestor node_modules directories for preferred extensions: TypeScript, Declaration.
Directory '/Users/sherrychang/Documents/viridis-extension/node_modules/@vitest/expect/dist/node_modules' does not exist, skipping all lookups in it.
Scoped package detected, looking in 'vitest__utils'
Directory '/Users/sherrychang/Documents/viridis-extension/node_modules/@vitest/expect/node_modules' does not exist, skipping all lookups in it.
Scoped package detected, looking in 'vitest__utils'
Directory '/Users/sherrychang/Documents/viridis-extension/node_modules/@vitest/node_modules' does not exist, skipping all lookups in it.
Scoped package detected, looking in 'vitest__utils'
File '/Users/sherrychang/Documents/viridis-extension/node_modules/@vitest/utils/package.json' exists according to earlier cached lookups.
Entering conditional exports.
Matched 'exports' condition 'types'.
Using 'exports' subpath '.' with target './dist/index.d.ts'.
File '/Users/sherrychang/Documents/viridis-extension/node_modules/@vitest/utils/dist/index.d.ts' exists - use it as a name resolution result.
Resolved under condition 'types'.
Exiting conditional exports.
Resolving real path for '/Users/sherrychang/Documents/viridis-extension/node_modules/@vitest/utils/dist/index.d.ts', result '/Users/sherrychang/Documents/viridis-extension/node_modules/@vitest/utils/dist/index.d.ts'.
======== Module name '@vitest/utils' was successfully resolved to '/Users/sherrychang/Documents/viridis-extension/node_modules/@vitest/utils/dist/index.d.ts' with Package ID '@vitest/utils/dist/index.d.ts@1.6.1'. ========
======== Resolving module '@vitest/utils/diff' from '/Users/sherrychang/Documents/viridis-extension/node_modules/@vitest/expect/dist/index.d.ts'. ========
Explicitly specified module resolution kind: 'Bundler'.
Resolving in CJS mode with conditions 'import', 'types'.
File '/Users/sherrychang/Documents/viridis-extension/node_modules/@vitest/expect/dist/package.json' does not exist according to earlier cached lookups.
File '/Users/sherrychang/Documents/viridis-extension/node_modules/@vitest/expect/package.json' exists according to earlier cached lookups.
Loading module '@vitest/utils/diff' from 'node_modules' folder, target file types: TypeScript, JavaScript, Declaration, JSON.
Searching all ancestor node_modules directories for preferred extensions: TypeScript, Declaration.
Directory '/Users/sherrychang/Documents/viridis-extension/node_modules/@vitest/expect/dist/node_modules' does not exist, skipping all lookups in it.
Scoped package detected, looking in 'vitest__utils/diff'
Directory '/Users/sherrychang/Documents/viridis-extension/node_modules/@vitest/expect/node_modules' does not exist, skipping all lookups in it.
Scoped package detected, looking in 'vitest__utils/diff'
Directory '/Users/sherrychang/Documents/viridis-extension/node_modules/@vitest/node_modules' does not exist, skipping all lookups in it.
Scoped package detected, looking in 'vitest__utils/diff'
File '/Users/sherrychang/Documents/viridis-extension/node_modules/@vitest/utils/package.json' exists according to earlier cached lookups.
Entering conditional exports.
Matched 'exports' condition 'types'.
Using 'exports' subpath './diff' with target './dist/diff.d.ts'.
File '/Users/sherrychang/Documents/viridis-extension/node_modules/@vitest/utils/dist/diff.d.ts' exists - use it as a name resolution result.
Resolved under condition 'types'.
Exiting conditional exports.
Resolving real path for '/Users/sherrychang/Documents/viridis-extension/node_modules/@vitest/utils/dist/diff.d.ts', result '/Users/sherrychang/Documents/viridis-extension/node_modules/@vitest/utils/dist/diff.d.ts'.
======== Module name '@vitest/utils/diff' was successfully resolved to '/Users/sherrychang/Documents/viridis-extension/node_modules/@vitest/utils/dist/diff.d.ts' with Package ID '@vitest/utils/dist/diff.d.ts@1.6.1'. ========
File '/Users/sherrychang/Documents/viridis-extension/node_modules/tinybench/dist/package.json' does not exist.
File '/Users/sherrychang/Documents/viridis-extension/node_modules/tinybench/package.json' exists according to earlier cached lookups.
File '/Users/sherrychang/Documents/viridis-extension/node_modules/vite-node/dist/package.json' does not exist according to earlier cached lookups.
File '/Users/sherrychang/Documents/viridis-extension/node_modules/vite-node/package.json' exists according to earlier cached lookups.
======== Resolving module './index-O2IrwHKf.js' from '/Users/sherrychang/Documents/viridis-extension/node_modules/vite-node/dist/client.d.ts'. ========
Resolution for module './index-O2IrwHKf.js' was found in cache from location '/Users/sherrychang/Documents/viridis-extension/node_modules/vite-node/dist'.
======== Module name './index-O2IrwHKf.js' was successfully resolved to '/Users/sherrychang/Documents/viridis-extension/node_modules/vite-node/dist/index-O2IrwHKf.d.ts' with Package ID 'vite-node/dist/index-O2IrwHKf.d.ts@1.6.1'. ========
======== Resolving module './trace-mapping.d-xyIfZtPm.js' from '/Users/sherrychang/Documents/viridis-extension/node_modules/vite-node/dist/client.d.ts'. ========
Resolution for module './trace-mapping.d-xyIfZtPm.js' was found in cache from location '/Users/sherrychang/Documents/viridis-extension/node_modules/vite-node/dist'.
======== Module name './trace-mapping.d-xyIfZtPm.js' was successfully resolved to '/Users/sherrychang/Documents/viridis-extension/node_modules/vite-node/dist/trace-mapping.d-xyIfZtPm.d.ts' with Package ID 'vite-node/dist/trace-mapping.d-xyIfZtPm.d.ts@1.6.1'. ========
File '/Users/sherrychang/Documents/viridis-extension/node_modules/@vitest/snapshot/dist/package.json' does not exist according to earlier cached lookups.
File '/Users/sherrychang/Documents/viridis-extension/node_modules/@vitest/snapshot/package.json' exists according to earlier cached lookups.
======== Resolving module './index-S94ASl6q.js' from '/Users/sherrychang/Documents/viridis-extension/node_modules/@vitest/snapshot/dist/manager.d.ts'. ========
Resolution for module './index-S94ASl6q.js' was found in cache from location '/Users/sherrychang/Documents/viridis-extension/node_modules/@vitest/snapshot/dist'.
======== Module name './index-S94ASl6q.js' was successfully resolved to '/Users/sherrychang/Documents/viridis-extension/node_modules/@vitest/snapshot/dist/index-S94ASl6q.d.ts' with Package ID '@vitest/snapshot/dist/index-S94ASl6q.d.ts@1.6.1'. ========
======== Resolving module 'pretty-format' from '/Users/sherrychang/Documents/viridis-extension/node_modules/@vitest/snapshot/dist/manager.d.ts'. ========
Resolution for module 'pretty-format' was found in cache from location '/Users/sherrychang/Documents/viridis-extension/node_modules/@vitest/snapshot/dist'.
======== Module name 'pretty-format' was successfully resolved to '/Users/sherrychang/Documents/viridis-extension/node_modules/@vitest/snapshot/node_modules/pretty-format/build/index.d.ts' with Package ID 'pretty-format/build/index.d.ts@29.7.0'. ========
======== Resolving module './environment-cMiGIVXz.js' from '/Users/sherrychang/Documents/viridis-extension/node_modules/@vitest/snapshot/dist/manager.d.ts'. ========
Resolution for module './environment-cMiGIVXz.js' was found in cache from location '/Users/sherrychang/Documents/viridis-extension/node_modules/@vitest/snapshot/dist'.
======== Module name './environment-cMiGIVXz.js' was successfully resolved to '/Users/sherrychang/Documents/viridis-extension/node_modules/@vitest/snapshot/dist/environment-cMiGIVXz.d.ts' with Package ID '@vitest/snapshot/dist/environment-cMiGIVXz.d.ts@1.6.1'. ========
File '/Users/sherrychang/Documents/viridis-extension/node_modules/vite-node/dist/package.json' does not exist according to earlier cached lookups.
File '/Users/sherrychang/Documents/viridis-extension/node_modules/vite-node/package.json' exists according to earlier cached lookups.
======== Resolving module 'vite' from '/Users/sherrychang/Documents/viridis-extension/node_modules/vite-node/dist/server.d.ts'. ========
Explicitly specified module resolution kind: 'Bundler'.
Resolving in CJS mode with conditions 'import', 'types'.
File '/Users/sherrychang/Documents/viridis-extension/node_modules/vite-node/dist/package.json' does not exist according to earlier cached lookups.
File '/Users/sherrychang/Documents/viridis-extension/node_modules/vite-node/package.json' exists according to earlier cached lookups.
Loading module 'vite' from 'node_modules' folder, target file types: TypeScript, JavaScript, Declaration, JSON.
Searching all ancestor node_modules directories for preferred extensions: TypeScript, Declaration.
Directory '/Users/sherrychang/Documents/viridis-extension/node_modules/vite-node/dist/node_modules' does not exist, skipping all lookups in it.
Directory '/Users/sherrychang/Documents/viridis-extension/node_modules/vite-node/node_modules' does not exist, skipping all lookups in it.
File '/Users/sherrychang/Documents/viridis-extension/node_modules/vite/package.json' exists according to earlier cached lookups.
Entering conditional exports.
Matched 'exports' condition 'import'.
Entering conditional exports.
Matched 'exports' condition 'types'.
Using 'exports' subpath '.' with target './dist/node/index.d.ts'.
File '/Users/sherrychang/Documents/viridis-extension/node_modules/vite/dist/node/index.d.ts' exists - use it as a name resolution result.
Resolved under condition 'types'.
Exiting conditional exports.
Resolved under condition 'import'.
Exiting conditional exports.
Resolving real path for '/Users/sherrychang/Documents/viridis-extension/node_modules/vite/dist/node/index.d.ts', result '/Users/sherrychang/Documents/viridis-extension/node_modules/vite/dist/node/index.d.ts'.
======== Module name 'vite' was successfully resolved to '/Users/sherrychang/Documents/viridis-extension/node_modules/vite/dist/node/index.d.ts' with Package ID 'vite/dist/node/index.d.ts@5.4.8'. ========
======== Resolving module './index-O2IrwHKf.js' from '/Users/sherrychang/Documents/viridis-extension/node_modules/vite-node/dist/server.d.ts'. ========
Resolution for module './index-O2IrwHKf.js' was found in cache from location '/Users/sherrychang/Documents/viridis-extension/node_modules/vite-node/dist'.
======== Module name './index-O2IrwHKf.js' was successfully resolved to '/Users/sherrychang/Documents/viridis-extension/node_modules/vite-node/dist/index-O2IrwHKf.d.ts' with Package ID 'vite-node/dist/index-O2IrwHKf.d.ts@1.6.1'. ========
======== Resolving module './trace-mapping.d-xyIfZtPm.js' from '/Users/sherrychang/Documents/viridis-extension/node_modules/vite-node/dist/server.d.ts'. ========
Resolution for module './trace-mapping.d-xyIfZtPm.js' was found in cache from location '/Users/sherrychang/Documents/viridis-extension/node_modules/vite-node/dist'.
======== Module name './trace-mapping.d-xyIfZtPm.js' was successfully resolved to '/Users/sherrychang/Documents/viridis-extension/node_modules/vite-node/dist/trace-mapping.d-xyIfZtPm.d.ts' with Package ID 'vite-node/dist/trace-mapping.d-xyIfZtPm.d.ts@1.6.1'. ========
File '/Users/sherrychang/Documents/viridis-extension/node_modules/@vitest/spy/dist/package.json' does not exist.
File '/Users/sherrychang/Documents/viridis-extension/node_modules/@vitest/spy/package.json' exists according to earlier cached lookups.
File '/Users/sherrychang/Documents/viridis-extension/node_modules/@vitest/snapshot/dist/package.json' does not exist according to earlier cached lookups.
File '/Users/sherrychang/Documents/viridis-extension/node_modules/@vitest/snapshot/package.json' exists according to earlier cached lookups.
======== Resolving module './environment-cMiGIVXz.js' from '/Users/sherrychang/Documents/viridis-extension/node_modules/@vitest/snapshot/dist/environment.d.ts'. ========
Resolution for module './environment-cMiGIVXz.js' was found in cache from location '/Users/sherrychang/Documents/viridis-extension/node_modules/@vitest/snapshot/dist'.
======== Module name './environment-cMiGIVXz.js' was successfully resolved to '/Users/sherrychang/Documents/viridis-extension/node_modules/@vitest/snapshot/dist/environment-cMiGIVXz.d.ts' with Package ID '@vitest/snapshot/dist/environment-cMiGIVXz.d.ts@1.6.1'. ========
File '/Users/sherrychang/Documents/viridis-extension/node_modules/@testing-library/jest-dom/types/package.json' does not exist according to earlier cached lookups.
File '/Users/sherrychang/Documents/viridis-extension/node_modules/@testing-library/jest-dom/package.json' exists according to earlier cached lookups.
======== Resolving module 'aria-query' from '/Users/sherrychang/Documents/viridis-extension/node_modules/@testing-library/jest-dom/types/matchers.d.ts'. ========
Explicitly specified module resolution kind: 'Bundler'.
Resolving in CJS mode with conditions 'import', 'types'.
File '/Users/sherrychang/Documents/viridis-extension/node_modules/@testing-library/jest-dom/types/package.json' does not exist according to earlier cached lookups.
File '/Users/sherrychang/Documents/viridis-extension/node_modules/@testing-library/jest-dom/package.json' exists according to earlier cached lookups.
Loading module 'aria-query' from 'node_modules' folder, target file types: TypeScript, JavaScript, Declaration, JSON.
Searching all ancestor node_modules directories for preferred extensions: TypeScript, Declaration.
Directory '/Users/sherrychang/Documents/viridis-extension/node_modules/@testing-library/jest-dom/types/node_modules' does not exist, skipping all lookups in it.
File '/Users/sherrychang/Documents/viridis-extension/node_modules/@testing-library/jest-dom/node_modules/aria-query.ts' does not exist.
File '/Users/sherrychang/Documents/viridis-extension/node_modules/@testing-library/jest-dom/node_modules/aria-query.tsx' does not exist.
File '/Users/sherrychang/Documents/viridis-extension/node_modules/@testing-library/jest-dom/node_modules/aria-query.d.ts' does not exist.
Directory '/Users/sherrychang/Documents/viridis-extension/node_modules/@testing-library/jest-dom/node_modules/@types' does not exist, skipping all lookups in it.
Directory '/Users/sherrychang/Documents/viridis-extension/node_modules/@testing-library/node_modules' does not exist, skipping all lookups in it.
Found 'package.json' at '/Users/sherrychang/Documents/viridis-extension/node_modules/aria-query/package.json'.
File '/Users/sherrychang/Documents/viridis-extension/node_modules/aria-query.ts' does not exist.
File '/Users/sherrychang/Documents/viridis-extension/node_modules/aria-query.tsx' does not exist.
File '/Users/sherrychang/Documents/viridis-extension/node_modules/aria-query.d.ts' does not exist.
'package.json' does not have a 'typesVersions' field.
'package.json' does not have a 'typings' field.
'package.json' does not have a 'types' field.
'package.json' has 'main' field 'lib/index.js' that references '/Users/sherrychang/Documents/viridis-extension/node_modules/aria-query/lib/index.js'.
File name '/Users/sherrychang/Documents/viridis-extension/node_modules/aria-query/lib/index.js' has a '.js' extension - stripping it.
File '/Users/sherrychang/Documents/viridis-extension/node_modules/aria-query/lib/index.ts' does not exist.
File '/Users/sherrychang/Documents/viridis-extension/node_modules/aria-query/lib/index.tsx' does not exist.
File '/Users/sherrychang/Documents/viridis-extension/node_modules/aria-query/lib/index.d.ts' does not exist.
Loading module as file / folder, candidate module location '/Users/sherrychang/Documents/viridis-extension/node_modules/aria-query/lib/index.js', target file types: TypeScript, Declaration.
File name '/Users/sherrychang/Documents/viridis-extension/node_modules/aria-query/lib/index.js' has a '.js' extension - stripping it.
File '/Users/sherrychang/Documents/viridis-extension/node_modules/aria-query/lib/index.ts' does not exist.
File '/Users/sherrychang/Documents/viridis-extension/node_modules/aria-query/lib/index.tsx' does not exist.
File '/Users/sherrychang/Documents/viridis-extension/node_modules/aria-query/lib/index.d.ts' does not exist.
File '/Users/sherrychang/Documents/viridis-extension/node_modules/aria-query/lib/index.js.ts' does not exist.
File '/Users/sherrychang/Documents/viridis-extension/node_modules/aria-query/lib/index.js.tsx' does not exist.
File '/Users/sherrychang/Documents/viridis-extension/node_modules/aria-query/lib/index.js.d.ts' does not exist.
Directory '/Users/sherrychang/Documents/viridis-extension/node_modules/aria-query/lib/index.js' does not exist, skipping all lookups in it.
File '/Users/sherrychang/Documents/viridis-extension/node_modules/aria-query/index.ts' does not exist.
File '/Users/sherrychang/Documents/viridis-extension/node_modules/aria-query/index.tsx' does not exist.
File '/Users/sherrychang/Documents/viridis-extension/node_modules/aria-query/index.d.ts' does not exist.
Found 'package.json' at '/Users/sherrychang/Documents/viridis-extension/node_modules/@types/aria-query/package.json'.
File '/Users/sherrychang/Documents/viridis-extension/node_modules/@types/aria-query.d.ts' does not exist.
'package.json' does not have a 'typesVersions' field.
'package.json' does not have a 'typings' field.
'package.json' has 'types' field 'index.d.ts' that references '/Users/sherrychang/Documents/viridis-extension/node_modules/@types/aria-query/index.d.ts'.
File '/Users/sherrychang/Documents/viridis-extension/node_modules/@types/aria-query/index.d.ts' exists - use it as a name resolution result.
'package.json' does not have a 'peerDependencies' field.
Resolving real path for '/Users/sherrychang/Documents/viridis-extension/node_modules/@types/aria-query/index.d.ts', result '/Users/sherrychang/Documents/viridis-extension/node_modules/@types/aria-query/index.d.ts'.
======== Module name 'aria-query' was successfully resolved to '/Users/sherrychang/Documents/viridis-extension/node_modules/@types/aria-query/index.d.ts' with Package ID '@types/aria-query/index.d.ts@5.0.4'. ========
File '/Users/sherrychang/Documents/viridis-extension/node_modules/@types/aria-query/package.json' exists according to earlier cached lookups.
======== Resolving type reference directive 'chrome-types', containing file '/Users/sherrychang/Documents/viridis-extension/src/types/global.d.ts', root directory '/Users/sherrychang/Documents/viridis-extension/node_modules/@types,/Users/sherrychang/Documents/node_modules/@types,/Users/sherrychang/node_modules/@types,/Users/node_modules/@types,/node_modules/@types'. ========
Resolving with primary search path '/Users/sherrychang/Documents/viridis-extension/node_modules/@types, /Users/sherrychang/Documents/node_modules/@types, /Users/sherrychang/node_modules/@types, /Users/node_modules/@types, /node_modules/@types'.
Directory '/Users/sherrychang/Documents/node_modules/@types' does not exist, skipping all lookups in it.
Directory '/Users/node_modules/@types' does not exist, skipping all lookups in it.
Directory '/node_modules/@types' does not exist, skipping all lookups in it.
Looking up in 'node_modules' folder, initial location '/Users/sherrychang/Documents/viridis-extension/src/types'.
Searching all ancestor node_modules directories for preferred extensions: Declaration.
Directory '/Users/sherrychang/Documents/viridis-extension/src/types/node_modules' does not exist, skipping all lookups in it.
Directory '/Users/sherrychang/Documents/viridis-extension/src/node_modules' does not exist, skipping all lookups in it.
Found 'package.json' at '/Users/sherrychang/Documents/viridis-extension/node_modules/chrome-types/package.json'.
File '/Users/sherrychang/Documents/viridis-extension/node_modules/chrome-types.d.ts' does not exist.
'package.json' does not have a 'typesVersions' field.
'package.json' does not have a 'typings' field.
'package.json' has 'types' field 'index.d.ts' that references '/Users/sherrychang/Documents/viridis-extension/node_modules/chrome-types/index.d.ts'.
File '/Users/sherrychang/Documents/viridis-extension/node_modules/chrome-types/index.d.ts' exists - use it as a name resolution result.
'package.json' does not have a 'peerDependencies' field.
Resolving real path for '/Users/sherrychang/Documents/viridis-extension/node_modules/chrome-types/index.d.ts', result '/Users/sherrychang/Documents/viridis-extension/node_modules/chrome-types/index.d.ts'.
======== Type reference directive 'chrome-types' was successfully resolved to '/Users/sherrychang/Documents/viridis-extension/node_modules/chrome-types/index.d.ts' with Package ID 'chrome-types/index.d.ts@0.1.352', primary: false. ========
File '/Users/sherrychang/Documents/viridis-extension/node_modules/chrome-types/package.json' exists according to earlier cached lookups.
======== Resolving module 'react/jsx-runtime' from '/Users/sherrychang/Documents/viridis-extension/manifest.json'. ========
Explicitly specified module resolution kind: 'Bundler'.
Resolving in CJS mode with conditions 'import', 'types'.
File '/Users/sherrychang/Documents/viridis-extension/package.json' exists according to earlier cached lookups.
Loading module 'react/jsx-runtime' from 'node_modules' folder, target file types: TypeScript, JavaScript, Declaration, JSON.
Searching all ancestor node_modules directories for preferred extensions: TypeScript, Declaration.
File '/Users/sherrychang/Documents/viridis-extension/node_modules/react/package.json' exists according to earlier cached lookups.
Using 'exports' subpath './jsx-runtime' with target './jsx-runtime.js'.
File name '/Users/sherrychang/Documents/viridis-extension/node_modules/react/jsx-runtime.js' has a '.js' extension - stripping it.
File '/Users/sherrychang/Documents/viridis-extension/node_modules/react/jsx-runtime.ts' does not exist.
File '/Users/sherrychang/Documents/viridis-extension/node_modules/react/jsx-runtime.tsx' does not exist.
File '/Users/sherrychang/Documents/viridis-extension/node_modules/react/jsx-runtime.d.ts' does not exist.
Export specifier './jsx-runtime' does not exist in package.json scope at path '/Users/sherrychang/Documents/viridis-extension/node_modules/react'.
File '/Users/sherrychang/Documents/viridis-extension/node_modules/@types/react/package.json' exists according to earlier cached lookups.
Entering conditional exports.
Saw non-matching condition 'types@<=5.0'.
Matched 'exports' condition 'types'.
Entering conditional exports.
Matched 'exports' condition 'default'.
Using 'exports' subpath './jsx-runtime' with target './jsx-runtime.d.ts'.
File '/Users/sherrychang/Documents/viridis-extension/node_modules/@types/react/jsx-runtime.d.ts' exists - use it as a name resolution result.
Resolved under condition 'default'.
Exiting conditional exports.
Resolved under condition 'types'.
Exiting conditional exports.
Resolving real path for '/Users/sherrychang/Documents/viridis-extension/node_modules/@types/react/jsx-runtime.d.ts', result '/Users/sherrychang/Documents/viridis-extension/node_modules/@types/react/jsx-runtime.d.ts'.
======== Module name 'react/jsx-runtime' was successfully resolved to '/Users/sherrychang/Documents/viridis-extension/node_modules/@types/react/jsx-runtime.d.ts' with Package ID '@types/react/jsx-runtime.d.ts@18.3.11'. ========
======== Resolving type reference directive 'chrome-types', containing file '/Users/sherrychang/Documents/viridis-extension/__inferred type names__.ts'. ========
Resolution for type reference directive 'chrome-types' was found in cache from location '/Users/sherrychang/Documents/viridis-extension'.
======== Type reference directive 'chrome-types' was successfully resolved to '/Users/sherrychang/Documents/viridis-extension/node_modules/chrome-types/index.d.ts' with Package ID 'chrome-types/index.d.ts@0.1.352', primary: false. ========
======== Resolving type reference directive 'vite/client', containing file '/Users/sherrychang/Documents/viridis-extension/__inferred type names__.ts'. ========
Resolution for type reference directive 'vite/client' was found in cache from location '/Users/sherrychang/Documents/viridis-extension'.
======== Type reference directive 'vite/client' was successfully resolved to '/Users/sherrychang/Documents/viridis-extension/node_modules/vite/client.d.ts' with Package ID 'vite/client.d.ts@5.4.8', primary: false. ========
======== Resolving module '@typescript/lib-dom' from '/Users/sherrychang/Documents/viridis-extension/__lib_node_modules_lookup_lib.dom.d.ts__.ts'. ========
Explicitly specified module resolution kind: 'Node10'.
Loading module '@typescript/lib-dom' from 'node_modules' folder, target file types: TypeScript, Declaration.
Searching all ancestor node_modules directories for preferred extensions: TypeScript, Declaration.
Scoped package detected, looking in 'typescript__lib-dom'
File '/Users/sherrychang/Documents/viridis-extension/node_modules/@types/typescript__lib-dom.d.ts' does not exist.
Directory '/Users/sherrychang/Documents/node_modules' does not exist, skipping all lookups in it.
Scoped package detected, looking in 'typescript__lib-dom'
Scoped package detected, looking in 'typescript__lib-dom'
File '/Users/sherrychang/node_modules/@types/typescript__lib-dom.d.ts' does not exist.
Directory '/Users/node_modules' does not exist, skipping all lookups in it.
Scoped package detected, looking in 'typescript__lib-dom'
Directory '/node_modules' does not exist, skipping all lookups in it.
Scoped package detected, looking in 'typescript__lib-dom'
Loading module '@typescript/lib-dom' from 'node_modules' folder, target file types: JavaScript.
Searching all ancestor node_modules directories for fallback extensions: JavaScript.
Directory '/Users/sherrychang/Documents/node_modules' does not exist, skipping all lookups in it.
Directory '/Users/node_modules' does not exist, skipping all lookups in it.
Directory '/node_modules' does not exist, skipping all lookups in it.
======== Module name '@typescript/lib-dom' was not resolved. ========
File '/Users/sherrychang/Documents/viridis-extension/node_modules/typescript/lib/package.json' does not exist according to earlier cached lookups.
File '/Users/sherrychang/Documents/viridis-extension/node_modules/typescript/package.json' exists according to earlier cached lookups.
======== Resolving module '@typescript/lib-dom/iterable' from '/Users/sherrychang/Documents/viridis-extension/__lib_node_modules_lookup_lib.dom.iterable.d.ts__.ts'. ========
Explicitly specified module resolution kind: 'Node10'.
Loading module '@typescript/lib-dom/iterable' from 'node_modules' folder, target file types: TypeScript, Declaration.
Searching all ancestor node_modules directories for preferred extensions: TypeScript, Declaration.
Scoped package detected, looking in 'typescript__lib-dom/iterable'
Directory '/Users/sherrychang/Documents/node_modules' does not exist, skipping all lookups in it.
Scoped package detected, looking in 'typescript__lib-dom/iterable'
Scoped package detected, looking in 'typescript__lib-dom/iterable'
Directory '/Users/node_modules' does not exist, skipping all lookups in it.
Scoped package detected, looking in 'typescript__lib-dom/iterable'
Directory '/node_modules' does not exist, skipping all lookups in it.
Scoped package detected, looking in 'typescript__lib-dom/iterable'
Loading module '@typescript/lib-dom/iterable' from 'node_modules' folder, target file types: JavaScript.
Searching all ancestor node_modules directories for fallback extensions: JavaScript.
Directory '/Users/sherrychang/Documents/node_modules' does not exist, skipping all lookups in it.
Directory '/Users/node_modules' does not exist, skipping all lookups in it.
Directory '/node_modules' does not exist, skipping all lookups in it.
======== Module name '@typescript/lib-dom/iterable' was not resolved. ========
File '/Users/sherrychang/Documents/viridis-extension/node_modules/typescript/lib/package.json' does not exist according to earlier cached lookups.
File '/Users/sherrychang/Documents/viridis-extension/node_modules/typescript/package.json' exists according to earlier cached lookups.
======== Resolving module '@typescript/lib-webworker' from '/Users/sherrychang/Documents/viridis-extension/__lib_node_modules_lookup_lib.webworker.d.ts__.ts'. ========
Explicitly specified module resolution kind: 'Node10'.
Loading module '@typescript/lib-webworker' from 'node_modules' folder, target file types: TypeScript, Declaration.
Searching all ancestor node_modules directories for preferred extensions: TypeScript, Declaration.
Scoped package detected, looking in 'typescript__lib-webworker'
File '/Users/sherrychang/Documents/viridis-extension/node_modules/@types/typescript__lib-webworker.d.ts' does not exist.
Directory '/Users/sherrychang/Documents/node_modules' does not exist, skipping all lookups in it.
Scoped package detected, looking in 'typescript__lib-webworker'
Scoped package detected, looking in 'typescript__lib-webworker'
File '/Users/sherrychang/node_modules/@types/typescript__lib-webworker.d.ts' does not exist.
Directory '/Users/node_modules' does not exist, skipping all lookups in it.
Scoped package detected, looking in 'typescript__lib-webworker'
Directory '/node_modules' does not exist, skipping all lookups in it.
Scoped package detected, looking in 'typescript__lib-webworker'
Loading module '@typescript/lib-webworker' from 'node_modules' folder, target file types: JavaScript.
Searching all ancestor node_modules directories for fallback extensions: JavaScript.
Directory '/Users/sherrychang/Documents/node_modules' does not exist, skipping all lookups in it.
Directory '/Users/node_modules' does not exist, skipping all lookups in it.
Directory '/node_modules' does not exist, skipping all lookups in it.
======== Module name '@typescript/lib-webworker' was not resolved. ========
File '/Users/sherrychang/Documents/viridis-extension/node_modules/typescript/lib/package.json' does not exist according to earlier cached lookups.
File '/Users/sherrychang/Documents/viridis-extension/node_modules/typescript/package.json' exists according to earlier cached lookups.
src/background/serviceWorker.ts(36,16): error TS2551: Property 'onInstall' does not exist on type 'typeof runtime'. Did you mean 'onInstalled'?
src/content/contentScript.ts(123,5): error TS2769: No overload matches this call.
  The last overload gave the following error.
    Type '(response: any) => void' has no properties in common with type '{ includeTlsChannelId?: boolean | undefined; }'.
src/content/contentScript.ts(123,6): error TS7006: Parameter 'response' implicitly has an 'any' type.
src/content/contentScript.ts(124,26): error TS2339: Property 'lastError' does not exist on type 'typeof runtime'.
src/content/contentScript.ts(125,86): error TS2339: Property 'lastError' does not exist on type 'typeof runtime'.
src/popup/App.tsx(2,30): error TS6133: 'ShoppingBag' is declared but its value is never read.
